axis_column	gene	tahoe_column	tahoe_symbol_copies
0	A1BG	5161	1
1	AAAS	2008	1
2	AACS	1541	1
3	AAGAB	2840	1
4	AAK1	4509	1
5	AAMDC	1754	1
6	AAMP	5950	1
7	AAR2	6381	1
8	AARS2	5552	1
9	AARSD1	48825	1
10	AASDH	10091	1
11	AASDHPPT	9190	1
12	AATF	53309	1
13	ABCB10	7143	1
14	ABCB6	4465	1
15	ABCB7	6422	1
16	ABCB8	17306	1
17	ABCC1	2780	1
18	ABCC4	5620	1
19	ABCC5	4321	1
20	ABCD3	4722	1
21	ABCD4	4938	1
22	ABCE1	11260	1
23	ABCF1	19894	1
24	ABCF2	498	1
25	ABCF3	10580	1
26	ABHD10	8618	1
27	ABHD11	3254	1
28	ABHD12	2421	1
29	ABHD13	7876	1
30	ABHD14A	37719	1
31	ABHD14B	4323	1
32	ABHD16A	19835	1
33	ABHD17A	6188	1
34	ABHD2	7979	1
35	ABHD5	284	1
36	ABI1	7324	1
37	ABI2	7664	1
38	ABL1	2070	1
39	ABL2	8355	1
40	ABR	10384	1
41	ABRACL	8832	1
42	ABRAXAS1	10962	1
43	ABRAXAS2	11641	1
44	ABT1	8796	1
45	ACAA1	823	1
46	ACAA2	12059	1
47	ACACA	54733	1
48	ACAD8	9407	1
49	ACAD9	14322	1
50	ACADM	4659	1
51	ACADSB	16986	1
52	ACADVL	1202	1
53	ACAP2	4271	1
54	ACAP3	6464	1
55	ACAT1	1294	1
56	ACAT2	5046	1
57	ACBD3	15315	1
58	ACBD5	3467	1
59	ACBD6	29159	1
60	ACD	2735	1
61	ACER3	1410	1
62	ACIN1	2387	1
63	ACLY	6450	1
64	ACO1	5300	1
65	ACO2	2299	1
66	ACOT13	4041	1
67	ACOT7	2071	1
68	ACOT8	2542	1
69	ACOT9	5342	1
70	ACOX1	10597	1
71	ACP1	8444	1
72	ACP2	6922	1
73	ACSF3	14113	1
74	ACSL3	5433	1
75	ACSL4	1039	1
76	ACTB	1315	1
77	ACTG1	15612	1
78	ACTL6A	7285	1
79	ACTN1	1175	1
80	ACTN4	6259	1
81	ACTR10	6516	1
82	ACTR1A	7604	1
83	ACTR1B	4356	1
84	ACTR2	7590	1
85	ACTR3	4359	1
86	ACTR6	1285	1
87	ACTR8	4231	1
88	ACY1	36915	1
89	ACYP1	4926	1
90	ACYP2	12861	1
91	ADAL	12428	1
92	ADAM10	7547	1
93	ADAM15	8412	1
94	ADAM17	9436	1
95	ADAM9	12389	1
96	ADAR	10510	1
97	ADAT1	928	1
98	ADCK2	6762	1
99	ADD1	1737	1
100	ADD3	9117	1
101	ADGRA3	9596	1
102	ADGRE5	5347	1
103	ADH5	17542	1
104	ADI1	15251	1
105	ADIPOR1	10331	1
106	ADIPOR2	160	1
107	ADK	9934	1
108	ADNP	2441	1
109	ADNP2	2547	1
110	ADO	15109	1
111	ADPGK	10327	1
112	ADRM1	6311	1
113	ADSL	35245	1
114	AEBP2	7766	1
115	AEN	14963	1
116	AFF1	13310	1
117	AFF3	8527	1
118	AFF4	1188	1
119	AFG3L2	8089	1
120	AFMID	15379	1
121	AFTPH	4964	1
122	AGAP1	10152	1
123	AGAP3	6764	1
124	AGBL5	1635	1
125	AGFG1	13562	1
126	AGGF1	11288	1
127	AGK	138	1
128	AGL	10789	1
129	AGO1	1982	1
130	AGO2	5428	1
131	AGO3	5784	1
132	AGPAT1	19787	1
133	AGPAT2	12638	1
134	AGPAT3	10442	1
135	AGPAT4	458	1
136	AGPAT5	9840	1
137	AGPS	380	1
138	AGTPBP1	6997	1
139	AGTRAP	14327	1
140	AHCTF1	9625	1
141	AHCY	2531	1
142	AHCYL1	12408	1
143	AHDC1	5837	1
144	AHI1	7101	1
145	AHNAK	5601	1
146	AHSA1	2346	1
147	AIDA	16121	1
148	AIFM1	10007	1
149	AIFM2	582	1
150	AIMP1	11193	1
151	AIMP2	3284	1
152	AIP	3800	1
153	AK1	3377	1
154	AK2	49	1
155	AK4	10722	1
156	AK6	1647	1
157	AKAP1	5126	1
158	AKAP10	3559	1
159	AKAP11	429	1
160	AKAP13	12878	1
161	AKAP17A	17569	1
162	AKAP8	3033	1
163	AKAP8L	286	1
164	AKAP9	5956	1
165	AKIP1	11852	1
166	AKIRIN1	13705	1
167	AKIRIN2	7047	1
168	AKR1A1	4706	1
169	AKR7A2	708	1
170	AKT1	8205	1
171	AKT1S1	19943	1
172	AKT2	3054	1
173	ALAS1	427	1
174	ALDH16A1	10606	1
175	ALDH18A1	799	1
176	ALDH1B1	7409	1
177	ALDH2	3873	1
178	ALDH9A1	8313	1
179	ALDOA	9260	1
180	ALG1	496	1
181	ALG12	15321	1
182	ALG13	2588	1
183	ALG14	13264	1
184	ALG2	4910	1
185	ALG3	22664	1
186	ALG5	5081	1
187	ALG8	10282	1
188	ALG9	1709	1
189	ALKBH2	16843	1
190	ALKBH3	11780	1
191	ALKBH4	10557	1
192	ALKBH5	1932	1
193	ALKBH7	5681	1
194	ALMS1	4529	1
195	ALS2	37	1
196	ALYREF	15530	1
197	AMD1	5392	1
198	AMDHD2	10667	1
199	AMFR	10349	1
200	AMMECR1	2592	1
201	AMMECR1L	8534	1
202	AMOTL1	11733	1
203	AMPD2	4562	1
204	AMZ2	17171	1
205	ANAPC1	9613	1
206	ANAPC10	11259	1
207	ANAPC11	8128	1
208	ANAPC13	6095	1
209	ANAPC15	3755	1
210	ANAPC16	11805	1
211	ANAPC4	716	1
212	ANAPC5	1810	1
213	ANAPC7	17109	1
214	ANGEL2	13711	1
215	ANGPT1	9728	1
216	ANKFY1	16029	1
217	ANKHD1	6457	1
218	ANKIB1	16	1
219	ANKLE2	14163	1
220	ANKMY2	3317	1
221	ANKRD10	1775	1
222	ANKRD11	12096	1
223	ANKRD12	2564	1
224	ANKRD13A	1345	1
225	ANKRD13C	4807	1
226	ANKRD13D	13394	1
227	ANKRD16	6902	1
228	ANKRD17	6588	1
229	ANKRD26	3466	1
230	ANKRD28	20373	1
231	ANKRD36	7188	1
232	ANKRD36C	13693	1
233	ANKRD39	22261	1
234	ANKRD40	9816	1
235	ANKRD50	9397	1
236	ANKRD52	7852	1
237	ANKRD54	2196	1
238	ANKRD9	9966	1
239	ANKS1A	907	1
240	ANKS3	12272	1
241	ANKS6	11522	1
242	ANKZF1	11021	1
243	ANLN	297	1
244	ANO10	10515	1
245	ANO6	14209	1
246	ANP32A	7940	1
247	ANP32B	7377	1
248	ANP32E	8380	1
249	ANTKMT	2788	1
250	ANTXR2	10958	1
251	ANXA11	5250	1
252	ANXA2	15291	1
253	ANXA3	7729	1
254	ANXA4	17248	1
255	ANXA5	11239	1
256	ANXA6	17266	1
257	ANXA7	7630	1
258	AOPEP	9039	1
259	AP1AR	7697	1
260	AP1B1	2241	1
261	AP1G1	11913	1
262	AP1M1	1213	1
263	AP1S1	3298	1
264	AP1S2	15192	1
265	AP2A1	17243	1
266	AP2A2	15362	1
267	AP2B1	125	1
268	AP2M1	10579	1
269	AP2S1	588	1
270	AP3B1	6664	1
271	AP3D1	908	1
272	AP3M1	15847	1
273	AP3M2	1122	1
274	AP3S1	14371	1
275	AP3S2	10132	1
276	AP4M1	24039	1
277	AP5B1	41909	1
278	AP5M1	715	1
279	AP5S1	5728	1
280	APAF1	5103	1
281	APBA2	507	1
282	APC	6986	1
283	APEH	11213	1
284	APEX1	2390	1
285	APEX2	12522	1
286	APH1A	4694	1
287	APH1B	7681	1
288	API5	11774	1
289	APIP	9156	1
290	APLP2	1625	1
291	APMAP	2543	1
292	APOO	15799	1
293	APOOL	9821	1
294	APPBP2	847	1
295	APPL1	10098	1
296	APRT	17926	1
297	APTR	22723	1
298	APTX	7396	1
299	AQR	411	1
300	ARAF	1405	1
301	ARCN1	2017	1
302	AREL1	4934	1
303	ARF1	8451	1
304	ARF3	6869	1
305	ARF4	12332	1
306	ARF5	45	1
307	ARF6	11612	1
308	ARFGAP1	2466	1
309	ARFGAP2	9168	1
310	ARFGAP3	36206	1
311	ARFGEF1	985	1
312	ARFGEF2	5472	1
313	ARFIP1	11256	1
314	ARFIP2	6547	1
315	ARFRP1	2478	1
316	ARGLU1	6972	1
317	ARHGAP1	13832	1
318	ARHGAP11A	17862	1
319	ARHGAP12	11565	1
320	ARHGAP17	8008	1
321	ARHGAP18	8828	1
322	ARHGAP19	22286	1
323	ARHGAP21	3461	1
324	ARHGAP22	6069	1
325	ARHGAP24	7689	1
326	ARHGAP35	10399	1
327	ARHGAP5	2393	1
328	ARHGDIA	8120	1
329	ARHGEF1	1359	1
330	ARHGEF10	2952	1
331	ARHGEF12	17228	1
332	ARHGEF18	2985	1
333	ARHGEF2	4581	1
334	ARHGEF7	2688	1
335	ARID1A	4750	1
336	ARID1B	665	1
337	ARID2	16855	1
338	ARID4A	492	1
339	ARID4B	723	1
340	ARID5A	17210	1
341	ARID5B	9285	1
342	ARIH1	11789	1
343	ARIH2	14289	1
344	ARL1	5097	1
345	ARL13B	12572	1
346	ARL14EP	9500	1
347	ARL16	22638	1
348	ARL17A	16055	1
349	ARL2	22330	1
350	ARL2BP	2728	1
351	ARL3	7620	1
352	ARL4A	5287	1
353	ARL4D	13962	1
354	ARL5A	10872	1
355	ARL5B	11724	1
356	ARL6IP1	12837	1
357	ARL6IP4	15173	1
358	ARL6IP5	8605	1
359	ARL6IP6	14376	1
360	ARL8A	8473	1
361	ARL8B	6830	1
362	ARMC1	2923	1
363	ARMC10	12859	1
364	ARMC6	3164	1
365	ARMC8	4250	1
366	ARMCX3	2671	1
367	ARMCX6	17941	1
368	ARMT1	8846	1
369	ARNT	8389	1
370	ARPC1A	35978	1
371	ARPC1B	6263	1
372	ARPC2	11002	1
373	ARPC3	3859	1
374	ARPC4	35922	1
375	ARPC5	10795	1
376	ARPC5L	7383	1
377	ARPP19	6088	1
378	ARRB2	8110	1
379	ARRDC1	17278	1
380	ARRDC1-AS1	19684	1
381	ARRDC3	4173	1
382	ARSK	11298	1
383	ARV1	13494	1
384	ASAH1	2958	1
385	ASAP1	9642	1
386	ASB1	945	1
387	ASB3	4384	1
388	ASB6	9066	1
389	ASB8	14386	1
390	ASCC1	7632	1
391	ASCC2	2265	1
392	ASCC3	4030	1
393	ASF1A	3972	1
394	ASF1B	3024	1
395	ASH1L	4576	1
396	ASH2L	6168	1
397	ASL	5824	1
398	ASNSD1	7648	1
399	ASPM	966	1
400	ASPSCR1	12639	1
401	ASXL1	13045	1
402	ASXL2	8490	1
403	ATAD1	7613	1
404	ATAD2	10014	1
405	ATAD3A	17506	1
406	ATAD3B	10408	1
407	ATAD5	14016	1
408	ATE1	3435	1
409	ATF1	5361	1
410	ATF2	4507	1
411	ATF4	5998	1
412	ATF5	12512	1
413	ATF6	4783	1
414	ATF6B	22436	1
415	ATF7	12863	1
416	ATF7IP	13104	1
417	ATG10	9516	1
418	ATG101	5376	1
419	ATG12	8739	1
420	ATG13	13834	1
421	ATG16L1	1676	1
422	ATG2A	3732	1
423	ATG3	8624	1
424	ATG4A	2575	1
425	ATG4B	12339	1
426	ATG4C	5689	1
427	ATG4D	6323	1
428	ATG5	775	1
429	ATG7	17425	1
430	ATG9A	17923	1
431	ATIC	7642	1
432	ATL2	4960	1
433	ATL3	15784	1
434	ATM	9189	1
435	ATMIN	11853	1
436	ATN1	3928	1
437	ATOX1	14303	1
438	ATP11A	1046	1
439	ATP11B	780	1
440	ATP11C	2601	1
441	ATP13A1	3182	1
442	ATP13A2	10334	1
443	ATP13A3	6772	1
444	ATP1A1	10986	1
445	ATP1B3	1084	1
446	ATP2A2	13676	1
447	ATP2B1	1139	1
448	ATP2C1	372	1
449	ATP5F1A	9503	1
450	ATP5F1B	3833	1
451	ATP5F1C	11631	1
452	ATP5F1D	2103	1
453	ATP5F1E	5465	1
454	ATP5IF1	6334	1
455	ATP5MC1	10303	1
456	ATP5MC2	7061	1
457	ATP5MC3	9767	1
458	ATP5ME	12483	1
459	ATP5MF	35887	1
460	ATP5MG	12053	1
461	ATP5PB	4568	1
462	ATP5PD	12208	1
463	ATP5PF	9789	1
464	ATP5PO	36034	1
465	ATP6AP1	1156	1
466	ATP6AP2	15178	1
467	ATP6V0A1	504	1
468	ATP6V0A2	15941	1
469	ATP6V0B	4702	1
470	ATP6V0C	16070	1
471	ATP6V0D1	10374	1
472	ATP6V0E1	4219	1
473	ATP6V0E2	12971	1
474	ATP6V1A	4300	1
475	ATP6V1B2	8959	1
476	ATP6V1C1	9834	1
477	ATP6V1D	2334	1
478	ATP6V1E1	6397	1
479	ATP6V1F	6027	1
480	ATP6V1G1	7361	1
481	ATP6V1H	616	1
482	ATP8B2	8409	1
483	ATPAF1	5387	1
484	ATPAF2	13172	1
485	ATPSCKMT	9321	1
486	ATR	13793	1
487	ATRAID	7599	1
488	ATRN	1786	1
489	ATRX	1646	1
490	ATXN10	6296	1
491	ATXN2	19992	1
492	ATXN2L	12360	1
493	ATXN3	974	1
494	ATXN7	11072	1
495	ATXN7L3	1725	1
496	ATXN7L3B	41300	1
497	AUP1	4403	1
498	AURKA	1751	1
499	AURKAIP1	13931	1
500	AURKB	14573	1
501	AVEN	12674	1
502	AVL9	3190	1
503	AXIN1	2762	1
504	AZI2	11018	1
505	AZIN1	9833	1
506	B2M	11907	1
507	B3GALNT2	10844	1
508	B3GALT6	13977	1
509	B3GAT3	9218	1
510	B4GALT1	1682	1
511	B4GALT2	4703	1
512	B4GALT3	10264	1
513	B4GALT4	5173	1
514	B4GALT5	10210	1
515	B4GALT7	465	1
516	B4GAT1	13723	1
517	B9D1	3564	1
518	BABAM1	3096	1
519	BABAM2	10158	1
520	BACH1	9957	1
521	BAD	21	1
522	BAG1	3402	1
523	BAG2	4018	1
524	BAG3	9468	1
525	BAG4	10009	1
526	BAG5	11771	1
527	BAG6	19851	1
528	BAIAP2	13952	1
529	BAIAP2L1	135	1
530	BAK1	483	1
531	BAMBI	2039	1
532	BANF1	13856	1
533	BANP	13315	1
534	BAP1	11167	1
535	BARD1	7644	1
536	BAX	1720	1
537	BAZ1A	17765	1
538	BAZ1B	243	1
539	BAZ2A	1335	1
540	BAZ2B	5411	1
541	BBC3	3076	1
542	BBIP1	22767	1
543	BBS4	7961	1
544	BBS7	7707	1
545	BBX	4285	1
546	BCAP29	1322	1
547	BCAP31	16054	1
548	BCAR1	686	1
549	BCAS2	4614	1
550	BCAT1	824	1
551	BCAT2	3132	1
552	BCCIP	3472	1
553	BCKDHA	37483	1
554	BCKDHB	1586	1
555	BCKDK	2828	1
556	BCL10	8281	1
557	BCL2L1	13076	1
558	BCL2L12	5815	1
559	BCL2L13	2145	1
560	BCL2L2	6141	1
561	BCL7A	3836	1
562	BCL7B	3342	1
563	BCL7C	2099	1
564	BCLAF1	475	1
565	BCOR	15444	1
566	BCR	16287	1
567	BCS1L	1264	1
568	BDH2	11201	1
569	BDP1	8729	1
570	BECN1	5831	1
571	BEND6	9466	1
572	BET1	3199	1
573	BET1L	14382	1
574	BEX4	2672	1
575	BFAR	2816	1
576	BHLHE40	6829	1
577	BICD1	9445	1
578	BICD2	16097	1
579	BID	359	1
580	BIN3	8965	1
581	BIRC2	3768	1
582	BIRC5	1846	1
583	BIRC6	4478	1
584	BIVM	6973	1
585	BLCAP	11894	1
586	BLM	17350	1
587	BLMH	3552	1
588	BLOC1S1	7075	1
589	BLOC1S2	16947	1
590	BLOC1S4	16171	1
591	BLOC1S5	16684	1
592	BLOC1S6	2882	1
593	BLVRA	3332	1
594	BLVRB	1859	1
595	BLZF1	4710	1
596	BMI1	12312	1
597	BMP2K	7719	1
598	BMPR1A	3446	1
599	BMPR2	19753	1
600	BMS1	11665	1
601	BNIP1	4220	1
602	BNIP2	7933	1
603	BNIP3	14008	1
604	BNIP3L	2959	1
605	BOD1	8765	1
606	BOD1L1	546	1
607	BOLA2	15443	1
608	BOLA3	10928	1
609	BOP1	46371	1
610	BORCS5	11659	1
611	BORCS7	11801	1
612	BORCS8	42287	1
613	BPGM	13262	1
614	BPHL	7441	1
615	BPNT1	10827	1
616	BPTF	13096	1
617	BRAF	10125	1
618	BRAP	1830	1
619	BRAT1	3240	1
620	BRCA1	309	1
621	BRCA2	7841	1
622	BRCC3	15976	1
623	BRD1	2305	1
624	BRD2	19766	1
625	BRD3	12695	1
626	BRD4	8168	1
627	BRD7	11766	1
628	BRD8	4126	1
629	BRD9	471	1
630	BRF1	15853	1
631	BRI3	11412	1
632	BRI3BP	15841	1
633	BRIP1	7282	1
634	BRIX1	4184	1
635	BRK1	42367	1
636	BRMS1	13733	1
637	BRMS1L	2406	1
638	BROX	10830	1
639	BRPF1	10037	1
640	BRPF3	2053	1
641	BRWD1	16011	1
642	BRWD3	11560	1
643	BSCL2	12243	1
644	BSDC1	10406	1
645	BSG	13247	1
646	BTAF1	2031	1
647	BTBD1	897	1
648	BTBD10	9141	1
649	BTBD2	6731	1
650	BTBD3	6623	1
651	BTBD7	281	1
652	BTF3	8732	1
653	BTF3L4	6941	1
654	BTG1	6769	1
655	BTG3	9779	1
656	BTN2A1	4103	1
657	BTN3A2	16230	1
658	BTRC	11769	1
659	BUB1	12632	1
660	BUB1B	10034	1
661	BUB3	9761	1
662	BUD13	7497	1
663	BUD23	1153	1
664	BUD31	3272	1
665	BYSL	4079	1
666	BZW1	1557	1
667	BZW2	7244	1
668	C11ORF24	12955	1
669	C11ORF54	15338	1
670	C11ORF58	3797	1
671	C11ORF68	13897	1
672	C12ORF29	6771	1
673	C12ORF4	626	1
674	C12ORF43	10144	1
675	C12ORF57	3929	1
676	C12ORF76	13683	1
677	C14ORF119	14750	1
678	C15ORF40	12620	1
679	C15ORF61	16892	1
680	C16ORF87	9855	1
681	C16ORF95	45812	1
682	C17ORF49	44101	1
683	C17ORF58	16276	1
684	C17ORF75	3567	1
685	C17ORF80	8068	1
686	C18ORF21	8095	1
687	C18ORF25	9505	1
688	C18ORF32	14308	1
689	C19ORF12	6513	1
690	C19ORF25	4915	1
691	C19ORF53	3020	1
692	C1D	17329	1
693	C1GALT1	3300	1
694	C1ORF109	4641	1
695	C1ORF122	17573	1
696	C1ORF131	8437	1
697	C1ORF174	17914	1
698	C1ORF216	8265	1
699	C1ORF35	8458	1
700	C1ORF43	8428	1
701	C1ORF50	11190	1
702	C1ORF52	10778	1
703	C1ORF56	8391	1
704	C1QBP	3550	1
705	C21ORF58	10459	1
706	C22ORF39	36213	1
707	C2CD2	10114	1
708	C2CD5	3945	1
709	C2ORF27A	59393	1
710	C2ORF49	7187	1
711	C2ORF68	12448	1
712	C2ORF69	14404	1
713	C2ORF76	16144	1
714	C3ORF38	14577	1
715	C4ORF3	11231	1
716	C4ORF33	9402	1
717	C4ORF46	20099	1
718	C4ORF48	36688	1
719	C5ORF15	4199	1
720	C5ORF22	1561	1
721	C5ORF24	15107	1
722	C6ORF120	15882	1
723	C6ORF136	19889	1
724	C6ORF47	19842	1
725	C6ORF62	4044	1
726	C6ORF89	17779	1
727	C7ORF50	8851	1
728	C8ORF33	15193	1
729	C8ORF76	16929	1
730	C8ORF82	22379	1
731	C8ORF88	40896	1
732	C9ORF40	6993	1
733	C9ORF78	7334	1
734	C9ORF85	9875	1
735	CAAP1	5012	1
736	CAB39	7176	1
737	CABIN1	2150	1
738	CACUL1	9464	1
739	CACYBP	4538	1
740	CAD	1642	1
741	CALCOCO2	7269	1
742	CALM1	17780	1
743	CALM2	8484	1
744	CALM3	10401	1
745	CALR	14625	1
746	CALU	6040	1
747	CAMK2G	9110	1
748	CAMK2N1	10747	1
749	CAMKK2	3830	1
750	CAMLG	11383	1
751	CAMSAP1	6284	1
752	CAMSAP2	4782	1
753	CAMTA1	13115	1
754	CAND1	3902	1
755	CANT1	13010	1
756	CANX	5878	1
757	CAP1	6417	1
758	CAPN1	348	1
759	CAPN10	8217	1
760	CAPN15	2800	1
761	CAPN2	10852	1
762	CAPN7	6430	1
763	CAPNS1	5799	1
764	CAPRIN1	7060	1
765	CAPZA1	4571	1
766	CAPZA2	17906	1
767	CAPZB	1390	1
768	CARHSP1	9605	1
769	CARM1	8225	1
770	CARMIL1	1472	1
771	CARNMT1	9923	1
772	CARS2	6977	1
773	CASC3	3511	1
774	CASD1	5972	1
775	CASP2	3266	1
776	CASP3	11306	1
777	CASP6	7735	1
778	CASP8AP2	4802	1
779	CAST	9614	1
780	CAT	5183	1
781	CAVIN1	14287	1
782	CBFB	1025	1
783	CBL	3772	1
784	CBLL1	3211	1
785	CBR4	8697	1
786	CBX1	3533	1
787	CBX3	5277	1
788	CBX4	8141	1
789	CBX5	2009	1
790	CBX6	15547	1
791	CBY1	2218	1
792	CC2D1A	6529	1
793	CC2D1B	9731	1
794	CCAR1	812	1
795	CCAR2	10275	1
796	CCDC106	13528	1
797	CCDC107	10389	1
798	CCDC112	11282	1
799	CCDC115	7315	1
800	CCDC117	10387	1
801	CCDC12	10526	1
802	CCDC124	166	1
803	CCDC125	15441	1
804	CCDC127	11328	1
805	CCDC137	15929	1
806	CCDC138	10882	1
807	CCDC14	13873	1
808	CCDC167	17930	1
809	CCDC174	9797	1
810	CCDC18	5265	1
811	CCDC18-AS1	24849	1
812	CCDC186	11682	1
813	CCDC22	2605	1
814	CCDC25	8960	1
815	CCDC28A	441	1
816	CCDC28B	10403	1
817	CCDC32	6077	1
818	CCDC34	3713	1
819	CCDC43	14826	1
820	CCDC47	3555	1
821	CCDC50	9539	1
822	CCDC51	11208	1
823	CCDC59	6785	1
824	CCDC6	3488	1
825	CCDC66	14836	1
826	CCDC71L	40916	1
827	CCDC77	5066	1
828	CCDC82	9174	1
829	CCDC85B	13905	1
830	CCDC86	3747	1
831	CCDC88A	4411	1
832	CCDC90B	7476	1
833	CCDC91	5339	1
834	CCDC92	4878	1
835	CCDC93	5676	1
836	CCHCR1	19878	1
837	CCM2	7252	1
838	CCNA2	8687	1
839	CCNB1	6822	1
840	CCNB1IP1	2388	1
841	CCNB2	10095	1
842	CCNC	4025	1
843	CCND3	4078	1
844	CCNDBP1	11976	1
845	CCNE2	13846	1
846	CCNF	10665	1
847	CCNG1	4168	1
848	CCNH	6905	1
849	CCNI	4844	1
850	CCNK	1863	1
851	CCNL1	11081	1
852	CCNL2	24092	1
853	CCNQ	47053	1
854	CCNT1	6125	1
855	CCNT2	1562	1
856	CCNY	3490	1
857	CCP110	2834	1
858	CCPG1	46139	1
859	CCS	13607	1
860	CCSAP	9757	1
861	CCSER2	3445	1
862	CCT2	11787	1
863	CCT3	11004	1
864	CCT4	4433	1
865	CCT5	9320	1
866	CCT6A	8871	1
867	CCT7	7113	1
868	CCT8	9954	1
869	CCZ1	5288	1
870	CD151	14338	1
871	CD164	7098	1
872	CD276	2856	1
873	CD2AP	17610	1
874	CD2BP2	12530	1
875	CD320	12186	1
876	CD46	4692	1
877	CD47	17191	1
878	CD55	17043	1
879	CD58	4625	1
880	CD59	1643	1
881	CD63	7063	1
882	CD81	3791	1
883	CD9	252	1
884	CD99	23	1
885	CDC123	9399	1
886	CDC14B	1535	1
887	CDC16	6217	1
888	CDC20	4698	1
889	CDC23	2007	1
890	CDC25A	11203	1
891	CDC25B	2475	1
892	CDC25C	10198	1
893	CDC26	14054	1
894	CDC27	67	1
895	CDC34	2114	1
896	CDC37	3099	1
897	CDC40	12349	1
898	CDC42	1134	1
899	CDC42BPA	8456	1
900	CDC42BPB	17823	1
901	CDC42EP1	6001	1
902	CDC42SE1	17459	1
903	CDC42SE2	10278	1
904	CDC45	1992	1
905	CDC5L	2061	1
906	CDC6	2005	1
907	CDC73	6889	1
908	CDCA2	15766	1
909	CDCA3	3921	1
910	CDCA4	12880	1
911	CDCA5	8861	1
912	CDCA7	8543	1
913	CDCA7L	11394	1
914	CDCA8	6936	1
915	CDIPT	2827	1
916	CDK1	12776	1
917	CDK10	15936	1
918	CDK11A	202	1
919	CDK11B	37617	1
920	CDK12	12047	1
921	CDK13	949	1
922	CDK16	2645	1
923	CDK17	803	1
924	CDK19	9837	1
925	CDK2	5373	1
926	CDK2AP1	3881	1
927	CDK2AP2	12193	1
928	CDK4	7077	1
929	CDK5	11455	1
930	CDK5RAP1	2515	1
931	CDK5RAP2	7348	1
932	CDK5RAP3	3532	1
933	CDK6	3195	1
934	CDK7	6823	1
935	CDK8	6684	1
936	CDK9	7329	1
937	CDKAL1	8775	1
938	CDKN1B	3874	1
939	CDKN2AIP	12379	1
940	CDKN2AIPNL	33945	1
941	CDKN2C	5333	1
942	CDKN2D	6131	1
943	CDKN3	2331	1
944	CDR2	8006	1
945	CDS2	2488	1
946	CDT1	12094	1
947	CDV3	1930	1
948	CDYL	9604	1
949	CEBPB	13234	1
950	CEBPG	9681	1
951	CEBPZ	4483	1
952	CEBPZOS	23566	1
953	CELF1	9169	1
954	CEMIP2	6996	1
955	CENPA	4370	1
956	CENPB	5717	1
957	CENPC	8663	1
958	CENPE	7731	1
959	CENPF	4751	1
960	CENPH	9603	1
961	CENPJ	9458	1
962	CENPK	5358	1
963	CENPL	5041	1
964	CENPM	2207	1
965	CENPN	11851	1
966	CENPO	7600	1
967	CENPQ	489	1
968	CENPS	13841	1
969	CENPT	2722	1
970	CENPU	9441	1
971	CENPV	11887	1
972	CENPW	19619	1
973	CENPX	12637	1
974	CEP104	4544	1
975	CEP135	13743	1
976	CEP152	2864	1
977	CEP162	7041	1
978	CEP164	3762	1
979	CEP170	8443	1
980	CEP192	2558	1
981	CEP250	5776	1
982	CEP290	17799	1
983	CEP295	11726	1
984	CEP350	7152	1
985	CEP44	11245	1
986	CEP55	7621	1
987	CEP57	11736	1
988	CEP57L1	15391	1
989	CEP63	15340	1
990	CEP70	4251	1
991	CEP78	9033	1
992	CEP83	13530	1
993	CEP85L	3970	1
994	CEP89	5145	1
995	CEP95	44575	1
996	CEP97	15239	1
997	CEPT1	6860	1
998	CERCAM	12021	1
999	CERK	2304	1
1000	CERS2	8384	1
1001	CERS5	7843	1
1002	CERS6	13252	1
1003	CERT1	4143	1
1004	CES2	13378	1
1005	CETN2	8956	1
1006	CETN3	9617	1
1007	CFAP20	1128	1
1008	CFAP298	10284	1
1009	CFAP36	10880	1
1010	CFAP410	10448	1
1011	CFAP97	11312	1
1012	CFDP1	9668	1
1013	CFL1	13356	1
1014	CFL2	11580	1
1015	CFLAR	39	1
1016	CGGBP1	10961	1
1017	CHAC2	8485	1
1018	CHAF1A	12148	1
1019	CHAF1B	10320	1
1020	CHAMP1	17860	1
1021	CHCHD1	13327	1
1022	CHCHD2	3267	1
1023	CHCHD3	3325	1
1024	CHCHD4	11028	1
1025	CHCHD5	5671	1
1026	CHCHD6	10368	1
1027	CHCHD7	12885	1
1028	CHD1	9688	1
1029	CHD2	13526	1
1030	CHD3	12713	1
1031	CHD4	3915	1
1032	CHD6	5466	1
1033	CHD7	13016	1
1034	CHD8	2398	1
1035	CHD9	14228	1
1036	CHEK1	9221	1
1037	CHERP	1675	1
1038	CHFR	1196	1
1039	CHIC2	3651	1
1040	CHID1	14362	1
1041	CHKA	3804	1
1042	CHM	16682	1
1043	CHML	19593	1
1044	CHMP1A	6408	1
1045	CHMP1B	42463	1
1046	CHMP2A	6318	1
1047	CHMP2B	1615	1
1048	CHMP3	4449	1
1049	CHMP4A	41939	1
1050	CHMP4B	2522	1
1051	CHMP4C	11409	1
1052	CHMP5	1683	1
1053	CHMP6	13995	1
1054	CHMP7	8968	1
1055	CHORDC1	3753	1
1056	CHP1	16426	1
1057	CHPF	5434	1
1058	CHPT1	3922	1
1059	CHRAC1	2926	1
1060	CHRNA5	12635	1
1061	CHROMR	24987	1
1062	CHST11	13013	1
1063	CHST12	7234	1
1064	CHSY1	6505	1
1065	CHTF18	5936	1
1066	CHTOP	10503	1
1067	CHUK	22264	1
1068	CHURC1	44087	1
1069	CIAO1	8497	1
1070	CIAO2A	11925	1
1071	CIAO2B	11890	1
1072	CIAO3	2784	1
1073	CIAPIN1	86	1
1074	CIB1	15860	1
1075	CIC	1464	1
1076	CINP	2394	1
1077	CIP2A	11015	1
1078	CIR1	7659	1
1079	CIRBP	2102	1
1080	CISD1	5318	1
1081	CISD2	8681	1
1082	CISD3	54450	1
1083	CIT	5326	1
1084	CITED2	11347	1
1085	CIZ1	9069	1
1086	CKAP2	7209	1
1087	CKAP2L	12619	1
1088	CKAP5	13831	1
1089	CKLF	23429	1
1090	CKS1B	13446	1
1091	CKS2	5431	1
1092	CLASP1	1249	1
1093	CLASP2	11034	1
1094	CLASRP	2979	1
1095	CLCC1	5213	1
1096	CLCN3	3677	1
1097	CLCN7	2786	1
1098	CLDND1	1507	1
1099	CLHC1	10876	1
1100	CLIC1	22459	1
1101	CLIC4	12597	1
1102	CLINT1	4159	1
1103	CLIP1	6337	1
1104	CLK1	334	1
1105	CLK3	14645	1
1106	CLK4	4151	1
1107	CLN3	16721	1
1108	CLN5	2706	1
1109	CLN6	6087	1
1110	CLN8	15215	1
1111	CLNS1A	1252	1
1112	CLOCK	6965	1
1113	CLP1	13287	1
1114	CLPB	10676	1
1115	CLPP	5682	1
1116	CLPTM1	2977	1
1117	CLPTM1L	666	1
1118	CLPX	11945	1
1119	CLSPN	1984	1
1120	CLSTN1	13087	1
1121	CLTA	5296	1
1122	CLTB	13869	1
1123	CLTC	8083	1
1124	CLUAP1	2804	1
1125	CLUH	6568	1
1126	CMAS	3941	1
1127	CMBL	11284	1
1128	CMC1	16381	1
1129	CMC2	2761	1
1130	CMC4	15290	1
1131	CMIP	9675	1
1132	CMPK1	10700	1
1133	CMSS1	15661	1
1134	CMTM3	8025	1
1135	CMTM4	15542	1
1136	CMTM6	1922	1
1137	CMTM7	9657	1
1138	CMTR1	7423	1
1139	CMTR2	14939	1
1140	CNBP	12642	1
1141	CNDP2	6739	1
1142	CNIH1	2332	1
1143	CNIH4	8453	1
1144	CNN2	893	1
1145	CNOT1	5606	1
1146	CNOT10	15351	1
1147	CNOT11	10205	1
1148	CNOT2	3908	1
1149	CNOT3	1759	1
1150	CNOT4	1504	1
1151	CNOT6	4161	1
1152	CNOT6L	7725	1
1153	CNOT7	17841	1
1154	CNOT8	9868	1
1155	CNOT9	8576	1
1156	CNP	13566	1
1157	CNPPD1	4463	1
1158	CNPY2	43791	1
1159	CNPY3	7415	1
1160	CNST	10837	1
1161	CNTRL	4892	1
1162	COA1	3331	1
1163	COA3	15607	1
1164	COA4	15110	1
1165	COA5	15480	1
1166	COA6	12309	1
1167	COA7	10703	1
1168	COA8	43070	1
1169	COASY	1033	1
1170	COG1	11902	1
1171	COG2	7142	1
1172	COG3	7220	1
1173	COG4	2752	1
1174	COG5	11376	1
1175	COG6	6706	1
1176	COG7	12348	1
1177	COG8	22281	1
1178	COIL	5127	1
1179	COL4A5	16613	1
1180	COLGALT1	6242	1
1181	COMMD1	13439	1
1182	COMMD10	8738	1
1183	COMMD2	4317	1
1184	COMMD3	9089	1
1185	COMMD4	7941	1
1186	COMMD5	12854	1
1187	COMMD6	16636	1
1188	COMMD7	9232	1
1189	COMMD8	12482	1
1190	COMMD9	3779	1
1191	COMT	1993	1
1192	COMTD1	11637	1
1193	COP1	8334	1
1194	COPA	5242	1
1195	COPB1	6097	1
1196	COPB2	15712	1
1197	COPE	3160	1
1198	COPG1	15086	1
1199	COPG2	10235	1
1200	COPRS	13256	1
1201	COPS2	11781	1
1202	COPS3	8051	1
1203	COPS4	7698	1
1204	COPS5	5123	1
1205	COPS6	12270	1
1206	COPS7A	3918	1
1207	COPS7B	8567	1
1208	COPS8	17767	1
1209	COPS9	13292	1
1210	COPZ1	3900	1
1211	COQ10B	4439	1
1212	COQ2	13426	1
1213	COQ3	6577	1
1214	COQ4	12017	1
1215	COQ5	3818	1
1216	COQ6	4950	1
1217	COQ7	12032	1
1218	COQ9	1779	1
1219	CORO1B	13346	1
1220	CORO1C	3820	1
1221	COX10	150	1
1222	COX11	11793	1
1223	COX14	14473	1
1224	COX15	353	1
1225	COX16	6808	1
1226	COX17	7672	1
1227	COX18	11065	1
1228	COX19	35383	1
1229	COX20	19592	1
1230	COX4I1	6403	1
1231	COX5A	14523	1
1232	COX5B	7177	1
1233	COX6A1	3949	1
1234	COX6B1	5808	1
1235	COX6C	11465	1
1236	COX7A2	4093	1
1237	COX7A2L	4502	1
1238	COX7B	6410	1
1239	COX7C	5889	1
1240	COX8A	14046	1
1241	CPD	3553	1
1242	CPEB4	4222	1
1243	CPED1	3247	1
1244	CPNE1	22636	1
1245	CPNE3	1665	1
1246	CPNE7	14530	1
1247	CPOX	1506	1
1248	CPQ	2899	1
1249	CPSF1	1165	1
1250	CPSF2	11709	1
1251	CPSF3	4875	1
1252	CPSF4	10544	1
1253	CPSF6	3910	1
1254	CPSF7	9216	1
1255	CPT2	10062	1
1256	CRBN	4234	1
1257	CRCP	35809	1
1258	CREB1	4789	1
1259	CREB3	3394	1
1260	CREB3L2	15159	1
1261	CREBBP	92	1
1262	CREBRF	11350	1
1263	CREBZF	7479	1
1264	CRELD2	15646	1
1265	CREM	2043	1
1266	CRIM1	9335	1
1267	CRIPT	4968	1
1268	CRK	12034	1
1269	CRKL	2137	1
1270	CRLS1	1783	1
1271	CRNDE	37307	1
1272	CRNKL1	2504	1
1273	CRTAP	12766	1
1274	CRTC3	7991	1
1275	CRY1	218	1
1276	CRYBG3	1486	1
1277	CRYZ	4622	1
1278	CRYZL1	20236	1
1279	CS	841	1
1280	CSAD	7847	1
1281	CSDE1	231	1
1282	CSE1L	5476	1
1283	CSK	2844	1
1284	CSKMT	22870	1
1285	CSNK1A1	4214	1
1286	CSNK1D	8127	1
1287	CSNK1E	22554	1
1288	CSNK1G1	12507	1
1289	CSNK1G2	6737	1
1290	CSNK1G3	9375	1
1291	CSNK2A1	2483	1
1292	CSNK2A2	1129	1
1293	CSNK2B	19839	1
1294	CSPP1	2886	1
1295	CST3	2526	1
1296	CSTB	10440	1
1297	CSTF1	2444	1
1298	CSTF2	2570	1
1299	CSTF2T	14317	1
1300	CSTF3	13993	1
1301	CTBP1	10369	1
1302	CTBP1-DT	17201	1
1303	CTBS	4671	1
1304	CTCF	2734	1
1305	CTDNEP1	13947	1
1306	CTDSP1	8575	1
1307	CTDSP2	13830	1
1308	CTDSPL2	7524	1
1309	CTNNA1	602	1
1310	CTNNAL1	4885	1
1311	CTNNB1	12254	1
1312	CTNNBIP1	14493	1
1313	CTNNBL1	6653	1
1314	CTNND1	17750	1
1315	CTPS1	13128	1
1316	CTR9	17812	1
1317	CTSA	888	1
1318	CTSB	11415	1
1319	CTSC	3712	1
1320	CTSD	4765	1
1321	CTSH	2853	1
1322	CTSL	6995	1
1323	CTSZ	2450	1
1324	CTTN	1667	1
1325	CTU1	8240	1
1326	CTU2	13636	1
1327	CTXN1	14485	1
1328	CUEDC2	3464	1
1329	CUL1	743	1
1330	CUL2	3489	1
1331	CUL3	527	1
1332	CUL4A	7879	1
1333	CUL4B	10190	1
1334	CUL5	11798	1
1335	CUTA	4070	1
1336	CUTC	4980	1
1337	CUX1	43899	1
1338	CWC15	9283	1
1339	CWC22	11017	1
1340	CWC25	52223	1
1341	CWC27	9600	1
1342	CWF19L1	2029	1
1343	CWF19L2	9522	1
1344	CXORF38	16037	1
1345	CXXC1	9803	1
1346	CXXC5	13088	1
1347	CYB561	210	1
1348	CYB561A3	10678	1
1349	CYB561D2	4281	1
1350	CYB5A	11819	1
1351	CYB5B	2741	1
1352	CYB5D2	12168	1
1353	CYB5R1	10332	1
1354	CYB5R3	2232	1
1355	CYB5R4	939	1
1356	CYBC1	14555	1
1357	CYBRD1	1167	1
1358	CYC1	14598	1
1359	CYCS	13207	1
1360	CYFIP1	52323	1
1361	CYP20A1	4864	1
1362	CYP51A1	17	1
1363	CYREN	5307	1
1364	CYSTM1	5031	1
1365	CYTH2	3109	1
1366	CYTOR	24124	1
1367	CZIB	10706	1
1368	D2HGDH	14934	1
1369	DAAM1	2347	1
1370	DAB2	9609	1
1371	DAD1	6154	1
1372	DAG1	13491	1
1373	DALRD3	14420	1
1374	DANCR	27033	1
1375	DAP	4124	1
1376	DAP3	6630	1
1377	DAPK1	17177	1
1378	DAPK3	12145	1
1379	DARS2	4729	1
1380	DAXX	19752	1
1381	DAZAP1	1159	1
1382	DAZAP2	15426	1
1383	DBF4	146	1
1384	DBF4B	10622	1
1385	DBI	9859	1
1386	DBN1	4224	1
1387	DBNDD2	37050	1
1388	DBNL	7251	1
1389	DBR1	7627	1
1390	DBT	7574	1
1391	DCAF1	8645	1
1392	DCAF10	5303	1
1393	DCAF11	2401	1
1394	DCAF12	17894	1
1395	DCAF13	11472	1
1396	DCAF15	6528	1
1397	DCAF16	10947	1
1398	DCAF17	4485	1
1399	DCAF5	7899	1
1400	DCAF6	8320	1
1401	DCAF7	7278	1
1402	DCAF8	6642	1
1403	DCBLD1	11351	1
1404	DCBLD2	767	1
1405	DCK	9937	1
1406	DCLRE1A	17922	1
1407	DCLRE1C	9532	1
1408	DCP1A	51858	1
1409	DCP2	13368	1
1410	DCPS	3737	1
1411	DCTD	6109	1
1412	DCTN1	19993	1
1413	DCTN2	13827	1
1414	DCTN3	7405	1
1415	DCTN4	6675	1
1416	DCTN5	11942	1
1417	DCTN6	2943	1
1418	DCTPP1	14758	1
1419	DCUN1D1	594	1
1420	DCUN1D4	3646	1
1421	DCUN1D5	7503	1
1422	DCXR	12648	1
1423	DDA1	6243	1
1424	DDAH2	22461	1
1425	DDB1	12237	1
1426	DDHD1	2330	1
1427	DDHD2	1670	1
1428	DDI2	17355	1
1429	DDIAS	11597	1
1430	DDIT3	13824	1
1431	DDIT4	12291	1
1432	DDOST	36936	1
1433	DDRGK1	17640	1
1434	DDT	2147	1
1435	DDX1	1474	1
1436	DDX10	14413	1
1437	DDX11	339	1
1438	DDX17	2214	1
1439	DDX18	1762	1
1440	DDX19A	12441	1
1441	DDX19B	10082	1
1442	DDX20	896	1
1443	DDX21	11664	1
1444	DDX23	13646	1
1445	DDX24	1850	1
1446	DDX27	5489	1
1447	DDX28	15311	1
1448	DDX31	5655	1
1449	DDX39A	5344	1
1450	DDX39B	17751	1
1451	DDX3X	23078	1
1452	DDX41	15421	1
1453	DDX42	17659	1
1454	DDX46	8747	1
1455	DDX49	3161	1
1456	DDX5	3566	1
1457	DDX50	3432	1
1458	DDX51	15890	1
1459	DDX52	54495	1
1460	DDX54	5331	1
1461	DDX55	3890	1
1462	DDX56	7247	1
1463	DDX59	4781	1
1464	DDX6	3770	1
1465	DEAF1	14191	1
1466	DECR1	2900	1
1467	DEDD	10256	1
1468	DEDD2	10493	1
1469	DEF8	8044	1
1470	DEGS1	8449	1
1471	DEK	5585	1
1472	DELE1	1542	1
1473	DENND10	4990	1
1474	DENND1A	4909	1
1475	DENND1B	22092	1
1476	DENND4A	13689	1
1477	DENND4B	17869	1
1478	DENND4C	7413	1
1479	DENND5A	15614	1
1480	DENND5B	12813	1
1481	DENND6A	13749	1
1482	DENR	7867	1
1483	DEPDC1	440	1
1484	DEPDC1B	519	1
1485	DERA	432	1
1486	DERL1	7386	1
1487	DERL2	1208	1
1488	DESI1	2303	1
1489	DESI2	5178	1
1490	DEXI	15148	1
1491	DFFA	10402	1
1492	DGAT1	15844	1
1493	DGCR2	1110	1
1494	DGCR6L	5984	1
1495	DGCR8	5985	1
1496	DGKD	1363	1
1497	DGKE	9691	1
1498	DGKH	2699	1
1499	DGKZ	9158	1
1500	DGLUCY	6803	1
1501	DGUOK	4344	1
1502	DHCR24	4532	1
1503	DHCR7	13387	1
1504	DHDDS	4746	1
1505	DHFR	28208	1
1506	DHODH	2732	1
1507	DHPS	2014	1
1508	DHRS1	10086	1
1509	DHRS3	10736	1
1510	DHRS4	10078	1
1511	DHRS4-AS1	23061	1
1512	DHRS4L2	16475	1
1513	DHRS7	2356	1
1514	DHRS7B	3618	1
1515	DHRSX	12500	1
1516	DHTKD1	14988	1
1517	DHX15	3680	1
1518	DHX16	19888	1
1519	DHX29	1006	1
1520	DHX30	6536	1
1521	DHX32	1855	1
1522	DHX33	79	1
1523	DHX36	13778	1
1524	DHX37	9339	1
1525	DHX38	8012	1
1526	DHX40	3522	1
1527	DHX57	10935	1
1528	DHX8	1013	1
1529	DHX9	7150	1
1530	DIAPH1	6458	1
1531	DIAPH3	7868	1
1532	DICER1	2370	1
1533	DIDO1	2461	1
1534	DIMT1	1686	1
1535	DIP2A	10461	1
1536	DIP2B	959	1
1537	DIPK2A	15073	1
1538	DIS3	1595	1
1539	DIS3L	11975	1
1540	DIS3L2	8568	1
1541	DIXDC1	9323	1
1542	DKC1	6349	1
1543	DLAT	9324	1
1544	DLC1	11418	1
1545	DLD	1917	1
1546	DLEU1	13997	1
1547	DLEU2	30171	1
1548	DLG1	1320	1
1549	DLGAP4	1511	1
1550	DLGAP5	5852	1
1551	DLST	4939	1
1552	DMAC1	7390	1
1553	DMAC2	3079	1
1554	DMAC2L	5633	1
1555	DMAP1	14396	1
1556	DMTF1	7019	1
1557	DMWD	16046	1
1558	DMXL1	13382	1
1559	DMXL2	2873	1
1560	DNA2	7639	1
1561	DNAAF2	11603	1
1562	DNAAF5	11437	1
1563	DNAH14	16060	1
1564	DNAJA1	1681	1
1565	DNAJA2	1071	1
1566	DNAJA3	2814	1
1567	DNAJB1	6522	1
1568	DNAJB11	1881	1
1569	DNAJB12	9120	1
1570	DNAJB14	11196	1
1571	DNAJB4	10766	1
1572	DNAJB6	3234	1
1573	DNAJB9	6037	1
1574	DNAJC1	7326	1
1575	DNAJC10	1372	1
1576	DNAJC11	192	1
1577	DNAJC13	7628	1
1578	DNAJC14	7062	1
1579	DNAJC16	4533	1
1580	DNAJC17	2875	1
1581	DNAJC19	20299	1
1582	DNAJC2	3197	1
1583	DNAJC21	12409	1
1584	DNAJC24	12926	1
1585	DNAJC25	804	1
1586	DNAJC3	2686	1
1587	DNAJC30	14064	1
1588	DNAJC4	3727	1
1589	DNAJC5	2448	1
1590	DNAJC7	12302	1
1591	DNAJC8	5836	1
1592	DNAJC9	22371	1
1593	DNM1	3375	1
1594	DNM1L	1746	1
1595	DNM2	1475	1
1596	DNMT1	6345	1
1597	DNPEP	5435	1
1598	DNPH1	4090	1
1599	DNTTIP1	2537	1
1600	DNTTIP2	1007	1
1601	DOCK7	4584	1
1602	DOHH	6183	1
1603	DOK1	4407	1
1604	DOLK	13842	1
1605	DONSON	10292	1
1606	DOT1L	2989	1
1607	DPAGT1	13246	1
1608	DPCD	11772	1
1609	DPF2	6799	1
1610	DPH2	6649	1
1611	DPH3	9800	1
1612	DPH5	4724	1
1613	DPH6	6835	1
1614	DPH7	9083	1
1615	DPM1	2	1
1616	DPM2	7365	1
1617	DPM3	14596	1
1618	DPP3	42356	1
1619	DPP7	14181	1
1620	DPP8	1266	1
1621	DPP9	8183	1
1622	DPY19L4	9940	1
1623	DPY30	10867	1
1624	DPYSL2	1988	1
1625	DR1	4717	1
1626	DRAM1	7200	1
1627	DRAM2	9942	1
1628	DRAP1	13893	1
1629	DRG1	16028	1
1630	DRG2	3557	1
1631	DROSHA	4170	1
1632	DSCC1	7385	1
1633	DSG2	607	1
1634	DSN1	9237	1
1635	DST	9465	1
1636	DSTN	5738	1
1637	DSTYK	6699	1
1638	DTD1	5720	1
1639	DTD2	6143	1
1640	DTL	8398	1
1641	DTNBP1	623	1
1642	DTWD1	2867	1
1643	DTYMK	12336	1
1644	DUS1L	12645	1
1645	DUS4L	3207	1
1646	DUSP11	8508	1
1647	DUSP12	1540	1
1648	DUSP14	53469	1
1649	DUSP22	4091	1
1650	DUSP23	10245	1
1651	DUSP3	3604	1
1652	DUT	6085	1
1653	DVL1	3415	1
1654	DVL2	71	1
1655	DVL3	10578	1
1656	DYM	8143	1
1657	DYNC1H1	17288	1
1658	DYNC1I2	1382	1
1659	DYNC1LI1	8583	1
1660	DYNC1LI2	7130	1
1661	DYNC2LI1	7584	1
1662	DYNLL1	1801	1
1663	DYNLL2	47638	1
1664	DYNLRB1	5768	1
1665	DYNLT1	8839	1
1666	DYNLT3	11528	1
1667	DYRK1A	10103	1
1668	DYRK2	5902	1
1669	DYRK3	8399	1
1670	DYRK4	248	1
1671	E2F1	2519	1
1672	E2F3	4027	1
1673	E2F4	20110	1
1674	E2F6	12480	1
1675	E4F1	12227	1
1676	EAF1	8581	1
1677	EAPP	6148	1
1678	EBAG9	8999	1
1679	EBLN3P	56347	1
1680	EBNA1BP2	4697	1
1681	EBP	8927	1
1682	EBPL	5353	1
1683	ECD	5320	1
1684	ECH1	2968	1
1685	ECHDC1	1997	1
1686	ECHS1	5954	1
1687	ECI1	12229	1
1688	ECI2	17806	1
1689	ECPAS	7332	1
1690	ECSIT	6210	1
1691	ECT2	4272	1
1692	EDC3	14614	1
1693	EDC4	549	1
1694	EDEM1	6831	1
1695	EDEM3	4566	1
1696	EDF1	3399	1
1697	EDRF1	3471	1
1698	EEA1	2641	1
1699	EED	1255	1
1700	EEF1A1	9986	1
1701	EEF1AKMT1	9292	1
1702	EEF1AKMT2	19630	1
1703	EEF1AKMT4	57599	1
1704	EEF1B2	4342	1
1705	EEF1D	2934	1
1706	EEF1E1	5586	1
1707	EEF1G	42174	1
1708	EEF2	12146	1
1709	EEF2K	2799	1
1710	EEF2KMT	4848	1
1711	EEFSEC	6574	1
1712	EFCAB11	7905	1
1713	EFCAB14	10366	1
1714	EFCAB2	19591	1
1715	EFHC1	2057	1
1716	EFHD2	8256	1
1717	EFL1	7992	1
1718	EFNA4	36652	1
1719	EFR3A	6553	1
1720	EFTUD2	3606	1
1721	EGFL7	13385	1
1722	EGLN1	7140	1
1723	EGLN2	50128	1
1724	EGR1	5090	1
1725	EHBP1	4436	1
1726	EHBP1L1	13500	1
1727	EHD1	3733	1
1728	EHD4	2861	1
1729	EHMT1	14975	1
1730	EHMT2	19809	1
1731	EI24	9219	1
1732	EID1	42634	1
1733	EID2	14058	1
1734	EID2B	14060	1
1735	EIF1	13572	1
1736	EIF1AD	13863	1
1737	EIF1AX	13547	1
1738	EIF1B	4324	1
1739	EIF2A	8631	1
1740	EIF2AK1	1689	1
1741	EIF2AK2	748	1
1742	EIF2AK4	6071	1
1743	EIF2B1	3889	1
1744	EIF2B2	4948	1
1745	EIF2B3	1131	1
1746	EIF2B4	4377	1
1747	EIF2B5	8655	1
1748	EIF2D	8400	1
1749	EIF2S1	6811	1
1750	EIF2S2	5770	1
1751	EIF2S3	6324	1
1752	EIF3A	3428	1
1753	EIF3B	3276	1
1754	EIF3D	2278	1
1755	EIF3E	2915	1
1756	EIF3F	13865	1
1757	EIF3G	6342	1
1758	EIF3H	9003	1
1759	EIF3I	1629	1
1760	EIF3J	2876	1
1761	EIF3J-DT	14677	1
1762	EIF3K	14569	1
1763	EIF3L	2197	1
1764	EIF3M	9159	1
1765	EIF4A1	10650	1
1766	EIF4A2	10036	1
1767	EIF4A3	8126	1
1768	EIF4B	850	1
1769	EIF4E	9372	1
1770	EIF4E2	7174	1
1771	EIF4EBP1	16534	1
1772	EIF4EBP2	9121	1
1773	EIF4ENIF1	15775	1
1774	EIF4G1	4337	1
1775	EIF4G2	3765	1
1776	EIF4G3	1288	1
1777	EIF4H	3347	1
1778	EIF5	2367	1
1779	EIF5A	6596	1
1780	EIF5A2	11044	1
1781	EIF5B	10201	1
1782	EIF6	36266	1
1783	EIPR1	493	1
1784	ELAC1	8145	1
1785	ELAC2	155	1
1786	ELAVL1	957	1
1787	ELF1	5077	1
1788	ELF2	3661	1
1789	ELK1	5845	1
1790	ELK3	3849	1
1791	ELK4	10242	1
1792	ELL	3156	1
1793	ELL2	4861	1
1794	ELMOD2	14654	1
1795	ELMOD3	4428	1
1796	ELOA	274	1
1797	ELOB	2808	1
1798	ELOC	9773	1
1799	ELOF1	6212	1
1800	ELOVL1	968	1
1801	ELOVL5	318	1
1802	ELOVL6	12833	1
1803	ELP1	1096	1
1804	ELP2	6947	1
1805	ELP3	6814	1
1806	ELP4	3715	1
1807	ELP5	12771	1
1808	ELP6	11139	1
1809	EMC1	5916	1
1810	EMC10	10618	1
1811	EMC2	2916	1
1812	EMC3	5602	1
1813	EMC4	6020	1
1814	EMC6	5945	1
1815	EMC7	6837	1
1816	EMC8	6404	1
1817	EMC9	2404	1
1818	EMD	2631	1
1819	EMG1	5841	1
1820	EML3	9209	1
1821	EML4	8483	1
1822	EMP2	22516	1
1823	EMP3	8207	1
1824	EMSY	10236	1
1825	ENDOD1	9173	1
1826	ENDOG	12024	1
1827	ENDOV	13573	1
1828	ENKD1	5441	1
1829	ENO1	1275	1
1830	ENO2	3927	1
1831	ENOPH1	8672	1
1832	ENOSF1	6543	1
1833	ENOX2	11646	1
1834	ENSA	8385	1
1835	ENTPD1-AS1	26851	1
1836	ENTPD4	17328	1
1837	ENTPD6	17444	1
1838	ENTR1	11652	1
1839	ENY2	5058	1
1840	EP300	2293	1
1841	EP400	15476	1
1842	EPAS1	4515	1
1843	EPB41	10280	1
1844	EPB41L2	1476	1
1845	EPB41L4A-AS1	25036	1
1846	EPC1	5064	1
1847	EPC2	7189	1
1848	EPHX1	8465	1
1849	EPM2AIP1	14490	1
1850	EPN1	858	1
1851	EPN2	1178	1
1852	EPS15	1672	1
1853	EPS15L1	5924	1
1854	ERAL1	6612	1
1855	ERBIN	4113	1
1856	ERC1	1578	1
1857	ERCC1	310	1
1858	ERCC2	2988	1
1859	ERCC3	10925	1
1860	ERCC4	13903	1
1861	ERCC5	6974	1
1862	ERCC6	26257	1
1863	ERCC6L	16321	1
1864	ERCC6L2	15156	1
1865	ERCC8	653	1
1866	ERF	3180	1
1867	ERG28	6801	1
1868	ERGIC1	4216	1
1869	ERGIC2	1749	1
1870	ERGIC3	5771	1
1871	ERH	2362	1
1872	ERI1	2939	1
1873	ERI2	17164	1
1874	ERI3	4704	1
1875	ERICH1	2949	1
1876	ERLEC1	1058	1
1877	ERLIN1	3427	1
1878	ERLIN2	8972	1
1879	ERO1A	17552	1
1880	ERP29	1831	1
1881	ERP44	426	1
1882	ERV3-1	22328	1
1883	ERVK3-1	8219	1
1884	ESCO1	8102	1
1885	ESCO2	13017	1
1886	ESD	7859	1
1887	ESF1	1808	1
1888	ESRRA	13436	1
1889	ESS2	2172	1
1890	ESYT1	7850	1
1891	ESYT2	4759	1
1892	ETAA1	8491	1
1893	ETF1	5083	1
1894	ETFA	7944	1
1895	ETFB	3092	1
1896	ETFDH	13066	1
1897	ETFRF1	20224	1
1898	ETHE1	3187	1
1899	ETNK1	7769	1
1900	ETS2	10107	1
1901	ETV5	37110	1
1902	ETV6	7756	1
1903	EVA1B	8267	1
1904	EVI5	1003	1
1905	EVL	17068	1
1906	EWSR1	15344	1
1907	EXO1	13665	1
1908	EXOC1	1905	1
1909	EXOC2	4092	1
1910	EXOC3	14785	1
1911	EXOC3-AS1	24097	1
1912	EXOC4	6463	1
1913	EXOC5	1106	1
1914	EXOC6	7624	1
1915	EXOC7	15232	1
1916	EXOC8	4638	1
1917	EXOG	10044	1
1918	EXOSC1	13014	1
1919	EXOSC10	13140	1
1920	EXOSC2	6314	1
1921	EXOSC3	3413	1
1922	EXOSC4	14548	1
1923	EXOSC5	1381	1
1924	EXOSC6	24671	1
1925	EXOSC7	1328	1
1926	EXOSC8	5082	1
1927	EXOSC9	5418	1
1928	EXT2	9383	1
1929	EXTL2	10791	1
1930	EXTL3	316	1
1931	EYA3	10177	1
1932	EZH1	3587	1
1933	EZH2	3311	1
1934	EZR	1980	1
1935	F12	6412	1
1936	F2R	14979	1
1937	FAAP100	15973	1
1938	FAAP20	10753	1
1939	FABP5	11404	1
1940	FADD	12256	1
1941	FADS1	9206	1
1942	FADS3	24088	1
1943	FAF1	15877	1
1944	FAF2	4144	1
1945	FAH	2857	1
1946	FAHD1	14798	1
1947	FAHD2A	4354	1
1948	FAIM	10185	1
1949	FAM104A	6727	1
1950	FAM104B	15243	1
1951	FAM114A2	744	1
1952	FAM118B	17510	1
1953	FAM120A	649	1
1954	FAM120AOS	16818	1
1955	FAM120B	4080	1
1956	FAM133B	32164	1
1957	FAM136A	517	1
1958	FAM13A	7690	1
1959	FAM13B	487	1
1960	FAM161A	12761	1
1961	FAM162A	4245	1
1962	FAM168B	9484	1
1963	FAM171A1	9092	1
1964	FAM174C	27933	1
1965	FAM177A1	9380	1
1966	FAM193A	5637	1
1967	FAM199X	5401	1
1968	FAM200B	34351	1
1969	FAM204A	11643	1
1970	FAM20B	4545	1
1971	FAM210A	14215	1
1972	FAM210B	5446	1
1973	FAM216A	19998	1
1974	FAM217B	17003	1
1975	FAM219B	14526	1
1976	FAM222B	13421	1
1977	FAM229B	19622	1
1978	FAM234A	12222	1
1979	FAM32A	3027	1
1980	FAM3A	1164	1
1981	FAM3C	17236	1
1982	FAM50A	1163	1
1983	FAM53C	5085	1
1984	FAM76A	238	1
1985	FAM76B	1385	1
1986	FAM83D	2534	1
1987	FAM89B	14179	1
1988	FAM8A1	7459	1
1989	FAM91A1	14144	1
1990	FAM98A	4962	1
1991	FAM98B	13006	1
1992	FAM98C	6229	1
1993	FAN1	17792	1
1994	FANCA	16503	1
1995	FANCB	15043	1
1996	FANCD2	8570	1
1997	FANCG	24036	1
1998	FANCI	7978	1
1999	FANCL	4419	1
2000	FANCM	16518	1
2001	FAR1	17451	1
2002	FAR2	898	1
2003	FARP2	143	1
2004	FARS2	8773	1
2005	FARSA	14604	1
2006	FARSB	4528	1
2007	FASN	12641	1
2008	FASTK	11458	1
2009	FASTKD2	4787	1
2010	FASTKD5	23059	1
2011	FAU	9255	1
2012	FBH1	6899	1
2013	FBL	3049	1
2014	FBRS	10019	1
2015	FBRSL1	4107	1
2016	FBXL12	5915	1
2017	FBXL15	3463	1
2018	FBXL18	9825	1
2019	FBXL20	3506	1
2020	FBXL3	106	1
2021	FBXL4	4024	1
2022	FBXL5	4825	1
2023	FBXL6	15199	1
2024	FBXO11	7597	1
2025	FBXO17	49921	1
2026	FBXO21	7010	1
2027	FBXO22	12037	1
2028	FBXO25	8951	1
2029	FBXO28	8450	1
2030	FBXO3	3776	1
2031	FBXO30	4813	1
2032	FBXO33	11570	1
2033	FBXO34	14566	1
2034	FBXO38	8755	1
2035	FBXO42	539	1
2036	FBXO45	13611	1
2037	FBXO5	3987	1
2038	FBXO7	2224	1
2039	FBXO8	11244	1
2040	FBXO9	4007	1
2041	FBXW11	1204	1
2042	FBXW2	4894	1
2043	FBXW5	10283	1
2044	FBXW7	3686	1
2045	FBXW9	6524	1
2046	FCF1	4921	1
2047	FCGRT	2982	1
2048	FCHO2	10053	1
2049	FCHSD2	7469	1
2050	FDFT1	1466	1
2051	FDPS	10516	1
2052	FDX1	7511	1
2053	FDX2	49387	1
2054	FDXR	10595	1
2055	FECH	990	1
2056	FEM1A	8176	1
2057	FEM1B	12481	1
2058	FEN1	12364	1
2059	FER	9395	1
2060	FERMT2	1235	1
2061	FEZ2	12952	1
2062	FGD5-AS1	26192	1
2063	FGD6	14816	1
2064	FGF2	7706	1
2065	FGFR1	1396	1
2066	FGFR1OP2	3955	1
2067	FGFRL1	5911	1
2068	FH	1927	1
2069	FHL3	15452	1
2070	FHOD1	7132	1
2071	FIBP	13312	1
2072	FIGNL1	6582	1
2073	FIP1L1	8660	1
2074	FIS1	22699	1
2075	FJX1	14665	1
2076	FKBP11	6868	1
2077	FKBP14	3256	1
2078	FKBP15	4884	1
2079	FKBP1A	1789	1
2080	FKBP3	2312	1
2081	FKBP4	51	1
2082	FKBP5	2051	1
2083	FKBP8	3174	1
2084	FKTN	3352	1
2085	FLAD1	10506	1
2086	FLCN	9799	1
2087	FLII	14347	1
2088	FLNA	17232	1
2089	FLNB	7204	1
2090	FLNC	6038	1
2091	FLOT1	7447	1
2092	FLOT2	6611	1
2093	FLYWCH1	795	1
2094	FLYWCH2	10671	1
2095	FMC1	11460	1
2096	FMR1	2624	1
2097	FN3KRP	8130	1
2098	FNBP1	16408	1
2099	FNBP1L	7561	1
2100	FNBP4	3718	1
2101	FNDC3A	2679	1
2102	FNDC3B	1308	1
2103	FNIP1	23379	1
2104	FNIP2	701	1
2105	FNTA	12371	1
2106	FOXJ3	17855	1
2107	FOXK1	11464	1
2108	FOXK2	8133	1
2109	FOXM1	3855	1
2110	FOXN2	12887	1
2111	FOXN3	706	1
2112	FOXO3	4833	1
2113	FOXP1	4336	1
2114	FOXP4	7416	1
2115	FOXRED1	3739	1
2116	FPGS	7357	1
2117	FRA10AC1	9116	1
2118	FRG1	3676	1
2119	FRS2	11786	1
2120	FRYL	1312	1
2121	FSCN1	1314	1
2122	FSTL3	1109	1
2123	FTH1	12242	1
2124	FTL	1718	1
2125	FTO	8004	1
2126	FTSJ1	1043	1
2127	FTSJ3	3558	1
2128	FTX	29490	1
2129	FUBP1	10764	1
2130	FUBP3	3392	1
2131	FUCA1	14617	1
2132	FUCA2	7	1
2133	FUNDC1	1077	1
2134	FUNDC2	11669	1
2135	FUOM	9128	1
2136	FURIN	7989	1
2137	FUS	1833	1
2138	FUT11	17245	1
2139	FUT8	501	1
2140	FXN	11500	1
2141	FXR1	4283	1
2142	FXR2	6120	1
2143	FXYD5	1835	1
2144	FYN	271	1
2145	FYTTD1	5228	1
2146	FZR1	3075	1
2147	G2E3	1960	1
2148	G3BP1	8760	1
2149	G3BP2	7720	1
2150	G6PC3	8082	1
2151	G6PD	10439	1
2152	GABARAP	12773	1
2153	GABARAPL1	7757	1
2154	GABARAPL2	514	1
2155	GABPA	9790	1
2156	GABPB1	2870	1
2157	GABPB1-AS1	37250	1
2158	GABPB1-IT1	57790	1
2159	GADD45A	4604	1
2160	GADD45GIP1	14635	1
2161	GAK	14560	1
2162	GALE	4689	1
2163	GALK1	3536	1
2164	GALK2	10030	1
2165	GALNT1	8096	1
2166	GALNT10	11371	1
2167	GALNT11	14440	1
2168	GALNT2	8438	1
2169	GALNT4	43728	1
2170	GALNT7	3679	1
2171	GAMT	6193	1
2172	GANAB	1843	1
2173	GAPDH	3913	1
2174	GAPVD1	11545	1
2175	GAR1	3675	1
2176	GART	10290	1
2177	GAS2L1	15940	1
2178	GAS5	32300	1
2179	GAS6	15380	1
2180	GATAD1	10073	1
2181	GATAD2A	12091	1
2182	GATAD2B	8429	1
2183	GATB	801	1
2184	GATC	43535	1
2185	GATD1	14232	1
2186	GBA2	1119	1
2187	GBF1	3460	1
2188	GCAT	2193	1
2189	GCC2	7184	1
2190	GCDH	3139	1
2191	GCFC2	96	1
2192	GCLC	8	1
2193	GCLM	437	1
2194	GCN1	1820	1
2195	GCSH	8024	1
2196	GDAP2	17107	1
2197	GDE1	114	1
2198	GDF11	7068	1
2199	GDI1	19657	1
2200	GDI2	773	1
2201	GEMIN2	1966	1
2202	GEMIN4	14661	1
2203	GEMIN5	1572	1
2204	GEMIN6	9491	1
2205	GEMIN7	8211	1
2206	GEMIN8	608	1
2207	GEN1	14448	1
2208	GET1	15144	1
2209	GET3	17689	1
2210	GFER	5930	1
2211	GFM1	12436	1
2212	GFM2	11325	1
2213	GFOD2	8060	1
2214	GFPT1	17695	1
2215	GGA1	2181	1
2216	GGA2	2809	1
2217	GGA3	5645	1
2218	GGCT	145	1
2219	GGCX	4434	1
2220	GGH	7487	1
2221	GGNBP2	54618	1
2222	GGPS1	9582	1
2223	GHITM	11647	1
2224	GID4	8052	1
2225	GID8	2462	1
2226	GIGYF1	8880	1
2227	GIGYF2	19722	1
2228	GIHCG	43778	1
2229	GINM1	747	1
2230	GINS1	2423	1
2231	GINS2	6407	1
2232	GINS4	8980	1
2233	GIPC1	5349	1
2234	GIT1	3504	1
2235	GIT2	7818	1
2236	GJC1	15348	1
2237	GK5	13797	1
2238	GKAP1	11513	1
2239	GLA	2670	1
2240	GLB1	12763	1
2241	GLCE	7679	1
2242	GLE1	4890	1
2243	GLG1	1898	1
2244	GLI4	39053	1
2245	GLMN	13751	1
2246	GLMP	17802	1
2247	GLO1	5574	1
2248	GLOD4	12156	1
2249	GLRX	13454	1
2250	GLRX2	430	1
2251	GLRX3	3481	1
2252	GLRX5	15242	1
2253	GLS	4422	1
2254	GLT8D1	371	1
2255	GLTP	7817	1
2256	GLUD1	9112	1
2257	GLUL	7146	1
2258	GLYR1	7996	1
2259	GMCL1	1742	1
2260	GMDS	4095	1
2261	GMEB1	10719	1
2262	GMFB	17268	1
2263	GMNN	4046	1
2264	GMPPA	8579	1
2265	GMPPB	13517	1
2266	GMPR	7422	1
2267	GMPR2	2410	1
2268	GMPS	11079	1
2269	GNA11	1764	1
2270	GNA12	8850	1
2271	GNA13	5000	1
2272	GNAI2	4274	1
2273	GNAI3	913	1
2274	GNAQ	9929	1
2275	GNAS	1745	1
2276	GNB1	1421	1
2277	GNB2	13273	1
2278	GNB4	4287	1
2279	GNG10	36364	1
2280	GNG12	13282	1
2281	GNG5	13614	1
2282	GNL1	19902	1
2283	GNL2	6937	1
2284	GNL3	11172	1
2285	GNL3L	6206	1
2286	GNPAT	4639	1
2287	GNPDA1	4192	1
2288	GNPDA2	10950	1
2289	GNPNAT1	2329	1
2290	GNPTAB	3925	1
2291	GNPTG	1887	1
2292	GNS	7122	1
2293	GOLGA1	7374	1
2294	GOLGA2	12015	1
2295	GOLGA3	1889	1
2296	GOLGA4	8594	1
2297	GOLGA5	975	1
2298	GOLGA7	8978	1
2299	GOLGB1	13457	1
2300	GOLIM4	13589	1
2301	GOLM1	6998	1
2302	GOLPH3	4174	1
2303	GOLPH3L	8394	1
2304	GOLT1B	3937	1
2305	GON4L	4580	1
2306	GON7	12764	1
2307	GOPC	632	1
2308	GORASP2	4481	1
2309	GOSR1	3554	1
2310	GOSR2	3526	1
2311	GOT1	4996	1
2312	GOT2	5612	1
2313	GPAA1	17525	1
2314	GPALPP1	6714	1
2315	GPAM	4979	1
2316	GPANK1	19841	1
2317	GPAT4	10238	1
2318	GPATCH1	1350	1
2319	GPATCH11	9489	1
2320	GPATCH2	1990	1
2321	GPATCH2L	1857	1
2322	GPATCH4	10531	1
2323	GPATCH8	16254	1
2324	GPBP1	838	1
2325	GPBP1L1	10358	1
2326	GPCPD1	5703	1
2327	GPD2	4369	1
2328	GPI	3053	1
2329	GPKOW	1041	1
2330	GPN1	17737	1
2331	GPN2	8273	1
2332	GPN3	3860	1
2333	GPR107	9077	1
2334	GPR108	5694	1
2335	GPR137	13466	1
2336	GPR180	9567	1
2337	GPRC5C	12800	1
2338	GPS1	12646	1
2339	GPS2	6601	1
2340	GPSM2	5214	1
2341	GPT2	11750	1
2342	GPX4	12086	1
2343	GRAMD1A	1837	1
2344	GRB10	3253	1
2345	GRB2	14372	1
2346	GRHPR	7408	1
2347	GRINA	14517	1
2348	GRIPAP1	1042	1
2349	GRK2	13416	1
2350	GRK6	17600	1
2351	GRN	486	1
2352	GRPEL1	3674	1
2353	GRPEL2	11296	1
2354	GRSF1	6585	1
2355	GRWD1	3110	1
2356	GSE1	6405	1
2357	GSK3A	3181	1
2358	GSK3B	1576	1
2359	GSKIP	2378	1
2360	GSPT1	2802	1
2361	GSR	2945	1
2362	GSS	2416	1
2363	GSTCD	7732	1
2364	GSTK1	17398	1
2365	GSTM3	6846	1
2366	GSTO1	9133	1
2367	GSTP1	1624	1
2368	GSTZ1	2342	1
2369	GTF2A1	11582	1
2370	GTF2A2	7934	1
2371	GTF2B	7563	1
2372	GTF2E1	9667	1
2373	GTF2E2	17342	1
2374	GTF2F1	5680	1
2375	GTF2F2	16661	1
2376	GTF2H1	3807	1
2377	GTF2H2	8730	1
2378	GTF2H3	3888	1
2379	GTF2H4	22494	1
2380	GTF2H5	51405	1
2381	GTF2I	47071	1
2382	GTF3A	5224	1
2383	GTF3C1	1373	1
2384	GTF3C2	4376	1
2385	GTF3C3	4866	1
2386	GTF3C4	5654	1
2387	GTF3C5	9065	1
2388	GTF3C6	9838	1
2389	GTPBP1	2225	1
2390	GTPBP10	3193	1
2391	GTPBP2	13293	1
2392	GTPBP3	6236	1
2393	GTPBP4	3470	1
2394	GTPBP6	14499	1
2395	GTPBP8	11056	1
2396	GTSE1	1291	1
2397	GUCD1	7748	1
2398	GUF1	9452	1
2399	GUK1	8455	1
2400	GULP1	8547	1
2401	GUSB	12694	1
2402	GXYLT1	9369	1
2403	GYG1	11113	1
2404	GZF1	5712	1
2405	HACD2	20363	1
2406	HACD3	1271	1
2407	HACL1	6428	1
2408	HADH	7737	1
2409	HADHA	1640	1
2410	HADHB	7579	1
2411	HAGH	866	1
2412	HAGHL	2787	1
2413	HARS2	4115	1
2414	HAT1	6060	1
2415	HAUS1	9504	1
2416	HAUS2	7533	1
2417	HAUS3	22755	1
2418	HAUS4	1951	1
2419	HAUS6	9023	1
2420	HAUS8	6424	1
2421	HAX1	8423	1
2422	HBP1	3206	1
2423	HBS1L	4052	1
2424	HCCS	70	1
2425	HCFC1	13317	1
2426	HCFC1R1	2763	1
2427	HCFC2	3942	1
2428	HCG18	29817	1
2429	HDAC1	4570	1
2430	HDAC2	17137	1
2431	HDAC3	13110	1
2432	HDAC5	3598	1
2433	HDAC7	825	1
2434	HDAC8	8911	1
2435	HDDC2	3979	1
2436	HDDC3	15732	1
2437	HDGF	8354	1
2438	HDGFL2	12150	1
2439	HDGFL3	11865	1
2440	HDHD2	12043	1
2441	HDHD5	1090	1
2442	HDLBP	4468	1
2443	HEATR1	4881	1
2444	HEATR3	9861	1
2445	HEATR5A	6145	1
2446	HEATR6	1032	1
2447	HEBP2	695	1
2448	HECTD1	1961	1
2449	HECTD4	13420	1
2450	HEIH	54995	1
2451	HELLPAR	56305	1
2452	HELLS	4987	1
2453	HELQ	10959	1
2454	HELZ	17667	1
2455	HERC1	2845	1
2456	HERC2	6065	1
2457	HERC4	9108	1
2458	HERPUD1	688	1
2459	HERPUD2	5276	1
2460	HES1	4269	1
2461	HES4	16645	1
2462	HEXA	22404	1
2463	HEXB	670	1
2464	HEXD	12628	1
2465	HEXIM1	16311	1
2466	HGH1	32605	1
2467	HGS	15945	1
2468	HIBADH	3249	1
2469	HIBCH	17626	1
2470	HIF1A	2363	1
2471	HIF1AN	11755	1
2472	HIGD1A	14971	1
2473	HIGD2A	8788	1
2474	HIKESHI	9170	1
2475	HILPDA	7029	1
2476	HINT1	12609	1
2477	HINT2	7410	1
2478	HINT3	3981	1
2479	HIP1	5960	1
2480	HIPK1	10969	1
2481	HIPK2	882	1
2482	HIPK3	3774	1
2483	HIRA	2182	1
2484	HIRIP3	9263	1
2485	HIVEP1	2047	1
2486	HJURP	5389	1
2487	HK1	9989	1
2488	HK2	10340	1
2489	HLA-C	19873	1
2490	HLA-E	19903	1
2491	HLCS	10323	1
2492	HLTF	1162	1
2493	HM13	2490	1
2494	HMBOX1	8961	1
2495	HMBS	43158	1
2496	HMCES	15508	1
2497	HMG20A	7946	1
2498	HMG20B	904	1
2499	HMGA1	7445	1
2500	HMGB1	16933	1
2501	HMGB2	11234	1
2502	HMGB3	481	1
2503	HMGCL	4688	1
2504	HMGCR	4142	1
2505	HMGCS1	4123	1
2506	HMGN1	20191	1
2507	HMGN2	17864	1
2508	HMGN3	4803	1
2509	HMGN4	15346	1
2510	HMGXB3	4215	1
2511	HMGXB4	2242	1
2512	HMMR	1195	1
2513	HMOX2	2813	1
2514	HNRNPA0	14349	1
2515	HNRNPA1	7090	1
2516	HNRNPA2B1	5278	1
2517	HNRNPA3	12737	1
2518	HNRNPAB	17399	1
2519	HNRNPC	1962	1
2520	HNRNPD	7699	1
2521	HNRNPDL	9577	1
2522	HNRNPF	12665	1
2523	HNRNPH1	12490	1
2524	HNRNPH2	5872	1
2525	HNRNPH3	2066	1
2526	HNRNPK	11516	1
2527	HNRNPL	2969	1
2528	HNRNPLL	8479	1
2529	HNRNPM	2109	1
2530	HNRNPR	5758	1
2531	HNRNPU	9623	1
2532	HNRNPUL1	3074	1
2533	HNRNPUL2	22868	1
2534	HOMER3	689	1
2535	HOOK2	2015	1
2536	HOOK3	12289	1
2537	HP1BP3	5919	1
2538	HPCAL1	4476	1
2539	HPF1	757	1
2540	HPRT1	11658	1
2541	HPS1	3421	1
2542	HPS3	11114	1
2543	HPS4	2186	1
2544	HPS5	3806	1
2545	HRAS	13736	1
2546	HS2ST1	9692	1
2547	HS3ST3A1	9696	1
2548	HSBP1	29759	1
2549	HSCB	2217	1
2550	HSD17B10	1193	1
2551	HSD17B11	17647	1
2552	HSD17B12	9155	1
2553	HSD17B4	6793	1
2554	HSDL1	2768	1
2555	HSDL2	4904	1
2556	HSF1	15881	1
2557	HSF2	443	1
2558	HSP90AA1	1509	1
2559	HSP90AB1	2059	1
2560	HSP90B1	11892	1
2561	HSPA13	9850	1
2562	HSPA14	16441	1
2563	HSPA1A	19818	1
2564	HSPA1B	19817	1
2565	HSPA4	12850	1
2566	HSPA4L	11216	1
2567	HSPA5	606	1
2568	HSPA8	3724	1
2569	HSPA9	4130	1
2570	HSPB1	3269	1
2571	HSPBP1	6736	1
2572	HSPD1	8549	1
2573	HSPE1	4446	1
2574	HSPG2	8278	1
2575	HSPH1	5079	1
2576	HTATSF1	2649	1
2577	HTRA2	4405	1
2578	HTT	17380	1
2579	HUS1	7248	1
2580	HUWE1	1707	1
2581	HYAL2	1027	1
2582	HYI	14554	1
2583	HYOU1	9197	1
2584	IARS2	1017	1
2585	IBTK	103	1
2586	ICAM3	1351	1
2587	ICE1	11257	1
2588	ICE2	6079	1
2589	ICMT	4552	1
2590	ID1	5766	1
2591	IDE	4973	1
2592	IDH1	7657	1
2593	IDH2	15138	1
2594	IDH3A	11838	1
2595	IDH3B	2512	1
2596	IDH3G	1020	1
2597	IDI1	994	1
2598	IDS	263	1
2599	IER2	10542	1
2600	IER3	7448	1
2601	IER3IP1	6820	1
2602	IER5	10825	1
2603	IFI27L1	11712	1
2604	IFI35	1031	1
2605	IFITM2	15900	1
2606	IFNAR1	8194	1
2607	IFNAR2	10287	1
2608	IFNGR1	464	1
2609	IFNGR2	10289	1
2610	IFRD1	148	1
2611	IFRD2	22856	1
2612	IFT122	11162	1
2613	IFT20	3628	1
2614	IFT22	6035	1
2615	IFT27	2281	1
2616	IFT43	4927	1
2617	IFT46	4772	1
2618	IFT52	2429	1
2619	IFT57	4286	1
2620	IFT80	1056	1
2621	IFT81	5327	1
2622	IFT88	495	1
2623	IGBP1	1834	1
2624	IGF1R	7956	1
2625	IGF2BP1	10311	1
2626	IGF2BP2	1240	1
2627	IGF2BP3	7235	1
2628	IGF2R	17281	1
2629	IGHMBP2	6644	1
2630	IK	4141	1
2631	IKBIP	11753	1
2632	IKBKB	2908	1
2633	IKBKG	49957	1
2634	IKZF5	2032	1
2635	IL10RB	36761	1
2636	IL13RA1	6478	1
2637	IL17RA	14323	1
2638	IL6ST	6885	1
2639	ILF2	8430	1
2640	ILF3	6128	1
2641	ILF3-DT	48928	1
2642	ILK	11813	1
2643	ILKAP	6559	1
2644	ILRUN	17205	1
2645	ILVBL	3035	1
2646	IMMP1L	9147	1
2647	IMMP2L	15814	1
2648	IMMT	6556	1
2649	IMP3	14385	1
2650	IMP4	7318	1
2651	IMPA1	6781	1
2652	IMPACT	9706	1
2653	IMPDH1	3294	1
2654	IMPDH2	14399	1
2655	INCENP	9210	1
2656	INF2	19556	1
2657	ING1	9653	1
2658	ING2	12378	1
2659	ING3	1150	1
2660	ING5	12338	1
2661	INIP	9043	1
2662	INO80	6078	1
2663	INO80B	4394	1
2664	INO80C	9646	1
2665	INO80D	4341	1
2666	INO80E	12613	1
2667	INPP1	9432	1
2668	INPP5F	17861	1
2669	INPPL1	11588	1
2670	INSIG1	16235	1
2671	INSIG2	5673	1
2672	INTS1	11454	1
2673	INTS10	2938	1
2674	INTS11	5879	1
2675	INTS12	7733	1
2676	INTS13	870	1
2677	INTS14	7682	1
2678	INTS2	3537	1
2679	INTS3	8432	1
2680	INTS4	9179	1
2681	INTS5	15872	1
2682	INTS6	2701	1
2683	INTS7	8401	1
2684	INTS8	11475	1
2685	INTU	11214	1
2686	IP6K1	13991	1
2687	IP6K2	1050	1
2688	IPO11	1687	1
2689	IPO13	4701	1
2690	IPO4	17102	1
2691	IPO5	914	1
2692	IPO7	20136	1
2693	IPO8	6778	1
2694	IPO9	17796	1
2695	IPP	17392	1
2696	IQCB1	13455	1
2697	IQCE	3241	1
2698	IQGAP1	7990	1
2699	IRAK1	15660	1
2700	IRAK4	17581	1
2701	IREB2	7265	1
2702	IRF1	5626	1
2703	IRF2	12323	1
2704	IRF2BP1	12848	1
2705	IRF2BP2	12304	1
2706	IRF3	5816	1
2707	IRGQ	12071	1
2708	IRS1	12491	1
2709	ISCA1	7001	1
2710	ISCA2	11699	1
2711	ISCU	7191	1
2712	ISG15	16467	1
2713	ISG20L2	8352	1
2714	ISOC1	978	1
2715	ISOC2	856	1
2716	IST1	15155	1
2717	ISY1	35571	1
2718	ITCH	1436	1
2719	ITFG1	6159	1
2720	ITFG2	3854	1
2721	ITGAE	1594	1
2722	ITGAV	7665	1
2723	ITGB1	9274	1
2724	ITGB1BP1	4874	1
2725	ITGB3BP	8279	1
2726	ITM2B	7223	1
2727	ITM2C	7167	1
2728	ITPA	5744	1
2729	ITPR1	9341	1
2730	ITPR2	5338	1
2731	ITPR3	2062	1
2732	ITPRID2	7660	1
2733	ITSN1	20228	1
2734	ITSN2	17700	1
2735	IVNS1ABP	4594	1
2736	IWS1	10927	1
2737	JADE1	1393	1
2738	JAGN1	12974	1
2739	JAK1	10723	1
2740	JARID2	199	1
2741	JKAMP	673	1
2742	JMJD1C	13180	1
2743	JMJD4	1539	1
2744	JMJD6	1114	1
2745	JMJD8	10657	1
2746	JMY	9523	1
2747	JOSD1	2223	1
2748	JOSD2	10619	1
2749	JPT1	16875	1
2750	JPT2	20310	1
2751	JPX	26015	1
2752	JRK	32213	1
2753	JTB	8413	1
2754	JUN	14316	1
2755	JUNB	12998	1
2756	JUND	6276	1
2757	JUP	13567	1
2758	KANK2	17339	1
2759	KANSL1	5002	1
2760	KANSL2	7842	1
2761	KANSL3	4346	1
2762	KAT2A	3579	1
2763	KAT5	13408	1
2764	KAT6A	1587	1
2765	KAT6B	10001	1
2766	KAT7	7283	1
2767	KAT8	2829	1
2768	KATNA1	16266	1
2769	KATNAL1	2700	1
2770	KATNB1	8020	1
2771	KATNBL1	6836	1
2772	KBTBD2	12898	1
2773	KBTBD4	5383	1
2774	KCMF1	14063	1
2775	KCNQ1OT1	50114	1
2776	KCTD10	3825	1
2777	KCTD13	13771	1
2778	KCTD20	3996	1
2779	KCTD3	7303	1
2780	KCTD5	12232	1
2781	KCTD9	2956	1
2782	KDELR1	3108	1
2783	KDELR2	7239	1
2784	KDELR3	2212	1
2785	KDM1A	52	1
2786	KDM2A	13431	1
2787	KDM2B	1815	1
2788	KDM3A	4447	1
2789	KDM3B	5089	1
2790	KDM4A	961	1
2791	KDM4B	5941	1
2792	KDM5A	1232	1
2793	KDM5B	4668	1
2794	KDM5C	5780	1
2795	KDM6A	8906	1
2796	KDM6B	6597	1
2797	KDSR	4912	1
2798	KEAP1	1481	1
2799	KHDC4	6632	1
2800	KHDRBS1	5193	1
2801	KHSRP	1763	1
2802	KIAA0232	12903	1
2803	KIAA0319L	8266	1
2804	KIAA0586	2343	1
2805	KIAA1143	11126	1
2806	KIAA1191	5241	1
2807	KIAA1522	10743	1
2808	KIAA1586	12274	1
2809	KIAA2013	4595	1
2810	KIDINS220	6874	1
2811	KIF11	7615	1
2812	KIF13A	7419	1
2813	KIF13B	17540	1
2814	KIF14	4779	1
2815	KIF15	11127	1
2816	KIF16B	1825	1
2817	KIF18A	5176	1
2818	KIF1B	728	1
2819	KIF1C	6121	1
2820	KIF20A	4127	1
2821	KIF20B	7622	1
2822	KIF21A	7758	1
2823	KIF22	1470	1
2824	KIF23	7530	1
2825	KIF2A	1053	1
2826	KIF2C	8288	1
2827	KIF3A	6442	1
2828	KIF3B	2508	1
2829	KIF4A	1899	1
2830	KIF5B	12876	1
2831	KIF9	1781	1
2832	KIFAP3	1329	1
2833	KIFC1	34271	1
2834	KIFC3	8021	1
2835	KIN	9429	1
2836	KLC1	5789	1
2837	KLC2	13787	1
2838	KLF10	9831	1
2839	KLF16	6181	1
2840	KLF3	3702	1
2841	KLF6	996	1
2842	KLF9	4871	1
2843	KLHDC10	6045	1
2844	KLHDC2	11608	1
2845	KLHDC3	5565	1
2846	KLHDC4	2953	1
2847	KLHL18	4305	1
2848	KLHL20	1340	1
2849	KLHL21	10717	1
2850	KLHL23	22163	1
2851	KLHL36	7125	1
2852	KLHL42	1744	1
2853	KLHL5	3703	1
2854	KLHL7	5275	1
2855	KLHL8	8676	1
2856	KMT2A	4770	1
2857	KMT2B	51552	1
2858	KMT2C	750	1
2859	KMT2D	12106	1
2860	KMT2E	100	1
2861	KMT5A	15602	1
2862	KMT5B	3738	1
2863	KNL1	7532	1
2864	KNOP1	2838	1
2865	KNSTRN	6084	1
2866	KNTC1	15716	1
2867	KPNA1	4247	1
2868	KPNA2	15234	1
2869	KPNA3	2695	1
2870	KPNA4	16216	1
2871	KPNA5	17226	1
2872	KPNA6	451	1
2873	KPNB1	3525	1
2874	KRAS	6777	1
2875	KRCC1	13205	1
2876	KRI1	6127	1
2877	KRIT1	18	1
2878	KRR1	3911	1
2879	KRT10	16209	1
2880	KRT18	3842	1
2881	KRT8	12803	1
2882	KRTCAP2	11000	1
2883	KTI12	17873	1
2884	KTN1	5849	1
2885	KXD1	3173	1
2886	KYAT3	7562	1
2887	L3MBTL2	2294	1
2888	LACTB	2842	1
2889	LACTB2	8988	1
2890	LAGE3	17249	1
2891	LAMB1	1914	1
2892	LAMP1	16074	1
2893	LAMP2	111	1
2894	LAMTOR1	9193	1
2895	LAMTOR2	4582	1
2896	LAMTOR3	3654	1
2897	LAMTOR4	16625	1
2898	LAMTOR5	6856	1
2899	LANCL1	4415	1
2900	LANCL2	6581	1
2901	LAP3	22	1
2902	LAPTM4A	1048	1
2903	LAPTM4B	2904	1
2904	LARP1	9867	1
2905	LARP1B	7711	1
2906	LARP4	10628	1
2907	LARP4B	3469	1
2908	LARP7	13729	1
2909	LARS2	294	1
2910	LAS1L	12	1
2911	LASP1	29	1
2912	LATS1	6378	1
2913	LBH	22409	1
2914	LBR	8463	1
2915	LCLAT1	13401	1
2916	LCMT1	20202	1
2917	LCOR	17006	1
2918	LCORL	14427	1
2919	LDAH	4856	1
2920	LDB1	17810	1
2921	LDHA	6882	1
2922	LDHB	3939	1
2923	LDLR	6211	1
2924	LEMD2	10636	1
2925	LEMD3	13621	1
2926	LENG1	3144	1
2927	LENG8	12127	1
2928	LEO1	11857	1
2929	LEPROT	22408	1
2930	LEPROTL1	2942	1
2931	LETM1	12460	1
2932	LETMD1	679	1
2933	LGALS1	2185	1
2934	LGALS8	4644	1
2935	LGMN	2351	1
2936	LGR4	20102	1
2937	LIAS	5205	1
2938	LIG1	3116	1
2939	LIG3	82	1
2940	LIG4	13669	1
2941	LIMA1	678	1
2942	LIMD1	8610	1
2943	LIMK2	15248	1
2944	LIMS1	12653	1
2945	LIN54	16909	1
2946	LIN7C	9145	1
2947	LIN9	15572	1
2948	LINC00342	31068	1
2949	LINC00467	9645	1
2950	LINC00662	46795	1
2951	LINC00667	47346	1
2952	LINC00963	19704	1
2953	LINC01278	32779	1
2954	LINC02693	22037	1
2955	LINC02802	30777	1
2956	LITAF	16852	1
2957	LIX1L	51166	1
2958	LLPH	7789	1
2959	LMAN1	1270	1
2960	LMAN2	12534	1
2961	LMBR1	3230	1
2962	LMBR1L	7848	1
2963	LMBRD1	12293	1
2964	LMF2	2236	1
2965	LMLN	15998	1
2966	LMNA	10523	1
2967	LMNB1	4172	1
2968	LMNB2	14097	1
2969	LMO4	8295	1
2970	LNPEP	4181	1
2971	LNPK	8540	1
2972	LONP1	17050	1
2973	LONP2	2725	1
2974	LPCAT1	9647	1
2975	LPCAT2	1732	1
2976	LPCAT3	3931	1
2977	LPGAT1	5413	1
2978	LPIN1	6879	1
2979	LPIN2	2552	1
2980	LRBA	17760	1
2981	LRCH1	7214	1
2982	LRCH3	16107	1
2983	LRCH4	1384	1
2984	LRFN4	13538	1
2985	LRIF1	5211	1
2986	LRIG2	17849	1
2987	LRP10	17360	1
2988	LRP12	8998	1
2989	LRP5	10694	1
2990	LRP6	1092	1
2991	LRP8	10064	1
2992	LRPAP1	11178	1
2993	LRPPRC	7601	1
2994	LRR1	11601	1
2995	LRRC28	12453	1
2996	LRRC40	977	1
2997	LRRC41	6534	1
2998	LRRC42	4548	1
2999	LRRC47	6331	1
3000	LRRC57	14950	1
3001	LRRC58	10991	1
3002	LRRC59	3595	1
3003	LRRC75A	15013	1
3004	LRRC8A	7328	1
3005	LRRC8C	13057	1
3006	LRRC8D	13060	1
3007	LRRCC1	6782	1
3008	LRRFIP1	5591	1
3009	LRRFIP2	1998	1
3010	LRWD1	10566	1
3011	LSG1	576	1
3012	LSM1	13853	1
3013	LSM10	15092	1
3014	LSM12	10616	1
3015	LSM14A	43483	1
3016	LSM14B	9243	1
3017	LSM2	19820	1
3018	LSM3	12902	1
3019	LSM4	6275	1
3020	LSM5	3296	1
3021	LSM6	11262	1
3022	LSM7	6246	1
3023	LSM8	6028	1
3024	LSR	3172	1
3025	LTA4H	3848	1
3026	LTBP1	661	1
3027	LTBP4	1858	1
3028	LTBR	3879	1
3029	LTN1	17887	1
3030	LTO1	9246	1
3031	LTV1	7096	1
3032	LUC7L	184	1
3033	LUC7L2	8898	1
3034	LUC7L3	3600	1
3035	LUZP1	12627	1
3036	LY6E	10545	1
3037	LYAR	8662	1
3038	LYN	41609	1
3039	LYPLA1	5121	1
3040	LYPLA2	275	1
3041	LYPLAL1	8362	1
3042	LYRM1	2719	1
3043	LYRM2	1585	1
3044	LYRM4	22649	1
3045	LYRM7	16282	1
3046	LYSMD3	13975	1
3047	LZIC	10726	1
3048	LZTS2	3452	1
3049	M6PR	32	1
3050	MACF1	5939	1
3051	MACO1	19743	1
3052	MACROD1	6740	1
3053	MAD1L1	28	1
3054	MAD2L1	11238	1
3055	MAD2L1BP	5563	1
3056	MAD2L2	4591	1
3057	MAEA	1870	1
3058	MAF1	14700	1
3059	MAFG	17276	1
3060	MAGED2	2660	1
3061	MAGEF1	14265	1
3062	MAGI3	1518	1
3063	MAGOH	10707	1
3064	MAGOHB	3852	1
3065	MAGT1	2636	1
3066	MAIP1	10869	1
3067	MAK16	17595	1
3068	MALAT1	39718	1
3069	MALSU1	10028	1
3070	MAML1	10564	1
3071	MAN1A1	3976	1
3072	MAN1A2	17637	1
3073	MAN1B1	14236	1
3074	MAN2A1	4118	1
3075	MAN2B1	2960	1
3076	MAN2C1	7952	1
3077	MANBAL	2511	1
3078	MANEA	13304	1
3079	MANEAL	15874	1
3080	MANF	8646	1
3081	MAP1A	11983	1
3082	MAP1B	6476	1
3083	MAP1LC3B	8029	1
3084	MAP1S	6268	1
3085	MAP2K1	12487	1
3086	MAP2K2	5871	1
3087	MAP2K4	935	1
3088	MAP2K5	7521	1
3089	MAP2K7	1361	1
3090	MAP3K11	13478	1
3091	MAP3K2	12705	1
3092	MAP3K20	1925	1
3093	MAP3K3	17911	1
3094	MAP3K4	1659	1
3095	MAP3K7	7050	1
3096	MAP4	631	1
3097	MAP4K3	304	1
3098	MAP4K3-DT	29975	1
3099	MAP4K4	1142	1
3100	MAP4K5	323	1
3101	MAP7D1	4633	1
3102	MAP7D3	6166	1
3103	MAPK1	2164	1
3104	MAPK12	16610	1
3105	MAPK14	3994	1
3106	MAPK1IP1L	12290	1
3107	MAPK3	2714	1
3108	MAPK6	1087	1
3109	MAPK8	3433	1
3110	MAPK9	684	1
3111	MAPKAP1	4905	1
3112	MAPKAPK2	10846	1
3113	MAPKAPK3	4314	1
3114	MAPKAPK5	1806	1
3115	MAPKAPK5-AS1	32208	1
3116	MAPRE1	2513	1
3117	MAPRE2	11986	1
3118	MARCKSL1	13810	1
3119	MARF1	11919	1
3120	MARK2	1194	1
3121	MARK3	1306	1
3122	MARK4	164	1
3123	MAST2	1680	1
3124	MAST4	1064	1
3125	MASTL	5059	1
3126	MAT2A	12454	1
3127	MAT2B	547	1
3128	MAU2	6184	1
3129	MAVS	1796	1
3130	MAX	5760	1
3131	MAZ	2825	1
3132	MBD2	6819	1
3133	MBD3	1160	1
3134	MBD4	6096	1
3135	MBD5	19828	1
3136	MBD6	11990	1
3137	MBIP	9381	1
3138	MBNL1	9554	1
3139	MBNL2	7873	1
3140	MBOAT7	5659	1
3141	MBTPS1	8030	1
3142	MBTPS2	313	1
3143	MCAT	2248	1
3144	MCCC1	1406	1
3145	MCCC2	6499	1
3146	MCEE	5510	1
3147	MCFD2	14841	1
3148	MCL1	8375	1
3149	MCM10	922	1
3150	MCM2	1218	1
3151	MCM3	4002	1
3152	MCM3AP	10458	1
3153	MCM4	2954	1
3154	MCM5	2250	1
3155	MCM6	1331	1
3156	MCM7	11867	1
3157	MCM8	5747	1
3158	MCMBP	17500	1
3159	MCOLN1	1893	1
3160	MCPH1	8949	1
3161	MCRIP1	26145	1
3162	MCRIP2	13277	1
3163	MCRS1	16516	1
3164	MCTS1	30511	1
3165	MCU	9924	1
3166	MCUB	76	1
3167	MCUR1	677	1
3168	MDC1	7449	1
3169	MDH1	350	1
3170	MDH2	8867	1
3171	MDK	3784	1
3172	MDM2	7124	1
3173	MDM4	17770	1
3174	MDN1	4009	1
3175	MDP1	22552	1
3176	ME1	947	1
3177	ME2	1560	1
3178	MEA1	5569	1
3179	MEAF6	11150	1
3180	MECOM	1650	1
3181	MECP2	12492	1
3182	MECR	4564	1
3183	MED1	5686	1
3184	MED10	6748	1
3185	MED11	10641	1
3186	MED13	3539	1
3187	MED13L	5332	1
3188	MED14	14797	1
3189	MED15	2134	1
3190	MED16	13833	1
3191	MED17	585	1
3192	MED19	9998	1
3193	MED21	9590	1
3194	MED22	9062	1
3195	MED23	4034	1
3196	MED24	226	1
3197	MED25	3017	1
3198	MED27	10492	1
3199	MED28	4826	1
3200	MED29	859	1
3201	MED30	11427	1
3202	MED31	3556	1
3203	MED4	7217	1
3204	MED6	6810	1
3205	MED7	9900	1
3206	MED8	10350	1
3207	MEF2A	1035	1
3208	MEGF8	3107	1
3209	MEIS2	6834	1
3210	MELK	11562	1
3211	MEN1	6800	1
3212	MEPCE	8882	1
3213	MESD	4761	1
3214	MEST	3315	1
3215	METAP1	11195	1
3216	METAP2	3847	1
3217	METRN	2790	1
3218	METRNL	14143	1
3219	METTL1	542	1
3220	METTL14	8688	1
3221	METTL15	12602	1
3222	METTL16	5947	1
3223	METTL17	11671	1
3224	METTL21A	8551	1
3225	METTL22	1008	1
3226	METTL23	14969	1
3227	METTL26	6321	1
3228	METTL2A	1756	1
3229	METTL2B	11498	1
3230	METTL3	11684	1
3231	METTL4	2551	1
3232	METTL5	7649	1
3233	METTL6	20375	1
3234	METTL8	5406	1
3235	METTL9	17255	1
3236	MEX3D	15049	1
3237	MFAP1	7921	1
3238	MFF	12470	1
3239	MFGE8	7984	1
3240	MFHAS1	8950	1
3241	MFN1	12964	1
3242	MFN2	4596	1
3243	MFSD1	4846	1
3244	MFSD10	3694	1
3245	MFSD11	1987	1
3246	MFSD12	10572	1
3247	MFSD14A	10022	1
3248	MFSD14B	9038	1
3249	MFSD3	12157	1
3250	MFSD4B	13452	1
3251	MFSD5	15249	1
3252	MFSD8	11217	1
3253	MGA	13637	1
3254	MGAT1	6443	1
3255	MGAT2	12311	1
3256	MGAT4B	10562	1
3257	MGAT5	9487	1
3258	MGME1	5741	1
3259	MGRN1	2709	1
3260	MGST1	217	1
3261	MGST2	1674	1
3262	MGST3	8332	1
3263	MHENCR	30719	1
3264	MIA2	9298	1
3265	MIA3	9744	1
3266	MIB1	2567	1
3267	MIB2	17420	1
3268	MICA	19871	1
3269	MICAL2	6791	1
3270	MICAL3	36578	1
3271	MICOS10	13499	1
3272	MICOS13	13765	1
3273	MICU1	3443	1
3274	MICU2	11596	1
3275	MID1IP1	11530	1
3276	MIDN	12087	1
3277	MIEF1	2267	1
3278	MIEN1	8158	1
3279	MIER1	17636	1
3280	MIER2	3133	1
3281	MIF	35681	1
3282	MIF4GD	5649	1
3283	MIGA1	14859	1
3284	MIIP	4598	1
3285	MINDY2	6082	1
3286	MINDY3	9093	1
3287	MIOS	11396	1
3288	MIPEP	461	1
3289	MIPOL1	9382	1
3290	MIR4435-2HG	13403	1
3291	MIR4458HG	37438	1
3292	MIS12	12202	1
3293	MIS18A	10281	1
3294	MIS18BP1	6150	1
3295	MITD1	10200	1
3296	MITF	16376	1
3297	MKI67	9125	1
3298	MKKS	5736	1
3299	MKLN1	6036	1
3300	MKNK1	1455	1
3301	MKNK2	2128	1
3302	MKRN1	6763	1
3303	MKRN2	1330	1
3304	MLEC	3827	1
3305	MLF1	14401	1
3306	MLF2	1848	1
3307	MLH1	1337	1
3308	MLH3	4935	1
3309	MLLT1	6255	1
3310	MLLT10	1424	1
3311	MLLT11	22184	1
3312	MLLT3	13143	1
3313	MLLT6	52967	1
3314	MLST8	12226	1
3315	MLX	3584	1
3316	MLXIP	13924	1
3317	MMAB	7816	1
3318	MMADHC	12314	1
3319	MMGT1	12589	1
3320	MMP24OS	5778	1
3321	MMS19	9841	1
3322	MMS22L	8816	1
3323	MMUT	8793	1
3324	MNAT1	400	1
3325	MND1	5140	1
3326	MNT	1112	1
3327	MOB1A	4345	1
3328	MOB1B	13518	1
3329	MOB2	15176	1
3330	MOB3A	13204	1
3331	MOB4	4445	1
3332	MOCS2	11266	1
3333	MOGS	4395	1
3334	MON1A	11220	1
3335	MON1B	2760	1
3336	MON2	835	1
3337	MORC2	6750	1
3338	MORC3	10319	1
3339	MORF4L1	16043	1
3340	MORF4L2	5397	1
3341	MORN2	16579	1
3342	MOSMO	16027	1
3343	MOSPD2	6208	1
3344	MOV10	9856	1
3345	MPC1	822	1
3346	MPC2	8318	1
3347	MPDU1	6122	1
3348	MPG	2766	1
3349	MPHOSPH10	5513	1
3350	MPHOSPH6	7127	1
3351	MPHOSPH8	16994	1
3352	MPHOSPH9	696	1
3353	MPI	14535	1
3354	MPLKIP	12320	1
3355	MPP1	6352	1
3356	MPRIP	6695	1
3357	MPST	6006	1
3358	MPV17	4375	1
3359	MPV17L2	42251	1
3360	MPZL1	17566	1
3361	MR1	9601	1
3362	MRE11	403	1
3363	MRFAP1	14576	1
3364	MRFAP1L1	14570	1
3365	MRGBP	2459	1
3366	MRI1	541	1
3367	MRM2	5291	1
3368	MRM3	13150	1
3369	MRNIP	10560	1
3370	MRPL1	12554	1
3371	MRPL10	10288	1
3372	MRPL11	13700	1
3373	MRPL12	47028	1
3374	MRPL13	13222	1
3375	MRPL14	14952	1
3376	MRPL15	7484	1
3377	MRPL16	11961	1
3378	MRPL17	10161	1
3379	MRPL18	3999	1
3380	MRPL19	4414	1
3381	MRPL2	4086	1
3382	MRPL20	36305	1
3383	MRPL20-AS1	25614	1
3384	MRPL21	17365	1
3385	MRPL22	1571	1
3386	MRPL23	22611	1
3387	MRPL24	8349	1
3388	MRPL27	3593	1
3389	MRPL28	1694	1
3390	MRPL3	4310	1
3391	MRPL30	15953	1
3392	MRPL32	3330	1
3393	MRPL33	36573	1
3394	MRPL34	6244	1
3395	MRPL35	6557	1
3396	MRPL36	13032	1
3397	MRPL37	4551	1
3398	MRPL38	19791	1
3399	MRPL39	9787	1
3400	MRPL4	3083	1
3401	MRPL40	15993	1
3402	MRPL41	15157	1
3403	MRPL42	17584	1
3404	MRPL43	754	1
3405	MRPL44	7160	1
3406	MRPL45	54896	1
3407	MRPL46	45095	1
3408	MRPL47	7287	1
3409	MRPL48	13899	1
3410	MRPL49	9253	1
3411	MRPL50	7364	1
3412	MRPL51	3912	1
3413	MRPL52	13328	1
3414	MRPL54	15506	1
3415	MRPL55	10853	1
3416	MRPL57	13434	1
3417	MRPL58	12207	1
3418	MRPL9	8388	1
3419	MRPS10	644	1
3420	MRPS11	15124	1
3421	MRPS12	6049	1
3422	MRPS14	5040	1
3423	MRPS15	4637	1
3424	MRPS16	15168	1
3425	MRPS17	35199	1
3426	MRPS18A	2054	1
3427	MRPS18B	19890	1
3428	MRPS18C	10960	1
3429	MRPS2	5235	1
3430	MRPS21	48588	1
3431	MRPS22	13807	1
3432	MRPS23	15051	1
3433	MRPS24	843	1
3434	MRPS25	6426	1
3435	MRPS26	5753	1
3436	MRPS27	4131	1
3437	MRPS28	8986	1
3438	MRPS30	4129	1
3439	MRPS31	2693	1
3440	MRPS33	1867	1
3441	MRPS34	1250	1
3442	MRPS35	831	1
3443	MRPS36	6821	1
3444	MRPS5	8500	1
3445	MRPS6	36886	1
3446	MRPS7	5644	1
3447	MRPS9	7185	1
3448	MRRF	9049	1
3449	MRS2	5535	1
3450	MRTFA	17135	1
3451	MRTFB	16178	1
3452	MRTO4	709	1
3453	MSANTD2	5051	1
3454	MSANTD3	982	1
3455	MSANTD4	12913	1
3456	MSH2	2012	1
3457	MSH3	4165	1
3458	MSH6	4523	1
3459	MSI2	9693	1
3460	MSL1	16807	1
3461	MSL2	13707	1
3462	MSL3	91	1
3463	MSMO1	702	1
3464	MSN	8908	1
3465	MSRB1	17815	1
3466	MSRB2	9090	1
3467	MSTO1	5651	1
3468	MT-ATP6	17907	1
3469	MT-ATP8	27907	1
3470	MT-CO1	17850	1
3471	MT-CO2	17801	1
3472	MT-CO3	17931	1
3473	MT-CYB	17809	1
3474	MT-ND1	17901	1
3475	MT-ND2	17830	1
3476	MT-ND3	17872	1
3477	MT-ND4	17899	1
3478	MT-ND4L	22056	1
3479	MT-ND5	17838	1
3480	MT-ND6	17795	1
3481	MT1X	16402	1
3482	MT2A	5610	1
3483	MTA1	15353	1
3484	MTA2	9204	1
3485	MTA3	778	1
3486	MTCH1	7456	1
3487	MTCH2	3717	1
3488	MTDH	8997	1
3489	MTERF3	9978	1
3490	MTERF4	5229	1
3491	MTF1	16779	1
3492	MTF2	8298	1
3493	MTFMT	2847	1
3494	MTFP1	36151	1
3495	MTFR1	988	1
3496	MTFR1L	4742	1
3497	MTFR2	8835	1
3498	MTG1	9130	1
3499	MTG2	2455	1
3500	MTHFD1	2372	1
3501	MTHFD1L	5023	1
3502	MTHFD2	950	1
3503	MTHFD2L	11107	1
3504	MTHFS	7262	1
3505	MTIF2	1669	1
3506	MTIF3	5223	1
3507	MTLN	13920	1
3508	MTMR12	9316	1
3509	MTMR14	11101	1
3510	MTMR2	1713	1
3511	MTMR4	3519	1
3512	MTMR6	7823	1
3513	MTMR9	2941	1
3514	MTO1	7036	1
3515	MTOR	17843	1
3516	MTPAP	3473	1
3517	MTPN	3213	1
3518	MTR	4647	1
3519	MTRES1	6251	1
3520	MTREX	555	1
3521	MTRF1L	3988	1
3522	MTRR	5500	1
3523	MTX1	13441	1
3524	MTX2	6053	1
3525	MUL1	1876	1
3526	MUS81	13349	1
3527	MVB12A	8178	1
3528	MVD	12093	1
3529	MXD4	5429	1
3530	MXI1	4984	1
3531	MXRA7	15247	1
3532	MXRA8	10752	1
3533	MYADM	14724	1
3534	MYBBP1A	6570	1
3535	MYBL2	2430	1
3536	MYC	7387	1
3537	MYCBP	22650	1
3538	MYCBP2	105	1
3539	MYDGF	1277	1
3540	MYH10	6692	1
3541	MYH9	2272	1
3542	MYL12A	2555	1
3543	MYL12B	4832	1
3544	MYL6	1981	1
3545	MYL6B	17094	1
3546	MYNN	1649	1
3547	MYO18A	17115	1
3548	MYO19	54596	1
3549	MYO1C	17532	1
3550	MYO6	17134	1
3551	MYO9A	991	1
3552	MYO9B	2091	1
3553	MYSM1	10761	1
3554	MZT1	20012	1
3555	MZT2A	13469	1
3556	MZT2B	9480	1
3557	N4BP1	2726	1
3558	N4BP2	1413	1
3559	N4BP2L2	37246	1
3560	N6AMT1	9951	1
3561	NAA10	2612	1
3562	NAA15	11253	1
3563	NAA16	13358	1
3564	NAA20	13495	1
3565	NAA25	3876	1
3566	NAA30	7896	1
3567	NAA35	6992	1
3568	NAA38	15359	1
3569	NAA40	3788	1
3570	NAA50	5174	1
3571	NAA60	5256	1
3572	NAB1	7651	1
3573	NAB2	11954	1
3574	NABP1	13523	1
3575	NABP2	7837	1
3576	NACA	17113	1
3577	NACC1	10538	1
3578	NACC2	9086	1
3579	NADK	203	1
3580	NADK2	9556	1
3581	NADSYN1	13386	1
3582	NAE1	10359	1
3583	NAF1	8691	1
3584	NAGK	5509	1
3585	NAGLU	3581	1
3586	NAGPA	2770	1
3587	NAMPT	3200	1
3588	NANS	2025	1
3589	NAP1L1	16379	1
3590	NAP1L4	20178	1
3591	NAPA	3100	1
3592	NAPEPLD	10568	1
3593	NAPG	6865	1
3594	NARF	8131	1
3595	NARS2	7482	1
3596	NASP	6651	1
3597	NAT10	7056	1
3598	NAT14	1903	1
3599	NAT9	3624	1
3600	NAV1	6888	1
3601	NAXD	22594	1
3602	NAXE	10981	1
3603	NBAS	9449	1
3604	NBDY	19773	1
3605	NBEAL1	8555	1
3606	NBN	2897	1
3607	NBPF1	23660	1
3608	NBR1	16710	1
3609	NCAPD2	254	1
3610	NCAPD3	9410	1
3611	NCAPG	3705	1
3612	NCAPG2	8893	1
3613	NCAPH	5137	1
3614	NCAPH2	448	1
3615	NCBP1	7376	1
3616	NCBP2	4293	1
3617	NCBP2AS2	50290	1
3618	NCBP3	1259	1
3619	NCDN	396	1
3620	NCK1	10168	1
3621	NCKAP1	830	1
3622	NCKAP5L	12115	1
3623	NCL	4355	1
3624	NCLN	5756	1
3625	NCOA1	1634	1
3626	NCOA2	7950	1
3627	NCOA3	5458	1
3628	NCOA4	48559	1
3629	NCOA5	5462	1
3630	NCOA6	17775	1
3631	NCOA7	3982	1
3632	NCOR1	8049	1
3633	NCOR2	17103	1
3634	NCS1	3388	1
3635	NCSTN	10807	1
3636	NDC1	793	1
3637	NDC80	1515	1
3638	NDE1	1210	1
3639	NDEL1	11886	1
3640	NDFIP1	6459	1
3641	NDFIP2	2677	1
3642	NDRG3	2433	1
3643	NDST1	1120	1
3644	NDUFA1	5631	1
3645	NDUFA10	6261	1
3646	NDUFA11	13757	1
3647	NDUFA12	15785	1
3648	NDUFA13	16111	1
3649	NDUFA2	6456	1
3650	NDUFA3	12914	1
3651	NDUFA4	16841	1
3652	NDUFA5	6046	1
3653	NDUFA6	15834	1
3654	NDUFA7	49504	1
3655	NDUFA8	4899	1
3656	NDUFA9	7774	1
3657	NDUFAB1	59	1
3658	NDUFAF1	7529	1
3659	NDUFAF2	11271	1
3660	NDUFAF3	14403	1
3661	NDUFAF4	5393	1
3662	NDUFAF5	2479	1
3663	NDUFAF6	9941	1
3664	NDUFAF7	41	1
3665	NDUFAF8	25618	1
3666	NDUFB1	15519	1
3667	NDUFB10	8041	1
3668	NDUFB11	8918	1
3669	NDUFB2	1868	1
3670	NDUFB3	4865	1
3671	NDUFB4	931	1
3672	NDUFB5	7286	1
3673	NDUFB6	11552	1
3674	NDUFB7	2111	1
3675	NDUFB8	11756	1
3676	NDUFB9	9005	1
3677	NDUFC1	3662	1
3678	NDUFC2	9388	1
3679	NDUFS1	424	1
3680	NDUFS2	10268	1
3681	NDUFS3	22405	1
3682	NDUFS4	11291	1
3683	NDUFS5	12396	1
3684	NDUFS6	8701	1
3685	NDUFS7	4397	1
3686	NDUFS8	3802	1
3687	NDUFV1	12192	1
3688	NDUFV2	14417	1
3689	NDUFV3	10431	1
3690	NEAT1	37292	1
3691	NECAP1	1852	1
3692	NECAP2	10063	1
3693	NECTIN2	6220	1
3694	NEDD1	7807	1
3695	NEDD4	1085	1
3696	NEDD8	6153	1
3697	NEIL3	3687	1
3698	NEK1	7492	1
3699	NEK2	4744	1
3700	NEK4	4339	1
3701	NEK6	4896	1
3702	NEK7	9393	1
3703	NEK9	4925	1
3704	NELFA	15862	1
3705	NELFB	16825	1
3706	NELFCD	2449	1
3707	NELFE	19802	1
3708	NEMF	11610	1
3709	NEMP1	11952	1
3710	NENF	4747	1
3711	NEPRO	11057	1
3712	NET1	13579	1
3713	NETO2	12993	1
3714	NEU1	19815	1
3715	NEXN	10765	1
3716	NF1	17174	1
3717	NF2	16257	1
3718	NFAT5	2724	1
3719	NFATC2IP	14175	1
3720	NFATC3	1200	1
3721	NFE2L1	1574	1
3722	NFE2L2	4522	1
3723	NFE2L3	676	1
3724	NFIA	10759	1
3725	NFIC	8170	1
3726	NFIL3	11496	1
3727	NFKB1	3656	1
3728	NFKBIA	2403	1
3729	NFKBIB	2970	1
3730	NFKBIL1	19862	1
3731	NFRKB	12778	1
3732	NFS1	36922	1
3733	NFU1	12616	1
3734	NFX1	1684	1
3735	NFXL1	12811	1
3736	NFYB	5101	1
3737	NFYC	962	1
3738	NGDN	6137	1
3739	NGLY1	9354	1
3740	NGRN	15299	1
3741	NHLRC2	17216	1
3742	NHLRC3	16784	1
3743	NHP2	8763	1
3744	NIF3L1	17026	1
3745	NIFK	9863	1
3746	NIN	2325	1
3747	NINJ1	6473	1
3748	NIP7	6614	1
3749	NIPA1	12733	1
3750	NIPA2	7918	1
3751	NIPAL3	11	1
3752	NIPBL	11275	1
3753	NIPSNAP1	15635	1
3754	NIPSNAP2	8870	1
3755	NIPSNAP3A	7327	1
3756	NISCH	259	1
3757	NIT1	10255	1
3758	NIT2	4244	1
3759	NKAP	2582	1
3760	NKAPD1	9326	1
3761	NKIRAS1	17535	1
3762	NKIRAS2	12301	1
3763	NKRF	16213	1
3764	NKTR	4334	1
3765	NLE1	1227	1
3766	NLN	5357	1
3767	NMD3	12547	1
3768	NME1	35156	1
3769	NME2	36778	1
3770	NME3	2744	1
3771	NME4	2779	1
3772	NME6	13206	1
3773	NME7	8316	1
3774	NMI	5408	1
3775	NMNAT1	13537	1
3776	NMRAL1	9649	1
3777	NMT1	7271	1
3778	NMT2	9535	1
3779	NNT	4128	1
3780	NNT-AS1	37482	1
3781	NOA1	1620	1
3782	NOB1	8061	1
3783	NOC2L	16821	1
3784	NOC3L	13435	1
3785	NOC4L	15832	1
3786	NOL10	4479	1
3787	NOL11	6358	1
3788	NOL12	52396	1
3789	NOL4L	17321	1
3790	NOL6	11554	1
3791	NOL7	26316	1
3792	NOL8	17580	1
3793	NOL9	10715	1
3794	NOLC1	11779	1
3795	NOM1	8891	1
3796	NONO	8924	1
3797	NOP10	15150	1
3798	NOP14	1736	1
3799	NOP16	637	1
3800	NOP2	3914	1
3801	NOP53	3089	1
3802	NOP56	2510	1
3803	NOP58	740	1
3804	NORAD	45508	1
3805	NOSIP	8241	1
3806	NPAT	9188	1
3807	NPC2	4928	1
3808	NPEPPS	8073	1
3809	NPIPB5	36797	1
3810	NPLOC4	15226	1
3811	NPM1	14985	1
3812	NPM3	3457	1
3813	NPRL2	4279	1
3814	NPRL3	2764	1
3815	NPTN	10000	1
3816	NQO1	14961	1
3817	NQO2	5548	1
3818	NR1D2	13731	1
3819	NR1H2	6439	1
3820	NR2C1	5094	1
3821	NR2C2	14283	1
3822	NR2C2AP	15644	1
3823	NR2F2	15983	1
3824	NR2F2-AS1	37459	1
3825	NR2F6	10414	1
3826	NR3C1	4198	1
3827	NRAS	22233	1
3828	NRBF2	9102	1
3829	NRBP1	4378	1
3830	NRDC	1430	1
3831	NRDE2	4949	1
3832	NRGN	9722	1
3833	NRIP1	14862	1
3834	NRIP3	13860	1
3835	NRM	7455	1
3836	NRSN2	5727	1
3837	NSA2	11324	1
3838	NSD1	11644	1
3839	NSD2	3690	1
3840	NSD3	8981	1
3841	NSDHL	8954	1
3842	NSF	1247	1
3843	NSFL1C	1790	1
3844	NSL1	4748	1
3845	NSMAF	521	1
3846	NSMCE1	12523	1
3847	NSMCE2	10016	1
3848	NSMCE3	15880	1
3849	NSMCE4A	3436	1
3850	NSMF	11676	1
3851	NSRP1	5835	1
3852	NSUN2	538	1
3853	NSUN3	14512	1
3854	NSUN4	4714	1
3855	NSUN5	6240	1
3856	NT5C	5650	1
3857	NT5C2	1352	1
3858	NT5C3A	5286	1
3859	NT5C3B	8154	1
3860	NT5DC1	14469	1
3861	NT5DC2	12306	1
3862	NT5DC3	3932	1
3863	NTAN1	10045	1
3864	NTHL1	911	1
3865	NTMT1	9068	1
3866	NTPCR	7144	1
3867	NUB1	331	1
3868	NUBP1	2794	1
3869	NUBP2	2044	1
3870	NUBPL	9392	1
3871	NUCB1	2963	1
3872	NUCB2	1097	1
3873	NUCKS1	1069	1
3874	NUDC	1869	1
3875	NUDCD1	5057	1
3876	NUDCD2	12847	1
3877	NUDCD3	365	1
3878	NUDT1	3278	1
3879	NUDT12	4116	1
3880	NUDT14	15575	1
3881	NUDT15	7225	1
3882	NUDT16	17758	1
3883	NUDT16L1	12273	1
3884	NUDT19	22580	1
3885	NUDT2	11487	1
3886	NUDT21	11993	1
3887	NUDT22	9250	1
3888	NUDT3	51548	1
3889	NUDT4	13532	1
3890	NUDT5	11626	1
3891	NUDT6	12917	1
3892	NUDT9	12829	1
3893	NUF2	8339	1
3894	NUFIP1	1599	1
3895	NUFIP2	3503	1
3896	NUMA1	7475	1
3897	NUMB	6805	1
3898	NUP107	3907	1
3899	NUP133	1068	1
3900	NUP153	5584	1
3901	NUP155	4195	1
3902	NUP160	482	1
3903	NUP188	2022	1
3904	NUP205	9873	1
3905	NUP214	5867	1
3906	NUP35	10881	1
3907	NUP37	1289	1
3908	NUP42	7240	1
3909	NUP43	5022	1
3910	NUP50	1991	1
3911	NUP54	7717	1
3912	NUP58	7822	1
3913	NUP62	22080	1
3914	NUP85	5647	1
3915	NUP88	3549	1
3916	NUP93	2721	1
3917	NUP98	3801	1
3918	NUS1	9698	1
3919	NUSAP1	7528	1
3920	NUTF2	2720	1
3921	NUTM2A-AS1	24661	1
3922	NUTM2B-AS1	26027	1
3923	NVL	8447	1
3924	NXF1	10686	1
3925	NXT1	6625	1
3926	OARD1	5550	1
3927	OAT	915	1
3928	OAZ1	2999	1
3929	OAZ2	14822	1
3930	OBI1	9494	1
3931	OBSL1	5438	1
3932	OCEL1	2090	1
3933	OCIAD1	3643	1
3934	ODC1	4477	1
3935	ODF2	7331	1
3936	ODF2L	5258	1
3937	ODR4	10061	1
3938	OFD1	609	1
3939	OGA	17703	1
3940	OGDH	3221	1
3941	OGFOD1	1734	1
3942	OGFOD3	15022	1
3943	OGFR	813	1
3944	OGG1	4246	1
3945	OGT	8929	1
3946	OIP5	2880	1
3947	OIP5-AS1	37439	1
3948	OLA1	7658	1
3949	OPA1	17868	1
3950	OPA3	5697	1
3951	OPN3	724	1
3952	ORAI1	53478	1
3953	ORAI2	10556	1
3954	ORAI3	13966	1
3955	ORC1	1673	1
3956	ORC2	4501	1
3957	ORC3	7048	1
3958	ORC4	4504	1
3959	ORC5	11435	1
3960	ORC6	1937	1
3961	ORMDL1	6059	1
3962	ORMDL2	5369	1
3963	ORMDL3	13197	1
3964	OS9	7093	1
3965	OSBP	3734	1
3966	OSBPL11	8633	1
3967	OSBPL2	6310	1
3968	OSBPL3	1135	1
3969	OSBPL6	1450	1
3970	OSBPL8	1908	1
3971	OSBPL9	4757	1
3972	OSER1	6658	1
3973	OSGEP	1956	1
3974	OSGIN2	11440	1
3975	OST4	28052	1
3976	OSTC	17883	1
3977	OSTF1	6989	1
3978	OSTM1	1523	1
3979	OTUB1	12182	1
3980	OTUD3	12692	1
3981	OTUD4	11261	1
3982	OTUD5	1036	1
3983	OTUD6B	9836	1
3984	OTUD6B-AS1	41317	1
3985	OTUD7B	47709	1
3986	OTULIN	9716	1
3987	OXA1L	9864	1
3988	OXCT1	1601	1
3989	OXLD1	19759	1
3990	OXR1	11443	1
3991	OXSM	9355	1
3992	OXSR1	13398	1
3993	P3H1	4695	1
3994	P4HA1	5321	1
3995	P4HB	15999	1
3996	PA2G4	12831	1
3997	PAAF1	13898	1
3998	PABPC1	1126	1
3999	PABPC4	1890	1
4000	PABPN1	2391	1
4001	PACC1	936	1
4002	PACRGL	10917	1
4003	PACS1	13808	1
4004	PACSIN2	2238	1
4005	PACSIN3	11702	1
4006	PAF1	152	1
4007	PAFAH1B1	168	1
4008	PAFAH1B2	12271	1
4009	PAFAH1B3	1467	1
4010	PAGR1	56228	1
4011	PAICS	5979	1
4012	PAIP1	13238	1
4013	PAIP2	5087	1
4014	PAK1	9180	1
4015	PAK1IP1	3966	1
4016	PAK2	14835	1
4017	PAK4	6302	1
4018	PALB2	1583	1
4019	PAM	8728	1
4020	PAM16	23472	1
4021	PANK2	5705	1
4022	PANK3	5008	1
4023	PAPOLA	1862	1
4024	PAPSS1	7739	1
4025	PAQR3	10955	1
4026	PAQR4	10670	1
4027	PARD3	9098	1
4028	PARG	27308	1
4029	PARK7	4559	1
4030	PARL	13823	1
4031	PARN	8003	1
4032	PARP1	8460	1
4033	PARP14	13443	1
4034	PARP2	6144	1
4035	PARP4	2691	1
4036	PARPBP	15967	1
4037	PARVB	16745	1
4038	PATL1	11957	1
4039	PAX6	181	1
4040	PAX8-AS1	16891	1
4041	PAXBP1	10286	1
4042	PAXIP1	10066	1
4043	PAXX	9078	1
4044	PBDC1	2669	1
4045	PBK	12267	1
4046	PBRM1	11173	1
4047	PBX2	19784	1
4048	PCBD1	11788	1
4049	PCBD2	6609	1
4050	PCBP1	12608	1
4051	PCBP2	17291	1
4052	PCCA	13825	1
4053	PCCA-DT	52756	1
4054	PCCB	4248	1
4055	PCF11	11598	1
4056	PCGF2	54077	1
4057	PCGF3	15997	1
4058	PCGF5	14879	1
4059	PCGF6	9965	1
4060	PCID2	5794	1
4061	PCIF1	2415	1
4062	PCLAF	11928	1
4063	PCM1	1432	1
4064	PCMT1	5026	1
4065	PCMTD1	12318	1
4066	PCMTD2	19658	1
4067	PCNA	6624	1
4068	PCNP	1526	1
4069	PCNT	10460	1
4070	PCNX1	2376	1
4071	PCNX3	17301	1
4072	PCNX4	5847	1
4073	PCOLCE2	11099	1
4074	PCSK7	10499	1
4075	PCYOX1	4513	1
4076	PCYT1A	10581	1
4077	PCYT2	16050	1
4078	PDAP1	3271	1
4079	PDCD10	4262	1
4080	PDCD11	9138	1
4081	PDCD2	1169	1
4082	PDCD2L	5800	1
4083	PDCD4	9302	1
4084	PDCD5	3044	1
4085	PDCD6	38619	1
4086	PDCD6IP	12757	1
4087	PDCD7	1878	1
4088	PDCL	7379	1
4089	PDCL3	4444	1
4090	PDE12	13750	1
4091	PDE4DIP	14412	1
4092	PDE6D	10035	1
4093	PDE7A	20113	1
4094	PDE8A	1225	1
4095	PDHA1	6497	1
4096	PDHB	12315	1
4097	PDHX	3777	1
4098	PDIA3	11992	1
4099	PDIA4	9881	1
4100	PDIA6	8476	1
4101	PDK1	9508	1
4102	PDLIM1	3416	1
4103	PDLIM2	5112	1
4104	PDLIM5	10909	1
4105	PDLIM7	17231	1
4106	PDP2	13379	1
4107	PDPK1	8042	1
4108	PDPR	1896	1
4109	PDRG1	1771	1
4110	PDS5A	5203	1
4111	PDS5B	1600	1
4112	PDSS1	9091	1
4113	PDSS2	11357	1
4114	PDXDC1	14737	1
4115	PDXK	10438	1
4116	PDXP	35850	1
4117	PDZD11	5055	1
4118	PDZD8	11639	1
4119	PEA15	10805	1
4120	PEAK1	13513	1
4121	PEBP1	1828	1
4122	PEF1	10740	1
4123	PELO	9563	1
4124	PELP1	8107	1
4125	PEMT	6693	1
4126	PEPD	5502	1
4127	PER3	657	1
4128	PES1	2163	1
4129	PET100	28949	1
4130	PET117	30997	1
4131	PEX1	5968	1
4132	PEX11B	6491	1
4133	PEX13	10858	1
4134	PEX14	8257	1
4135	PEX16	5181	1
4136	PEX19	10806	1
4137	PEX2	11424	1
4138	PEX26	23039	1
4139	PEX3	513	1
4140	PEX6	5547	1
4141	PEX7	4054	1
4142	PFAS	14553	1
4143	PFDN1	4132	1
4144	PFDN2	8342	1
4145	PFDN4	2442	1
4146	PFDN5	5367	1
4147	PFDN6	19755	1
4148	PFKL	8175	1
4149	PFKM	9545	1
4150	PFKP	993	1
4151	PFN1	3543	1
4152	PGAM1	13015	1
4153	PGAM5	37406	1
4154	PGAP2	9149	1
4155	PGBD1	7450	1
4156	PGD	8258	1
4157	PGGT1B	11280	1
4158	PGK1	2634	1
4159	PGLS	6245	1
4160	PGM2	12557	1
4161	PGM2L1	11584	1
4162	PGM3	332	1
4163	PGP	15656	1
4164	PGPEP1	6273	1
4165	PGRMC1	2579	1
4166	PGRMC2	11202	1
4167	PGS1	1726	1
4168	PHACTR2	4062	1
4169	PHACTR4	19728	1
4170	PHAX	11462	1
4171	PHB2	22977	1
4172	PHC2	6935	1
4173	PHC3	13585	1
4174	PHF1	4069	1
4175	PHF10	6196	1
4176	PHF12	3637	1
4177	PHF13	4557	1
4178	PHF14	3308	1
4179	PHF19	4895	1
4180	PHF20	444	1
4181	PHF20L1	6123	1
4182	PHF21A	7055	1
4183	PHF23	570	1
4184	PHF3	4809	1
4185	PHF5A	2298	1
4186	PHF6	9991	1
4187	PHGDH	1978	1
4188	PHIP	8814	1
4189	PHKB	2718	1
4190	PHKG2	10021	1
4191	PHLDA2	15060	1
4192	PHPT1	720	1
4193	PHRF1	1095	1
4194	PHTF1	4623	1
4195	PHTF2	141	1
4196	PHYH	3422	1
4197	PHYKPL	13847	1
4198	PI4K2B	545	1
4199	PI4KA	36089	1
4200	PI4KB	8378	1
4201	PIAS1	505	1
4202	PIAS2	1403	1
4203	PIAS4	3057	1
4204	PIBF1	1596	1
4205	PICALM	1246	1
4206	PICK1	2204	1
4207	PIEZO1	2801	1
4208	PIF1	7958	1
4209	PIGBOS1	26355	1
4210	PIGC	7155	1
4211	PIGF	9430	1
4212	PIGG	13641	1
4213	PIGH	2337	1
4214	PIGK	8284	1
4215	PIGL	3535	1
4216	PIGM	8350	1
4217	PIGN	17433	1
4218	PIGP	16048	1
4219	PIGQ	188	1
4220	PIGS	1722	1
4221	PIGT	5459	1
4222	PIGU	2540	1
4223	PIGW	54029	1
4224	PIGX	11183	1
4225	PIH1D1	2983	1
4226	PIK3C2A	295	1
4227	PIK3C3	1412	1
4228	PIK3CA	5202	1
4229	PIK3CB	692	1
4230	PIK3R1	8716	1
4231	PIK3R2	3152	1
4232	PIK3R3	4708	1
4233	PIK3R4	17089	1
4234	PIKFYVE	4352	1
4235	PILRB	5184	1
4236	PIM1	7421	1
4237	PIM3	17688	1
4238	PIN1	5914	1
4239	PIN4	2657	1
4240	PINX1	41615	1
4241	PIP4K2A	9331	1
4242	PIP4K2B	53601	1
4243	PIP4K2C	11962	1
4244	PIP4P1	11670	1
4245	PIP4P2	9835	1
4246	PIP5K1A	8379	1
4247	PIP5K1C	16137	1
4248	PISD	36049	1
4249	PITHD1	777	1
4250	PITPNA	13645	1
4251	PITPNA-AS1	33571	1
4252	PITPNB	14947	1
4253	PITPNM1	3798	1
4254	PITRM1	3476	1
4255	PJA2	17942	1
4256	PKD1	224	1
4257	PKIG	12410	1
4258	PKM	1005	1
4259	PKMYT1	5932	1
4260	PKN1	5345	1
4261	PKN2	917	1
4262	PKNOX1	10432	1
4263	PKP4	8536	1
4264	PLA2G12A	5419	1
4265	PLAA	7393	1
4266	PLAGL1	4812	1
4267	PLAUR	296	1
4268	PLCB1	15270	1
4269	PLCB4	2499	1
4270	PLCG2	17558	1
4271	PLCXD1	15217	1
4272	PLD3	3055	1
4273	PLEC	14434	1
4274	PLEKHA1	3437	1
4275	PLEKHA3	4524	1
4276	PLEKHA5	697	1
4277	PLEKHA8	3257	1
4278	PLEKHB2	4480	1
4279	PLEKHF2	13960	1
4280	PLEKHH3	1034	1
4281	PLEKHJ1	2990	1
4282	PLEKHM2	4621	1
4283	PLEKHO1	436	1
4284	PLIN2	9021	1
4285	PLIN3	3081	1
4286	PLK1	11944	1
4287	PLK4	8270	1
4288	PLOD1	1592	1
4289	PLOD2	9591	1
4290	PLOD3	3301	1
4291	PLP2	2608	1
4292	PLPBP	8971	1
4293	PLPPR2	3127	1
4294	PLRG1	13081	1
4295	PLSCR1	16651	1
4296	PLXNA1	4299	1
4297	PMAIP1	8152	1
4298	PMF1	10521	1
4299	PML	7962	1
4300	PMM1	2302	1
4301	PMM2	7997	1
4302	PMP22	3631	1
4303	PMPCA	11651	1
4304	PMPCB	3196	1
4305	PMS1	903	1
4306	PMS2	5269	1
4307	PMVK	10965	1
4308	PNISR	6578	1
4309	PNKD	5951	1
4310	PNKP	562	1
4311	PNMA1	14158	1
4312	PNN	2411	1
4313	PNO1	4503	1
4314	PNP	17851	1
4315	PNPLA2	14324	1
4316	PNPLA6	494	1
4317	PNPLA8	7028	1
4318	PNPO	3527	1
4319	PNPT1	7583	1
4320	PNRC1	8819	1
4321	PNRC2	16899	1
4322	POC1A	11226	1
4323	POC1B	7801	1
4324	POC5	9517	1
4325	PODXL2	4302	1
4326	POFUT1	2505	1
4327	POFUT2	16318	1
4328	POGK	8317	1
4329	POGLUT1	10982	1
4330	POGLUT2	6976	1
4331	POGLUT3	14433	1
4332	POGZ	8390	1
4333	POLA1	2580	1
4334	POLA2	346	1
4335	POLB	1115	1
4336	POLD1	848	1
4337	POLD2	3339	1
4338	POLD3	1388	1
4339	POLD4	13878	1
4340	POLDIP2	47	1
4341	POLDIP3	2226	1
4342	POLE	14201	1
4343	POLE2	2321	1
4344	POLE3	9056	1
4345	POLE4	4409	1
4346	POLG	7976	1
4347	POLH	12872	1
4348	POLK	5219	1
4349	POLL	11770	1
4350	POLQ	691	1
4351	POLR1A	1047	1
4352	POLR1B	5674	1
4353	POLR1C	13044	1
4354	POLR1D	16158	1
4355	POLR1E	7392	1
4356	POLR2A	14996	1
4357	POLR2B	617	1
4358	POLR2C	2736	1
4359	POLR2D	8533	1
4360	POLR2E	2118	1
4361	POLR2F	2200	1
4362	POLR2G	12244	1
4363	POLR2H	11153	1
4364	POLR2I	3064	1
4365	POLR2J	78	1
4366	POLR2J3	12300	1
4367	POLR2K	9001	1
4368	POLR2L	14340	1
4369	POLR2M	42841	1
4370	POLR3A	9107	1
4371	POLR3B	335	1
4372	POLR3C	16146	1
4373	POLR3D	12363	1
4374	POLR3E	788	1
4375	POLR3F	6626	1
4376	POLR3G	4169	1
4377	POLR3GL	5197	1
4378	POLR3H	2300	1
4379	POLR3K	10653	1
4380	POLRMT	2119	1
4381	POM121	17033	1
4382	POM121C	51584	1
4383	POMGNT1	1678	1
4384	POMP	6683	1
4385	POMT1	6315	1
4386	POP1	2906	1
4387	POP4	3041	1
4388	POP5	12050	1
4389	POP7	13263	1
4390	POPDC3	6579	1
4391	POR	5962	1
4392	POT1	6025	1
4393	POU2F1	8328	1
4394	PPA1	14914	1
4395	PPA2	7730	1
4396	PPAN	6341	1
4397	PPAT	5981	1
4398	PPCDC	7685	1
4399	PPCS	5886	1
4400	PPDPF	5667	1
4401	PPFIA1	6467	1
4402	PPFIBP1	3813	1
4403	PPHLN1	6867	1
4404	PPIA	17015	1
4405	PPIB	11923	1
4406	PPIC	12465	1
4407	PPID	13063	1
4408	PPIE	1617	1
4409	PPIF	3495	1
4410	PPIG	7653	1
4411	PPIH	13175	1
4412	PPIL1	7417	1
4413	PPIL2	2159	1
4414	PPIL3	35425	1
4415	PPIL4	6373	1
4416	PPIP5K2	8727	1
4417	PPM1A	2357	1
4418	PPM1B	7582	1
4419	PPM1D	12894	1
4420	PPM1F	2167	1
4421	PPM1G	4385	1
4422	PPM1K	11076	1
4423	PPME1	22794	1
4424	PPP1CA	13316	1
4425	PPP1CB	22412	1
4426	PPP1CC	16187	1
4427	PPP1R10	19891	1
4428	PPP1R11	19915	1
4429	PPP1R12A	784	1
4430	PPP1R12C	5658	1
4431	PPP1R14B	13504	1
4432	PPP1R15A	1714	1
4433	PPP1R15B	10234	1
4434	PPP1R16A	10554	1
4435	PPP1R18	8797	1
4436	PPP1R2	15653	1
4437	PPP1R21	10838	1
4438	PPP1R35	10530	1
4439	PPP1R37	2981	1
4440	PPP1R7	4469	1
4441	PPP1R8	4753	1
4442	PPP1R9B	3589	1
4443	PPP2CA	4196	1
4444	PPP2CB	2948	1
4445	PPP2R1A	3135	1
4446	PPP2R1B	7510	1
4447	PPP2R2A	24068	1
4448	PPP2R2D	13876	1
4449	PPP2R3B	12075	1
4450	PPP2R3C	1950	1
4451	PPP2R5A	955	1
4452	PPP2R5C	1418	1
4453	PPP2R5D	4085	1
4454	PPP2R5E	9700	1
4455	PPP3CA	7742	1
4456	PPP3CB	3444	1
4457	PPP3CC	5111	1
4458	PPP3R1	24034	1
4459	PPP4C	9259	1
4460	PPP4R1	9805	1
4461	PPP4R2	11054	1
4462	PPP4R3A	2383	1
4463	PPP4R3B	52982	1
4464	PPP5C	302	1
4465	PPP6C	4898	1
4466	PPP6R1	3028	1
4467	PPP6R2	2229	1
4468	PPP6R3	3740	1
4469	PPRC1	9135	1
4470	PPT1	6418	1
4471	PPTC7	17212	1
4472	PPWD1	4200	1
4473	PQBP1	2628	1
4474	PRADC1	7111	1
4475	PRC1	17909	1
4476	PRCC	8346	1
4477	PRCP	7481	1
4478	PRDM2	4608	1
4479	PRDM4	3816	1
4480	PRDX1	4707	1
4481	PRDX2	12198	1
4482	PRDX3	11645	1
4483	PRDX4	5343	1
4484	PRDX5	5814	1
4485	PRDX6	4728	1
4486	PREB	7591	1
4487	PRELID1	12537	1
4488	PRELID2	16193	1
4489	PRELID3B	2453	1
4490	PREP	1652	1
4491	PREPL	7594	1
4492	PRH1	30348	1
4493	PRIM1	17601	1
4494	PRIM2	8799	1
4495	PRIMPOL	11307	1
4496	PRKAA1	6565	1
4497	PRKAB2	6494	1
4498	PRKACA	1172	1
4499	PRKAG1	15112	1
4500	PRKAR1A	3609	1
4501	PRKAR1B	16626	1
4502	PRKAR2A	4268	1
4503	PRKAR2B	90	1
4504	PRKCA	9733	1
4505	PRKCI	11038	1
4506	PRKCSH	6215	1
4507	PRKD2	3069	1
4508	PRKD3	4484	1
4509	PRKDC	41308	1
4510	PRKRA	14808	1
4511	PRKRIP1	6030	1
4512	PRKX	15601	1
4513	PRMT1	5817	1
4514	PRMT2	10463	1
4515	PRMT3	15909	1
4516	PRMT5	2318	1
4517	PRMT6	17903	1
4518	PRMT7	6613	1
4519	PRORP	2400	1
4520	PROS1	15729	1
4521	PROSER1	5074	1
4522	PRPF18	11632	1
4523	PRPF19	3748	1
4524	PRPF3	4693	1
4525	PRPF31	3145	1
4526	PRPF38A	6943	1
4527	PRPF38B	6841	1
4528	PRPF39	15911	1
4529	PRPF4	7356	1
4530	PRPF40A	17106	1
4531	PRPF4B	4099	1
4532	PRPF6	2451	1
4533	PRPF8	13642	1
4534	PRPS1	8939	1
4535	PRPS2	2589	1
4536	PRPSAP1	10598	1
4537	PRPSAP2	8062	1
4538	PRR11	1044	1
4539	PRR12	5821	1
4540	PRR13	20137	1
4541	PRR14	10018	1
4542	PRR14L	15484	1
4543	PRR3	19895	1
4544	PRRC1	11286	1
4545	PRRC2A	19853	1
4546	PRRC2B	60504	1
4547	PRRC2C	4720	1
4548	PRTFDC1	2083	1
4549	PRXL2A	5254	1
4550	PRXL2C	10173	1
4551	PSAP	17490	1
4552	PSAT1	7000	1
4553	PSEN1	1505	1
4554	PSENEN	20091	1
4555	PSIP1	11489	1
4556	PSKH1	10382	1
4557	PSMA1	6098	1
4558	PSMA2	3329	1
4559	PSMA3	2339	1
4560	PSMA3-AS1	43741	1
4561	PSMA4	574	1
4562	PSMA5	8305	1
4563	PSMA6	2402	1
4564	PSMA7	2456	1
4565	PSMB1	197	1
4566	PSMB10	20104	1
4567	PSMB2	5783	1
4568	PSMB3	54359	1
4569	PSMB4	10336	1
4570	PSMB5	2385	1
4571	PSMB6	8229	1
4572	PSMB7	7370	1
4573	PSMC1	2380	1
4574	PSMC2	10570	1
4575	PSMC3	11705	1
4576	PSMC3IP	6448	1
4577	PSMC4	325	1
4578	PSMC5	1727	1
4579	PSMC6	2328	1
4580	PSMD1	13551	1
4581	PSMD10	2574	1
4582	PSMD11	3569	1
4583	PSMD12	17313	1
4584	PSMD13	16000	1
4585	PSMD14	4382	1
4586	PSMD2	13817	1
4587	PSMD3	3510	1
4588	PSMD4	10333	1
4589	PSMD5	2020	1
4590	PSMD6	11073	1
4591	PSMD7	2746	1
4592	PSMD8	2094	1
4593	PSMD9	3811	1
4594	PSME1	1949	1
4595	PSME2	2405	1
4596	PSME3	6446	1
4597	PSME4	1055	1
4598	PSMF1	5718	1
4599	PSMG1	15483	1
4600	PSMG2	6067	1
4601	PSMG3	10128	1
4602	PSMG4	14916	1
4603	PSPC1	5159	1
4604	PSPH	8872	1
4605	PSRC1	6850	1
4606	PSTK	14763	1
4607	PSTPIP2	9502	1
4608	PTAR1	16734	1
4609	PTBP1	291	1
4610	PTBP2	4726	1
4611	PTBP3	4882	1
4612	PTCD2	671	1
4613	PTCD3	6555	1
4614	PTDSS1	9979	1
4615	PTDSS2	13764	1
4616	PTEN	13151	1
4617	PTGES2	9067	1
4618	PTGES3	3834	1
4619	PTK2	12576	1
4620	PTK7	4087	1
4621	PTMA	16439	1
4622	PTMS	10328	1
4623	PTOV1	3011	1
4624	PTP4A2	15611	1
4625	PTPA	4889	1
4626	PTPMT1	3787	1
4627	PTPN1	17066	1
4628	PTPN11	14639	1
4629	PTPN12	5961	1
4630	PTPN2	13861	1
4631	PTPN23	1336	1
4632	PTPN4	1761	1
4633	PTPN9	12579	1
4634	PTPRA	6628	1
4635	PTPRF	8289	1
4636	PTRH1	16359	1
4637	PTRH2	8086	1
4638	PTRHD1	15822	1
4639	PTS	9330	1
4640	PTTG1	11382	1
4641	PTTG1IP	15420	1
4642	PUDP	6194	1
4643	PUF60	14756	1
4644	PUM1	6932	1
4645	PUM2	753	1
4646	PUM3	1500	1
4647	PURA	15883	1
4648	PURB	8863	1
4649	PUS1	14226	1
4650	PUS3	3736	1
4651	PUS7	1911	1
4652	PUS7L	6126	1
4653	PUSL1	12706	1
4654	PVT1	38582	1
4655	PWP1	7199	1
4656	PWWP2A	12754	1
4657	PWWP3A	10549	1
4658	PXK	12316	1
4659	PXMP2	14154	1
4660	PXN	1822	1
4661	PYCR1	15358	1
4662	PYCR2	8462	1
4663	PYCR3	2933	1
4664	PYGB	2420	1
4665	PYM1	12820	1
4666	PYURF	8678	1
4667	QDPR	9412	1
4668	QKI	4072	1
4669	QRICH1	17655	1
4670	QRSL1	6250	1
4671	QSER1	821	1
4672	QSOX2	11642	1
4673	QTRT1	22263	1
4674	QTRT2	9416	1
4675	R3HCC1	2944	1
4676	R3HCC1L	11732	1
4677	R3HDM1	650	1
4678	R3HDM2	14741	1
4679	R3HDM4	17885	1
4680	RAB10	1638	1
4681	RAB11A	2852	1
4682	RAB11B	15908	1
4683	RAB11FIP1	10003	1
4684	RAB11FIP2	3425	1
4685	RAB14	4891	1
4686	RAB18	2080	1
4687	RAB1A	7589	1
4688	RAB1B	13761	1
4689	RAB21	1491	1
4690	RAB22A	5478	1
4691	RAB23	4019	1
4692	RAB27A	1089	1
4693	RAB28	10138	1
4694	RAB29	4685	1
4695	RAB2A	2914	1
4696	RAB2B	6140	1
4697	RAB30	7478	1
4698	RAB30-DT	37333	1
4699	RAB31	12354	1
4700	RAB32	4816	1
4701	RAB35	3947	1
4702	RAB3GAP1	4487	1
4703	RAB3GAP2	4847	1
4704	RAB4A	12275	1
4705	RAB5A	8573	1
4706	RAB5B	3905	1
4707	RAB5C	3580	1
4708	RAB5IF	2435	1
4709	RAB6A	13900	1
4710	RAB7A	1321	1
4711	RAB8A	12085	1
4712	RAB8B	11752	1
4713	RAB9A	5405	1
4714	RABAC1	3101	1
4715	RABEP1	480	1
4716	RABEP2	14300	1
4717	RABEPK	7373	1
4718	RABGAP1	299	1
4719	RABGAP1L	9477	1
4720	RABGEF1	9786	1
4721	RABGGTA	2412	1
4722	RABGGTB	7565	1
4723	RABIF	15398	1
4724	RABL3	8621	1
4725	RABL6	17151	1
4726	RAC1	7238	1
4727	RAC3	12651	1
4728	RACGAP1	10626	1
4729	RACK1	19921	1
4730	RAD1	4183	1
4731	RAD17	9589	1
4732	RAD18	1138	1
4733	RAD21	11425	1
4734	RAD23A	14633	1
4735	RAD23B	4883	1
4736	RAD50	4189	1
4737	RAD51	690	1
4738	RAD51AP1	3864	1
4739	RAD51C	3517	1
4740	RAD51D	15948	1
4741	RAD54L2	11222	1
4742	RAE1	2446	1
4743	RAF1	6537	1
4744	RAI14	560	1
4745	RALA	134	1
4746	RALB	8513	1
4747	RALBP1	375	1
4748	RALGAPA1	13666	1
4749	RALGAPB	12819	1
4750	RALGDS	10453	1
4751	RALGPS2	4542	1
4752	RALY	5767	1
4753	RAMAC	12621	1
4754	RAN	6564	1
4755	RANBP1	2131	1
4756	RANBP2	9624	1
4757	RANBP3	491	1
4758	RANBP6	7391	1
4759	RANBP9	244	1
4760	RANGAP1	2296	1
4761	RANGRF	3615	1
4762	RAP1A	4569	1
4763	RAP1B	5896	1
4764	RAP1GDS1	7710	1
4765	RAP2A	5618	1
4766	RAP2B	15032	1
4767	RAP2C	5417	1
4768	RAPGEF1	3403	1
4769	RAPGEF2	3697	1
4770	RAPGEF6	10279	1
4771	RARS2	8821	1
4772	RASA1	8724	1
4773	RASA2	9907	1
4774	RASA3	16106	1
4775	RASSF1	1029	1
4776	RASSF3	9622	1
4777	RAVER1	10630	1
4778	RB1	7860	1
4779	RB1CC1	425	1
4780	RBAK	8856	1
4781	RBBP4	10742	1
4782	RBBP5	4678	1
4783	RBBP6	5246	1
4784	RBBP7	2619	1
4785	RBBP8	2568	1
4786	RBCK1	5722	1
4787	RBFA	2548	1
4788	RBFOX2	2262	1
4789	RBIS	14118	1
4790	RBL1	1510	1
4791	RBL2	2820	1
4792	RBM10	15325	1
4793	RBM12	37127	1
4794	RBM12B	15570	1
4795	RBM14	35011	1
4796	RBM15B	45449	1
4797	RBM17	6900	1
4798	RBM18	4902	1
4799	RBM19	5325	1
4800	RBM22	1699	1
4801	RBM23	2317	1
4802	RBM25	4944	1
4803	RBM26	7870	1
4804	RBM27	1906	1
4805	RBM28	3292	1
4806	RBM3	2661	1
4807	RBM33	15807	1
4808	RBM39	6384	1
4809	RBM4	13598	1
4810	RBM41	1845	1
4811	RBM42	5802	1
4812	RBM45	9878	1
4813	RBM48	5971	1
4814	RBM4B	13591	1
4815	RBM5	42	1
4816	RBM6	53	1
4817	RBM7	1333	1
4818	RBM8A	48022	1
4819	RBMX	8948	1
4820	RBMX2	6927	1
4821	RBMXL1	22352	1
4822	RBPJ	12292	1
4823	RBSN	6433	1
4824	RBX1	2292	1
4825	RC3H1	7157	1
4826	RC3H2	763	1
4827	RCAN1	10304	1
4828	RCBTB1	7216	1
4829	RCC1	14801	1
4830	RCC1L	52715	1
4831	RCC2	14586	1
4832	RCCD1	11984	1
4833	RCE1	13543	1
4834	RCHY1	11109	1
4835	RCL1	5011	1
4836	RCN1	662	1
4837	RCN2	4762	1
4838	RCOR1	1856	1
4839	RCOR3	4740	1
4840	RDH10	5124	1
4841	RDH11	1171	1
4842	RDH14	35636	1
4843	RDX	7509	1
4844	RECQL	55	1
4845	REEP3	11593	1
4846	REEP4	12355	1
4847	REEP5	6158	1
4848	RELA	13417	1
4849	RELCH	6898	1
4850	RELL1	15094	1
4851	REPIN1	22608	1
4852	REPS1	7108	1
4853	RER1	10146	1
4854	RERE	8246	1
4855	RESF1	13728	1
4856	REST	1621	1
4857	RETREG2	8574	1
4858	RETREG3	8155	1
4859	RETSAT	586	1
4860	REV1	7178	1
4861	REV3L	233	1
4862	REX1BD	115	1
4863	REXO1	1457	1
4864	REXO2	1332	1
4865	REXO4	9063	1
4866	RFC1	525	1
4867	RFC2	664	1
4868	RFC3	6717	1
4869	RFC4	11165	1
4870	RFC5	3897	1
4871	RFK	6990	1
4872	RFNG	12647	1
4873	RFT1	11170	1
4874	RFWD3	12343	1
4875	RFX1	6525	1
4876	RFX5	8377	1
4877	RFX7	15095	1
4878	RFXANK	885	1
4879	RGL2	34125	1
4880	RGP1	3395	1
4881	RGS10	9140	1
4882	RGS20	8976	1
4883	RHBDD2	101	1
4884	RHBDD3	2237	1
4885	RHEB	3336	1
4886	RHNO1	13127	1
4887	RHOA	1012	1
4888	RHOB	8477	1
4889	RHOBTB3	11299	1
4890	RHOC	9857	1
4891	RHOG	14205	1
4892	RHOQ	4952	1
4893	RHOT1	5861	1
4894	RHOT2	8037	1
4895	RIC8A	14384	1
4896	RICTOR	11315	1
4897	RIDA	6604	1
4898	RIF1	1490	1
4899	RILPL1	16584	1
4900	RILPL2	9338	1
4901	RING1	19756	1
4902	RINT1	7031	1
4903	RIOK1	5579	1
4904	RIOK2	791	1
4905	RIOK3	2569	1
4906	RIOX2	12899	1
4907	RIPK1	7442	1
4908	RIPK2	2895	1
4909	RIT1	8431	1
4910	RITA1	7814	1
4911	RLF	4652	1
4912	RLIM	6420	1
4913	RMDN1	14098	1
4914	RMDN3	7540	1
4915	RMI1	14564	1
4916	RMI2	13911	1
4917	RMND1	9908	1
4918	RMND5A	9660	1
4919	RMND5B	8764	1
4920	RNASEH1	13154	1
4921	RNASEH2B	7208	1
4922	RNASEH2C	13392	1
4923	RNASEK	23621	1
4924	RNASET2	455	1
4925	RNF10	419	1
4926	RNF11	5334	1
4927	RNF111	10094	1
4928	RNF113A	5628	1
4929	RNF114	5487	1
4930	RNF115	48145	1
4931	RNF121	7483	1
4932	RNF126	1111	1
4933	RNF13	1581	1
4934	RNF130	4156	1
4935	RNF138	6946	1
4936	RNF139	12906	1
4937	RNF14	337	1
4938	RNF141	3763	1
4939	RNF145	8751	1
4940	RNF146	4820	1
4941	RNF149	10926	1
4942	RNF166	10246	1
4943	RNF167	3544	1
4944	RNF168	11182	1
4945	RNF169	11845	1
4946	RNF170	5114	1
4947	RNF181	12450	1
4948	RNF185	7750	1
4949	RNF187	12288	1
4950	RNF19A	512	1
4951	RNF2	5167	1
4952	RNF20	9894	1
4953	RNF213	13574	1
4954	RNF214	12046	1
4955	RNF216	289	1
4956	RNF217	8826	1
4957	RNF220	16388	1
4958	RNF24	2477	1
4959	RNF25	11007	1
4960	RNF26	13503	1
4961	RNF31	1958	1
4962	RNF34	12860	1
4963	RNF4	867	1
4964	RNF40	2837	1
4965	RNF41	15099	1
4966	RNF5	19786	1
4967	RNF6	5953	1
4968	RNF7	4256	1
4969	RNF8	4003	1
4970	RNGTT	3975	1
4971	RNH1	423	1
4972	RNMT	2559	1
4973	RNPC3	16090	1
4974	RNPEP	14057	1
4975	RNPEPL1	8216	1
4976	RNPS1	20290	1
4977	RO60	4611	1
4978	ROCK1	1024	1
4979	ROCK2	6876	1
4980	ROGDI	1021	1
4981	ROMO1	5772	1
4982	RP9	11381	1
4983	RPA1	6571	1
4984	RPA2	4752	1
4985	RPA3	3302	1
4986	RPAIN	6112	1
4987	RPAP1	2859	1
4988	RPAP2	5266	1
4989	RPAP3	83	1
4990	RPE	17482	1
4991	RPF1	4667	1
4992	RPF2	17416	1
4993	RPGRIP1L	2824	1
4994	RPIA	9662	1
4995	RPL10	8957	1
4996	RPL10A	17826	1
4997	RPL11	8262	1
4998	RPL12	17563	1
4999	RPL13	12100	1
5000	RPL13A	8239	1
5001	RPL14	16795	1
5002	RPL15	13734	1
5003	RPL17	48219	1
5004	RPL18	854	1
5005	RPL18A	3148	1
5006	RPL19	3505	1
5007	RPL21	5222	1
5008	RPL22	4553	1
5009	RPL22L1	11046	1
5010	RPL23	5687	1
5011	RPL23A	17661	1
5012	RPL24	4280	1
5013	RPL26	10651	1
5014	RPL26L1	536	1
5015	RPL27	6447	1
5016	RPL27A	11846	1
5017	RPL28	3492	1
5018	RPL29	10689	1
5019	RPL3	2260	1
5020	RPL30	9981	1
5021	RPL31	1144	1
5022	RPL32	8599	1
5023	RPL34	3671	1
5024	RPL35	7380	1
5025	RPL35A	15332	1
5026	RPL36	6231	1
5027	RPL36A	35836	1
5028	RPL36AL	11602	1
5029	RPL37	8709	1
5030	RPL37A	17494	1
5031	RPL38	13371	1
5032	RPL39	17918	1
5033	RPL39L	11166	1
5034	RPL4	13678	1
5035	RPL41	28468	1
5036	RPL5	5257	1
5037	RPL6	1804	1
5038	RPL7	8991	1
5039	RPL7A	9064	1
5040	RPL7L1	8809	1
5041	RPL8	10563	1
5042	RPL9	11086	1
5043	RPLP0	1821	1
5044	RPLP1	7536	1
5045	RPLP2	14314	1
5046	RPN1	11159	1
5047	RPN2	4836	1
5048	RPP14	11088	1
5049	RPP21	35855	1
5050	RPP25L	11482	1
5051	RPP30	9115	1
5052	RPP38	9534	1
5053	RPP40	5582	1
5054	RPRD1A	8094	1
5055	RPRD1B	2520	1
5056	RPRD2	10913	1
5057	RPS10	5555	1
5058	RPS11	8236	1
5059	RPS12	4043	1
5060	RPS13	3799	1
5061	RPS14	11373	1
5062	RPS15	4392	1
5063	RPS15A	6894	1
5064	RPS16	3046	1
5065	RPS17	15301	1
5066	RPS18	30094	1
5067	RPS19	3088	1
5068	RPS19BP1	16366	1
5069	RPS2	8040	1
5070	RPS20	230	1
5071	RPS21	13148	1
5072	RPS23	16228	1
5073	RPS24	7637	1
5074	RPS25	4778	1
5075	RPS26	17486	1
5076	RPS27	14383	1
5077	RPS27A	8486	1
5078	RPS27L	15873	1
5079	RPS28	31749	1
5080	RPS29	22472	1
5081	RPS3	9181	1
5082	RPS3A	8694	1
5083	RPS4X	17592	1
5084	RPS5	1612	1
5085	RPS6	7414	1
5086	RPS6KA3	14224	1
5087	RPS6KB1	3529	1
5088	RPS6KB2	13910	1
5089	RPS6KC1	7304	1
5090	RPS7	13152	1
5091	RPS8	8287	1
5092	RPS9	12907	1
5093	RPSA	12252	1
5094	RPUSD1	182	1
5095	RPUSD2	11754	1
5096	RPUSD3	10038	1
5097	RPUSD4	11611	1
5098	RRAGA	9902	1
5099	RRAGC	4642	1
5100	RRAS2	6792	1
5101	RRBP1	5729	1
5102	RREB1	5577	1
5103	RRM1	12061	1
5104	RRM2	13145	1
5105	RRM2B	639	1
5106	RRN3	1666	1
5107	RRP1	10441	1
5108	RRP12	700	1
5109	RRP15	1011	1
5110	RRP1B	10437	1
5111	RRP36	5537	1
5112	RRP7A	16908	1
5113	RRP8	6551	1
5114	RRP9	4320	1
5115	RRS1	14583	1
5116	RSAD1	7270	1
5117	RSBN1	1517	1
5118	RSBN1L	16413	1
5119	RSF1	646	1
5120	RSL1D1	13059	1
5121	RSL24D1	7555	1
5122	RSPRY1	10356	1
5123	RSRC1	13758	1
5124	RSRC2	3837	1
5125	RSRP1	4738	1
5126	RSU1	9096	1
5127	RTCA	7575	1
5128	RTCB	2222	1
5129	RTF1	7534	1
5130	RTF2	415	1
5131	RTKN2	15129	1
5132	RTL10	22973	1
5133	RTL8A	19674	1
5134	RTL8C	6924	1
5135	RTN3	6743	1
5136	RTN4	4404	1
5137	RTRAF	1740	1
5138	RTTN	14020	1
5139	RUBCN	8640	1
5140	RUFY1	14132	1
5141	RUFY2	19725	1
5142	RUFY3	376	1
5143	RUNDC1	17888	1
5144	RUNX1	10310	1
5145	RUNX2	5588	1
5146	RUSC1	10517	1
5147	RUVBL1	13941	1
5148	RUVBL2	15410	1
5149	RWDD1	3962	1
5150	RWDD2B	9952	1
5151	RWDD3	5263	1
5152	RWDD4	15252	1
5153	RXRA	16201	1
5154	RXRB	19758	1
5155	RXYLT1	4828	1
5156	RYBP	11053	1
5157	RYK	11117	1
5158	S100A10	17491	1
5159	S100A11	10930	1
5160	S100A13	16880	1
5161	S100PBP	4572	1
5162	SAAL1	11921	1
5163	SAC3D1	12259	1
5164	SACM1L	21433	1
5165	SACS	9455	1
5166	SAE1	8208	1
5167	SAFB	10500	1
5168	SAFB2	6230	1
5169	SAMD1	8167	1
5170	SAMD4B	14608	1
5171	SAMD8	10002	1
5172	SAMHD1	2506	1
5173	SAMM50	2274	1
5174	SAP130	7316	1
5175	SAP18	9294	1
5176	SAP30	11235	1
5177	SAP30BP	10596	1
5178	SAP30L	11372	1
5179	SAPCD2	16164	1
5180	SAR1A	1458	1
5181	SAR1B	9565	1
5182	SARAF	6796	1
5183	SARNP	20126	1
5184	SARS2	2974	1
5185	SART1	13875	1
5186	SART3	1324	1
5187	SASS6	10023	1
5188	SAT1	6205	1
5189	SAT2	8115	1
5190	SATB2	4867	1
5191	SAV1	9446	1
5192	SAYSD1	4011	1
5193	SBDS	5825	1
5194	SBF1	2230	1
5195	SBNO1	7861	1
5196	SC5D	3720	1
5197	SCAF1	5820	1
5198	SCAF11	7785	1
5199	SCAF4	9962	1
5200	SCAF8	22116	1
5201	SCAMP1	1651	1
5202	SCAMP2	7971	1
5203	SCAMP3	4574	1
5204	SCAMP4	27416	1
5205	SCAND1	12997	1
5206	SCAP	4306	1
5207	SCAPER	7947	1
5208	SCARB1	1216	1
5209	SCARB2	7723	1
5210	SCCPDH	8440	1
5211	SCD	2076	1
5212	SCFD1	1959	1
5213	SCFD2	15648	1
5214	SCLT1	9400	1
5215	SCLY	6562	1
5216	SCMH1	270	1
5217	SCNM1	10922	1
5218	SCO1	6694	1
5219	SCO2	57257	1
5220	SCOC	9615	1
5221	SCP2	4539	1
5222	SCRIB	14932	1
5223	SCRN3	8539	1
5224	SCYL1	8200	1
5225	SCYL2	7195	1
5226	SDAD1	17677	1
5227	SDCBP	7491	1
5228	SDCCAG8	725	1
5229	SDE2	8448	1
5230	SDF2	6610	1
5231	SDF2L1	5988	1
5232	SDF4	1439	1
5233	SDHA	1228	1
5234	SDHAF1	20089	1
5235	SDHAF2	12236	1
5236	SDHAF3	17149	1
5237	SDHB	4665	1
5238	SDHC	8341	1
5239	SDHD	19808	1
5240	SDR39U1	2313	1
5241	SDSL	7815	1
5242	SEC11A	7994	1
5243	SEC11C	11881	1
5244	SEC13	10042	1
5245	SEC14L1	6162	1
5246	SEC16A	9082	1
5247	SEC22A	5169	1
5248	SEC22B	48282	1
5249	SEC22C	1999	1
5250	SEC23A	2409	1
5251	SEC23B	2494	1
5252	SEC23IP	3434	1
5253	SEC24A	4205	1
5254	SEC24B	7740	1
5255	SEC24C	14184	1
5256	SEC31A	7702	1
5257	SEC61A1	783	1
5258	SEC61B	3363	1
5259	SEC61G	6580	1
5260	SEC62	229	1
5261	SEC63	450	1
5262	SECISBP2	16504	1
5263	SECISBP2L	7676	1
5264	SEH1L	1654	1
5265	SEL1L	1154	1
5266	SELENOF	15428	1
5267	SELENOH	21428	1
5268	SELENOI	7577	1
5269	SELENOK	4230	1
5270	SELENOO	1221	1
5271	SELENOS	6504	1
5272	SELENOT	17875	1
5273	SELENOW	14568	1
5274	SEM1	5958	1
5275	SENP1	1462	1
5276	SENP2	11160	1
5277	SENP5	4877	1
5278	SENP6	4096	1
5279	SEPHS1	1693	1
5280	SEPHS2	14745	1
5281	SEPTIN11	7721	1
5282	SEPTIN2	12333	1
5283	SEPTIN6	5629	1
5284	SEPTIN7	5272	1
5285	SEPTIN8	11335	1
5286	SEPTIN9	15762	1
5287	SERBP1	8280	1
5288	SERF2	7924	1
5289	SERGEF	6104	1
5290	SERINC1	3978	1
5291	SERINC3	6659	1
5292	SERP1	5091	1
5293	SERPINB6	5543	1
5294	SERPINH1	9177	1
5295	SERTAD1	17259	1
5296	SERTAD2	14727	1
5297	SERTAD3	12114	1
5298	SESN1	1495	1
5299	SESN2	6332	1
5300	SET	4888	1
5301	SETD1A	2098	1
5302	SETD2	15045	1
5303	SETD3	15495	1
5304	SETD4	16083	1
5305	SETD5	12282	1
5306	SETD7	8690	1
5307	SETD9	9871	1
5308	SETDB1	8373	1
5309	SETX	3406	1
5310	SEZ6L2	13769	1
5311	SF1	12262	1
5312	SF3A1	2153	1
5313	SF3A2	2995	1
5314	SF3A3	15461	1
5315	SF3B1	4441	1
5316	SF3B2	1743	1
5317	SF3B3	16858	1
5318	SF3B4	8367	1
5319	SF3B5	12707	1
5320	SF3B6	4363	1
5321	SFI1	17612	1
5322	SFPQ	4578	1
5323	SFSWAP	833	1
5324	SFT2D1	17857	1
5325	SFT2D2	22104	1
5326	SFT2D3	13482	1
5327	SFXN1	11352	1
5328	SFXN4	15503	1
5329	SFXN5	8505	1
5330	SGK1	4819	1
5331	SGK3	2884	1
5332	SGO1	6173	1
5333	SGO2	11032	1
5334	SGSM2	8072	1
5335	SGSM3	2280	1
5336	SGTA	3014	1
5337	SGTB	17527	1
5338	SH2B1	14430	1
5339	SH2B3	3866	1
5340	SH3BGRL	6409	1
5341	SH3BGRL3	8260	1
5342	SH3BP5	6427	1
5343	SH3BP5L	13811	1
5344	SH3D21	22676	1
5345	SH3GL1	8181	1
5346	SH3GLB1	2072	1
5347	SH3GLB2	9071	1
5348	SH3KBP1	8901	1
5349	SHARPIN	14678	1
5350	SHC1	10507	1
5351	SHCBP1	13003	1
5352	SHFL	6344	1
5353	SHISA5	11210	1
5354	SHKBP1	10480	1
5355	SHLD2	5253	1
5356	SHMT1	14180	1
5357	SHMT2	15175	1
5358	SHOC2	3486	1
5359	SHOX2	12422	1
5360	SHPRH	8837	1
5361	SHQ1	8602	1
5362	SHTN1	16390	1
5363	SIAH1	17097	1
5364	SIAH2	15085	1
5365	SIGIRR	15897	1
5366	SIK3	10494	1
5367	SIKE1	699	1
5368	SIL1	5086	1
5369	SIN3A	12571	1
5370	SIN3B	5921	1
5371	SINHCAF	7764	1
5372	SIPA1L1	17428	1
5373	SIRT1	2065	1
5374	SIRT2	1057	1
5375	SIRT6	1386	1
5376	SIRT7	16443	1
5377	SIVA1	15839	1
5378	SIX1	5850	1
5379	SKA1	9804	1
5380	SKA2	15272	1
5381	SKA3	11595	1
5382	SKI	10148	1
5383	SKIL	7298	1
5384	SKP1	4194	1
5385	SKP2	8710	1
5386	SLAIN2	3642	1
5387	SLBP	11177	1
5388	SLC11A2	3826	1
5389	SLC12A2	890	1
5390	SLC15A4	7812	1
5391	SLC16A1	9860	1
5392	SLC16A1-AS1	26662	1
5393	SLC16A4	12403	1
5394	SLC19A1	13541	1
5395	SLC1A5	3068	1
5396	SLC20A1	8518	1
5397	SLC20A2	12382	1
5398	SLC23A2	1811	1
5399	SLC25A1	2177	1
5400	SLC25A10	15371	1
5401	SLC25A11	3545	1
5402	SLC25A12	4488	1
5403	SLC25A13	65	1
5404	SLC25A14	2623	1
5405	SLC25A15	2694	1
5406	SLC25A16	5322	1
5407	SLC25A17	2286	1
5408	SLC25A23	5678	1
5409	SLC25A24	1658	1
5410	SLC25A26	8603	1
5411	SLC25A28	9849	1
5412	SLC25A3	1307	1
5413	SLC25A32	11471	1
5414	SLC25A33	13092	1
5415	SLC25A36	4254	1
5416	SLC25A37	8967	1
5417	SLC25A38	8591	1
5418	SLC25A39	329	1
5419	SLC25A4	9443	1
5420	SLC25A44	10522	1
5421	SLC25A46	11278	1
5422	SLC25A5	75	1
5423	SLC25A6	12504	1
5424	SLC27A4	12018	1
5425	SLC27A5	1605	1
5426	SLC29A1	4101	1
5427	SLC2A1	4696	1
5428	SLC2A11	6754	1
5429	SLC2A3	805	1
5430	SLC2A4RG	5663	1
5431	SLC30A1	12796	1
5432	SLC30A5	8731	1
5433	SLC30A6	9562	1
5434	SLC30A7	10792	1
5435	SLC30A9	351	1
5436	SLC31A1	7351	1
5437	SLC33A1	12568	1
5438	SLC35A2	2627	1
5439	SLC35A3	4739	1
5440	SLC35A4	13989	1
5441	SLC35B1	5132	1
5442	SLC35B2	10110	1
5443	SLC35B3	5581	1
5444	SLC35B4	20071	1
5445	SLC35C2	1485	1
5446	SLC35D1	4602	1
5447	SLC35D2	6366	1
5448	SLC35E1	5923	1
5449	SLC35E3	13938	1
5450	SLC35F2	3792	1
5451	SLC35F5	4357	1
5452	SLC35F6	22446	1
5453	SLC35G1	14035	1
5454	SLC35G2	12458	1
5455	SLC37A4	7506	1
5456	SLC38A1	3891	1
5457	SLC38A10	10116	1
5458	SLC38A2	6871	1
5459	SLC38A6	7895	1
5460	SLC38A7	2748	1
5461	SLC39A1	8422	1
5462	SLC39A10	17240	1
5463	SLC39A14	2940	1
5464	SLC39A3	8169	1
5465	SLC39A4	9014	1
5466	SLC39A6	8093	1
5467	SLC39A7	4065	1
5468	SLC39A8	7743	1
5469	SLC39A9	476	1
5470	SLC3A2	12245	1
5471	SLC43A3	6955	1
5472	SLC44A2	6129	1
5473	SLC48A1	21453	1
5474	SLC4A1AP	11123	1
5475	SLC4A2	11456	1
5476	SLC4A7	506	1
5477	SLC50A1	12540	1
5478	SLC52A2	16047	1
5479	SLC5A3	17820	1
5480	SLC5A6	7592	1
5481	SLC6A6	6435	1
5482	SLC7A1	7825	1
5483	SLC7A11	9344	1
5484	SLC7A5	2789	1
5485	SLC7A6	2755	1
5486	SLC7A6OS	2754	1
5487	SLC9A1	1860	1
5488	SLC9B2	11200	1
5489	SLF1	6738	1
5490	SLF2	4972	1
5491	SLIRP	4943	1
5492	SLK	938	1
5493	SLMAP	11085	1
5494	SLTM	7525	1
5495	SLU7	11380	1
5496	SMAD1	12787	1
5497	SMAD2	13864	1
5498	SMAD3	11979	1
5499	SMAD4	8147	1
5500	SMAD5	4213	1
5501	SMAGP	12839	1
5502	SMAP1	4042	1
5503	SMAP2	1616	1
5504	SMARCA1	2615	1
5505	SMARCA2	1493	1
5506	SMARCA4	5940	1
5507	SMARCA5	9618	1
5508	SMARCAD1	10907	1
5509	SMARCAL1	7643	1
5510	SMARCB1	2141	1
5511	SMARCC1	13508	1
5512	SMARCC2	7840	1
5513	SMARCD1	960	1
5514	SMARCD2	3561	1
5515	SMARCD3	1552	1
5516	SMARCE1	1229	1
5517	SMC1A	1192	1
5518	SMC2	7335	1
5519	SMC3	3485	1
5520	SMC4	4229	1
5521	SMC5	17900	1
5522	SMC6	10888	1
5523	SMCHD1	2553	1
5524	SMCR8	14186	1
5525	SMDT1	15404	1
5526	SMG1	10052	1
5527	SMG5	17938	1
5528	SMG6	1105	1
5529	SMG7	4599	1
5530	SMG8	12082	1
5531	SMG9	3189	1
5532	SMIM10	15788	1
5533	SMIM10L1	43256	1
5534	SMIM12	11144	1
5535	SMIM13	25373	1
5536	SMIM14	11087	1
5537	SMIM15	16757	1
5538	SMIM19	14017	1
5539	SMIM20	38876	1
5540	SMIM26	30682	1
5541	SMIM27	32790	1
5542	SMIM29	16258	1
5543	SMIM30	22677	1
5544	SMIM7	22621	1
5545	SMIM8	3968	1
5546	SMNDC1	4985	1
5547	SMPD4	7313	1
5548	SMS	2637	1
5549	SMTN	15604	1
5550	SMU1	5293	1
5551	SMUG1	5380	1
5552	SMURF1	17819	1
5553	SMURF2	3603	1
5554	SMYD2	8404	1
5555	SMYD3	15955	1
5556	SMYD4	16250	1
5557	SNAP23	1976	1
5558	SNAP29	2136	1
5559	SNAP47	8445	1
5560	SNAPC1	431	1
5561	SNAPC2	3019	1
5562	SNAPC3	11485	1
5563	SNAPC4	11649	1
5564	SNAPC5	13679	1
5565	SNAPIN	8418	1
5566	SND1	17308	1
5567	SNF8	10307	1
5568	SNHG1	42932	1
5569	SNHG10	37408	1
5570	SNHG11	13663	1
5571	SNHG12	17575	1
5572	SNHG15	31087	1
5573	SNHG16	11050	1
5574	SNHG17	17186	1
5575	SNHG19	45670	1
5576	SNHG21	39328	1
5577	SNHG25	48556	1
5578	SNHG29	13794	1
5579	SNHG3	36157	1
5580	SNHG30	49114	1
5581	SNHG32	19816	1
5582	SNHG4	56319	1
5583	SNHG5	19653	1
5584	SNHG6	37324	1
5585	SNHG7	31131	1
5586	SNHG8	50141	1
5587	SNHG9	42542	1
5588	SNIP1	11151	1
5589	SNRK	11118	1
5590	SNRNP200	8499	1
5591	SNRNP25	10654	1
5592	SNRNP27	5512	1
5593	SNRNP35	15658	1
5594	SNRNP40	818	1
5595	SNRNP48	12380	1
5596	SNRNP70	2976	1
5597	SNRPA	1379	1
5598	SNRPA1	6506	1
5599	SNRPB	5726	1
5600	SNRPB2	5740	1
5601	SNRPC	5540	1
5602	SNRPD1	12006	1
5603	SNRPD2	5698	1
5604	SNRPD3	2162	1
5605	SNRPE	15128	1
5606	SNRPF	7805	1
5607	SNRPG	8492	1
5608	SNTB2	12430	1
5609	SNU13	2198	1
5610	SNUPN	12569	1
5611	SNW1	2353	1
5612	SNX1	472	1
5613	SNX12	8930	1
5614	SNX13	1146	1
5615	SNX14	7043	1
5616	SNX15	3729	1
5617	SNX17	4383	1
5618	SNX2	20121	1
5619	SNX24	891	1
5620	SNX27	8372	1
5621	SNX29	642	1
5622	SNX3	4050	1
5623	SNX4	4294	1
5624	SNX5	1803	1
5625	SNX6	6147	1
5626	SNX8	3277	1
5627	SNX9	6248	1
5628	SOAT1	769	1
5629	SOCS4	14766	1
5630	SOCS5	12977	1
5631	SOD1	8195	1
5632	SOD2	62634	1
5633	SON	10291	1
5634	SORBS3	5107	1
5635	SORD	7923	1
5636	SORT1	6853	1
5637	SOS1	4497	1
5638	SOS2	2323	1
5639	SOX12	14348	1
5640	SOX4	5573	1
5641	SP1	15989	1
5642	SP100	995	1
5643	SP110	7159	1
5644	SP2	12030	1
5645	SP3	13380	1
5646	SPA17	873	1
5647	SPAG5	1344	1
5648	SPAG7	1936	1
5649	SPAG9	211	1
5650	SPART	6707	1
5651	SPAST	408	1
5652	SPATA33	12097	1
5653	SPATA5	8685	1
5654	SPATA5L1	13119	1
5655	SPATC1L	10455	1
5656	SPATS2	5368	1
5657	SPC24	10634	1
5658	SPC25	9506	1
5659	SPCS1	4338	1
5660	SPCS2	4798	1
5661	SPCS3	6101	1
5662	SPDL1	565	1
5663	SPECC1L	2158	1
5664	SPEN	932	1
5665	SPG11	2877	1
5666	SPG21	1879	1
5667	SPG7	17546	1
5668	SPHK1	14007	1
5669	SPIDR	11434	1
5670	SPIN1	3355	1
5671	SPINDOC	12247	1
5672	SPNS1	12633	1
5673	SPOP	5130	1
5674	SPOUT1	17917	1
5675	SPPL2A	7678	1
5676	SPPL2B	87	1
5677	SPPL3	10135	1
5678	SPR	4525	1
5679	SPRED1	11739	1
5680	SPRED2	17693	1
5681	SPRTN	246	1
5682	SPRY2	7224	1
5683	SPRYD4	14065	1
5684	SPRYD7	5352	1
5685	SPSB3	10661	1
5686	SPTAN1	17476	1
5687	SPTBN1	4402	1
5688	SPTLC1	1861	1
5689	SPTLC2	2349	1
5690	SPTSSA	11576	1
5691	SPTY2D1	14605	1
5692	SQLE	2936	1
5693	SQSTM1	10561	1
5694	SRA1	22355	1
5695	SRBD1	1052	1
5696	SRCAP	1499	1
5697	SRD5A1	8706	1
5698	SRD5A3	5976	1
5699	SREBF1	1186	1
5700	SREK1	9687	1
5701	SREK1IP1	9598	1
5702	SRF	4088	1
5703	SRFBP1	9377	1
5704	SRGAP2	48386	1
5705	SRGAP2C	13169	1
5706	SRI	1287	1
5707	SRM	4585	1
5708	SRP14	7935	1
5709	SRP19	9602	1
5710	SRP54	2396	1
5711	SRP68	12211	1
5712	SRP72	13738	1
5713	SRP9	8446	1
5714	SRPK1	2052	1
5715	SRPK2	7032	1
5716	SRPRA	15342	1
5717	SRPRB	8627	1
5718	SRRD	2189	1
5719	SRRM1	6730	1
5720	SRRM2	12233	1
5721	SRRT	1719	1
5722	SRSF1	7273	1
5723	SRSF10	16706	1
5724	SRSF11	4615	1
5725	SRSF2	10600	1
5726	SRSF3	3998	1
5727	SRSF4	4563	1
5728	SRSF5	2365	1
5729	SRSF6	5469	1
5730	SRSF7	4493	1
5731	SRSF8	47206	1
5732	SRSF9	3953	1
5733	SRXN1	50979	1
5734	SS18	8087	1
5735	SS18L2	215	1
5736	SSB	7650	1
5737	SSBP1	3245	1
5738	SSBP3	10068	1
5739	SSBP4	6271	1
5740	SSH1	1623	1
5741	SSH2	8077	1
5742	SSNA1	13992	1
5743	SSR1	5578	1
5744	SSR2	11006	1
5745	SSR3	4331	1
5746	SSR4	14928	1
5747	SSRP1	9164	1
5748	SSU72	10409	1
5749	SSX2IP	4675	1
5750	ST13	2290	1
5751	ST3GAL2	10083	1
5752	ST3GAL3	5786	1
5753	ST7	66	1
5754	ST7L	179	1
5755	STAG1	4767	1
5756	STAG2	2600	1
5757	STAM	7322	1
5758	STAM2	4367	1
5759	STAMBP	5508	1
5760	STARD3	6486	1
5761	STARD3NL	251	1
5762	STARD7	1619	1
5763	STAT1	4421	1
5764	STAT3	12387	1
5765	STAT6	11956	1
5766	STAU1	5480	1
5767	STAU2	566	1
5768	STIL	5388	1
5769	STIM1	12060	1
5770	STIM2	3692	1
5771	STIMATE	22361	1
5772	STIP1	12350	1
5773	STK10	1203	1
5774	STK11	4769	1
5775	STK16	4466	1
5776	STK17A	11368	1
5777	STK17B	1534	1
5778	STK19	19796	1
5779	STK24	2684	1
5780	STK25	4471	1
5781	STK26	6928	1
5782	STK3	2912	1
5783	STK32C	11666	1
5784	STK35	5725	1
5785	STK38	3997	1
5786	STK38L	21432	1
5787	STK39	17776	1
5788	STK4	2439	1
5789	STK40	16987	1
5790	STMN1	4741	1
5791	STMP1	36635	1
5792	STOM	9047	1
5793	STOML2	11559	1
5794	STRADA	48450	1
5795	STRADB	1556	1
5796	STRAP	433	1
5797	STRIP1	8303	1
5798	STRN	4482	1
5799	STRN3	17196	1
5800	STRN4	1872	1
5801	STT3A	6979	1
5802	STT3B	11027	1
5803	STUB1	2792	1
5804	STX10	3001	1
5805	STX12	4754	1
5806	STX16	5484	1
5807	STX17	7355	1
5808	STX18	12433	1
5809	STX2	3898	1
5810	STX3	11960	1
5811	STX4	2826	1
5812	STX5	10687	1
5813	STX6	7147	1
5814	STX7	1479	1
5815	STX8	12775	1
5816	STXBP3	4556	1
5817	STXBP4	11796	1
5818	STXBP5	11359	1
5819	STYX	17664	1
5820	STYXL1	5964	1
5821	SUB1	4175	1
5822	SUCLA2	7215	1
5823	SUCLG1	11035	1
5824	SUCLG2	13265	1
5825	SUCO	2011	1
5826	SUDS3	3936	1
5827	SUGP1	3175	1
5828	SUGP2	889	1
5829	SUGT1	11581	1
5830	SUMF2	6099	1
5831	SUMO1	4517	1
5832	SUMO2	16724	1
5833	SUMO3	15813	1
5834	SUN1	11442	1
5835	SUPT16H	1964	1
5836	SUPT20H	2692	1
5837	SUPT3H	17024	1
5838	SUPT4H1	22216	1
5839	SUPT5H	17007	1
5840	SUPT6H	3635	1
5841	SUPT7L	4954	1
5842	SUPV3L1	9984	1
5843	SURF1	9059	1
5844	SURF2	9060	1
5845	SURF4	9057	1
5846	SURF6	9061	1
5847	SUV39H2	9531	1
5848	SUZ12	14511	1
5849	SVBP	14368	1
5850	SVIP	17638	1
5851	SWAP70	6786	1
5852	SWI5	13950	1
5853	SYAP1	12684	1
5854	SYF2	4737	1
5855	SYMPK	5702	1
5856	SYNC	10741	1
5857	SYNCRIP	7042	1
5858	SYNGR1	2263	1
5859	SYNGR2	3563	1
5860	SYNJ2	1416	1
5861	SYNJ2BP	22329	1
5862	SYNRG	52990	1
5863	SYPL1	209	1
5864	SYS1	19708	1
5865	SYVN1	10691	1
5866	SZRD1	741	1
5867	SZT2	17648	1
5868	TAB2	746	1
5869	TACC1	8977	1
5870	TACC3	344	1
5871	TACO1	7276	1
5872	TADA2A	53578	1
5873	TADA2B	13414	1
5874	TADA3	12976	1
5875	TAF1	8922	1
5876	TAF10	11814	1
5877	TAF11	906	1
5878	TAF12	5067	1
5879	TAF13	17504	1
5880	TAF15	50561	1
5881	TAF1B	4475	1
5882	TAF1D	11729	1
5883	TAF2	881	1
5884	TAF3	11633	1
5885	TAF5	9134	1
5886	TAF5L	7145	1
5887	TAF6	3280	1
5888	TAF7	14550	1
5889	TAF8	7458	1
5890	TAF9	52370	1
5891	TAF9B	16421	1
5892	TAGLN2	10241	1
5893	TALDO1	14217	1
5894	TAMM41	8571	1
5895	TANC2	12920	1
5896	TANGO2	15500	1
5897	TANK	7295	1
5898	TAOK1	10491	1
5899	TAOK2	9264	1
5900	TAOK3	7005	1
5901	TAPBP	30378	1
5902	TAPT1	12656	1
5903	TARBP1	800	1
5904	TARBP2	7831	1
5905	TARDBP	5117	1
5906	TARS2	8370	1
5907	TASOR	11175	1
5908	TASOR2	3483	1
5909	TATDN1	9006	1
5910	TATDN2	10040	1
5911	TATDN3	19599	1
5912	TAX1BP1	3250	1
5913	TBC1D1	948	1
5914	TBC1D10B	12533	1
5915	TBC1D13	3382	1
5916	TBC1D14	6575	1
5917	TBC1D15	5188	1
5918	TBC1D20	5743	1
5919	TBC1D22A	730	1
5920	TBC1D23	526	1
5921	TBC1D31	10012	1
5922	TBC1D4	7211	1
5923	TBC1D5	6429	1
5924	TBC1D7	8772	1
5925	TBC1D9B	17330	1
5926	TBCA	13071	1
5927	TBCB	3062	1
5928	TBCC	5560	1
5929	TBCD	8129	1
5930	TBCK	8679	1
5931	TBK1	15546	1
5932	TBL1X	2577	1
5933	TBL1XR1	14305	1
5934	TBL2	3344	1
5935	TBL3	15550	1
5936	TBP	4081	1
5937	TBPL1	473	1
5938	TBRG1	9721	1
5939	TBRG4	7246	1
5940	TCAF1	17707	1
5941	TCAIM	14615	1
5942	TCEA1	16501	1
5943	TCEA2	13107	1
5944	TCEAL8	14948	1
5945	TCEAL9	15906	1
5946	TCERG1	4211	1
5947	TCF12	7922	1
5948	TCF19	7446	1
5949	TCF20	2216	1
5950	TCF25	8045	1
5951	TCF3	1157	1
5952	TCF4	17146	1
5953	TCF7	1522	1
5954	TCF7L2	9124	1
5955	TCHP	7819	1
5956	TCOF1	1133	1
5957	TCP1	5047	1
5958	TCTA	8642	1
5959	TCTN1	19997	1
5960	TCTN3	4989	1
5961	TDG	7813	1
5962	TDP1	581	1
5963	TDP2	3959	1
5964	TDRD3	1597	1
5965	TEAD1	16370	1
5966	TEAD4	17545	1
5967	TECR	2112	1
5968	TEDC1	15943	1
5969	TEFM	13221	1
5970	TELO2	2375	1
5971	TEN1	43910	1
5972	TENT2	11316	1
5973	TENT4A	4121	1
5974	TENT4B	5143	1
5975	TERF1	8990	1
5976	TERF2	6615	1
5977	TERF2IP	11943	1
5978	TES	7034	1
5979	TET1	7638	1
5980	TET2	12419	1
5981	TEX10	7362	1
5982	TEX2	7277	1
5983	TEX261	8506	1
5984	TEX264	11223	1
5985	TEX30	9374	1
5986	TFAM	3487	1
5987	TFAP2A	7424	1
5988	TFB1M	479	1
5989	TFB2M	10836	1
5990	TFCP2	7082	1
5991	TFDP1	17642	1
5992	TFDP2	4257	1
5993	TFG	4275	1
5994	TFIP11	2192	1
5995	TFPI	40	1
5996	TFPT	3146	1
5997	TFRC	1185	1
5998	TGFB1	3077	1
5999	TGFBR1	3362	1
6000	TGFBRAP1	7183	1
6001	TGIF1	14274	1
6002	TGIF2	4837	1
6003	TGOLN2	9512	1
6004	TGS1	7490	1
6005	THADA	4508	1
6006	THAP1	6511	1
6007	THAP11	12313	1
6008	THAP12	7472	1
6009	THAP3	579	1
6010	THAP4	14173	1
6011	THAP5	14330	1
6012	THAP6	13742	1
6013	THAP7	15714	1
6014	THAP9-AS1	39352	1
6015	THEM4	10345	1
6016	THG1L	4157	1
6017	THOC1	1448	1
6018	THOC2	5685	1
6019	THOC3	694	1
6020	THOC5	2249	1
6021	THOC6	6470	1
6022	THOC7	11071	1
6023	THOP1	13188	1
6024	THRA	5810	1
6025	THRAP3	719	1
6026	THUMPD1	981	1
6027	THUMPD2	7586	1
6028	THUMPD3	6827	1
6029	THUMPD3-AS1	20377	1
6030	THYN1	9408	1
6031	TIA1	4512	1
6032	TIAL1	9467	1
6033	TIGD5	14736	1
6034	TIMELESS	3909	1
6035	TIMM10	6956	1
6036	TIMM10B	6552	1
6037	TIMM13	2113	1
6038	TIMM17A	6890	1
6039	TIMM17B	5846	1
6040	TIMM21	1300	1
6041	TIMM22	14262	1
6042	TIMM23	48070	1
6043	TIMM23B	19733	1
6044	TIMM29	8223	1
6045	TIMM44	3021	1
6046	TIMM50	3047	1
6047	TIMM8A	5876	1
6048	TIMM8B	9327	1
6049	TIMM9	2341	1
6050	TIMMDC1	4233	1
6051	TIMP1	2652	1
6052	TINF2	1968	1
6053	TIPARP	11080	1
6054	TIPIN	1286	1
6055	TIPRL	8315	1
6056	TJAP1	7430	1
6057	TJP1	2871	1
6058	TJP2	4872	1
6059	TK1	12214	1
6060	TKT	11168	1
6061	TLCD1	10498	1
6062	TLCD5	15001	1
6063	TLE3	7939	1
6064	TLE4	3368	1
6065	TLE5	3012	1
6066	TLK1	17759	1
6067	TLK2	8889	1
6068	TLN1	7398	1
6069	TLNRD1	7954	1
6070	TM2D1	10762	1
6071	TM2D2	12594	1
6072	TM2D3	15674	1
6073	TM7SF2	9256	1
6074	TM7SF3	871	1
6075	TM9SF1	2408	1
6076	TM9SF2	5623	1
6077	TM9SF3	1368	1
6078	TM9SF4	2502	1
6079	TMA16	17730	1
6080	TMA7	30505	1
6081	TMBIM1	7172	1
6082	TMBIM4	9911	1
6083	TMBIM6	7851	1
6084	TMCO1	8325	1
6085	TMCO3	9289	1
6086	TMED1	2077	1
6087	TMED10	12784	1
6088	TMED2	1700	1
6089	TMED3	11879	1
6090	TMED4	10233	1
6091	TMED5	4715	1
6092	TMED7	6985	1
6093	TMED8	2344	1
6094	TMED9	15801	1
6095	TMEM101	1945	1
6096	TMEM106B	3310	1
6097	TMEM106C	6870	1
6098	TMEM107	14580	1
6099	TMEM109	3749	1
6100	TMEM11	14451	1
6101	TMEM115	5782	1
6102	TMEM120A	16854	1
6103	TMEM120B	16761	1
6104	TMEM123	9546	1
6105	TMEM126A	12990	1
6106	TMEM126B	12991	1
6107	TMEM127	7181	1
6108	TMEM128	6576	1
6109	TMEM129	12464	1
6110	TMEM131	1313	1
6111	TMEM131L	5139	1
6112	TMEM134	13336	1
6113	TMEM138	9205	1
6114	TMEM141	37004	1
6115	TMEM147	3165	1
6116	TMEM14A	2056	1
6117	TMEM14B	7427	1
6118	TMEM14C	3965	1
6119	TMEM158	38669	1
6120	TMEM160	6325	1
6121	TMEM161A	886	1
6122	TMEM161B	11269	1
6123	TMEM164	10111	1
6124	TMEM165	6964	1
6125	TMEM167A	13724	1
6126	TMEM167B	23186	1
6127	TMEM170A	11933	1
6128	TMEM177	8515	1
6129	TMEM179B	15964	1
6130	TMEM18	9384	1
6131	TMEM181	8841	1
6132	TMEM183A	10996	1
6133	TMEM184B	17842	1
6134	TMEM184C	11263	1
6135	TMEM185B	26707	1
6136	TMEM186	15805	1
6137	TMEM19	7797	1
6138	TMEM192	12727	1
6139	TMEM199	36942	1
6140	TMEM203	16493	1
6141	TMEM205	3125	1
6142	TMEM208	12405	1
6143	TMEM214	4957	1
6144	TMEM218	9290	1
6145	TMEM219	9265	1
6146	TMEM222	16240	1
6147	TMEM223	12381	1
6148	TMEM230	1813	1
6149	TMEM234	10405	1
6150	TMEM237	9889	1
6151	TMEM242	23185	1
6152	TMEM243	7021	1
6153	TMEM245	3357	1
6154	TMEM248	3334	1
6155	TMEM250	34665	1
6156	TMEM256	20182	1
6157	TMEM258	6961	1
6158	TMEM259	15143	1
6159	TMEM263	9359	1
6160	TMEM267	9460	1
6161	TMEM30A	4094	1
6162	TMEM33	3639	1
6163	TMEM35B	36809	1
6164	TMEM38B	2019	1
6165	TMEM39A	14001	1
6166	TMEM39B	5194	1
6167	TMEM41A	11158	1
6168	TMEM41B	11855	1
6169	TMEM43	12905	1
6170	TMEM50A	15543	1
6171	TMEM50B	8201	1
6172	TMEM54	5207	1
6173	TMEM59	4547	1
6174	TMEM60	7023	1
6175	TMEM63A	16990	1
6176	TMEM63B	7428	1
6177	TMEM65	11488	1
6178	TMEM68	12215	1
6179	TMEM69	10360	1
6180	TMEM70	13907	1
6181	TMEM80	14193	1
6182	TMEM87A	2862	1
6183	TMEM87B	9627	1
6184	TMEM9	4631	1
6185	TMEM97	3629	1
6186	TMEM98	118	1
6187	TMEM9B	13859	1
6188	TMF1	8606	1
6189	TMOD3	7677	1
6190	TMPO	5096	1
6191	TMPO-AS1	43513	1
6192	TMSB10	510	1
6193	TMSB4X	20181	1
6194	TMTC3	7802	1
6195	TMUB1	11459	1
6196	TMUB2	12385	1
6197	TMX1	7889	1
6198	TMX2	22390	1
6199	TMX3	11859	1
6200	TMX4	5723	1
6201	TNFAIP1	3627	1
6202	TNFAIP8	8736	1
6203	TNFAIP8L1	15946	1
6204	TNFRSF10B	5106	1
6205	TNFRSF12A	131	1
6206	TNFRSF1A	1001	1
6207	TNIK	9746	1
6208	TNIP1	8759	1
6209	TNIP2	12447	1
6210	TNKS	13470	1
6211	TNKS2	3458	1
6212	TNNT1	3025	1
6213	TNPO1	1591	1
6214	TNPO2	3136	1
6215	TNPO3	883	1
6216	TNRC18	15145	1
6217	TNRC6A	1900	1
6218	TNRC6B	2279	1
6219	TOB1	8069	1
6220	TOB2	15585	1
6221	TOE1	6650	1
6222	TOGARAM1	17803	1
6223	TOLLIP	1443	1
6224	TOMM20	13559	1
6225	TOMM22	2219	1
6226	TOMM34	449	1
6227	TOMM40	6222	1
6228	TOMM5	13934	1
6229	TOMM6	22864	1
6230	TOMM7	17165	1
6231	TOMM70	9726	1
6232	TONSL	10547	1
6233	TOP1	17908	1
6234	TOP2A	6485	1
6235	TOP2B	1367	1
6236	TOP3A	14247	1
6237	TOPBP1	11116	1
6238	TOPORS	17439	1
6239	TOR1A	7337	1
6240	TOR1AIP1	8358	1
6241	TOR1AIP2	12689	1
6242	TOR2A	10478	1
6243	TOR3A	16184	1
6244	TOR4A	17621	1
6245	TOX4	1965	1
6246	TP53BP1	1009	1
6247	TP53BP2	8408	1
6248	TP53I13	12105	1
6249	TP53I3	4364	1
6250	TP53RK	13257	1
6251	TPD52L1	3980	1
6252	TPD52L2	2447	1
6253	TPGS1	8171	1
6254	TPGS2	6953	1
6255	TPI1	3924	1
6256	TPM1	7955	1
6257	TPM3	8416	1
6258	TPM4	12084	1
6259	TPMT	7452	1
6260	TPP1	11815	1
6261	TPP2	6975	1
6262	TPR	620	1
6263	TPRA1	11146	1
6264	TPRKB	8502	1
6265	TPRN	13986	1
6266	TPST2	6004	1
6267	TPT1	6713	1
6268	TPT1-AS1	12918	1
6269	TPX2	1769	1
6270	TRA2A	11369	1
6271	TRA2B	7288	1
6272	TRABD	12862	1
6273	TRADD	2711	1
6274	TRAF3	6423	1
6275	TRAF3IP1	19716	1
6276	TRAF4	1348	1
6277	TRAF5	1570	1
6278	TRAF7	6471	1
6279	TRAFD1	7018	1
6280	TRAK1	15267	1
6281	TRAM1	999	1
6282	TRAM2	919	1
6283	TRAP1	5833	1
6284	TRAPPC1	12720	1
6285	TRAPPC10	10443	1
6286	TRAPPC11	12374	1
6287	TRAPPC12	13146	1
6288	TRAPPC13	4203	1
6289	TRAPPC2	17092	1
6290	TRAPPC2B	43072	1
6291	TRAPPC2L	12095	1
6292	TRAPPC3	718	1
6293	TRAPPC4	17155	1
6294	TRAPPC5	14965	1
6295	TRAPPC6B	15223	1
6296	TRAPPC8	9643	1
6297	TRDMT1	3431	1
6298	TRIAP1	12900	1
6299	TRIB3	2481	1
6300	TRIM11	9754	1
6301	TRIM13	20046	1
6302	TRIM14	3360	1
6303	TRIM23	4202	1
6304	TRIM24	5306	1
6305	TRIM25	5128	1
6306	TRIM26	31883	1
6307	TRIM27	19965	1
6308	TRIM28	6320	1
6309	TRIM33	17359	1
6310	TRIM37	3520	1
6311	TRIM38	4053	1
6312	TRIM4	8881	1
6313	TRIM41	8787	1
6314	TRIM44	11811	1
6315	TRIM52	15540	1
6316	TRIM52-AS1	37583	1
6317	TRIM56	12677	1
6318	TRIM59	22180	1
6319	TRIM73	14538	1
6320	TRIM8	12992	1
6321	TRIO	550	1
6322	TRIOBP	2191	1
6323	TRIP10	5693	1
6324	TRIP11	2389	1
6325	TRIP12	9679	1
6326	TRIP13	1155	1
6327	TRIP4	2846	1
6328	TRIP6	1716	1
6329	TRIR	5346	1
6330	TRIT1	598	1
6331	TRMO	7372	1
6332	TRMT1	3000	1
6333	TRMT10C	13634	1
6334	TRMT11	980	1
6335	TRMT112	13429	1
6336	TRMT13	5261	1
6337	TRMT1L	5168	1
6338	TRMT2A	2130	1
6339	TRMT5	5856	1
6340	TRMT6	1826	1
6341	TRMT61A	11768	1
6342	TRMT61B	12962	1
6343	TRMU	2301	1
6344	TRNAU1AP	14784	1
6345	TRNT1	1201	1
6346	TROAP	7079	1
6347	TRPC4AP	2419	1
6348	TRPM7	1972	1
6349	TRPT1	9249	1
6350	TRRAP	17052	1
6351	TRUB1	11687	1
6352	TRUB2	12016	1
6353	TSC1	11656	1
6354	TSC2	2776	1
6355	TSC22D1	2705	1
6356	TSC22D2	17081	1
6357	TSC22D4	11970	1
6358	TSEN15	17886	1
6359	TSEN2	9793	1
6360	TSEN34	12910	1
6361	TSEN54	15164	1
6362	TSFM	5362	1
6363	TSG101	1258	1
6364	TSN	21435	1
6365	TSNAX	4640	1
6366	TSPAN13	3320	1
6367	TSPAN14	3497	1
6368	TSPAN17	636	1
6369	TSPAN3	7948	1
6370	TSPAN31	7080	1
6371	TSPAN4	22627	1
6372	TSPO	2253	1
6373	TSPYL1	16896	1
6374	TSPYL4	16400	1
6375	TSR1	12165	1
6376	TSR2	10224	1
6377	TSR3	187	1
6378	TSSC4	15675	1
6379	TST	6008	1
6380	TSTD2	7367	1
6381	TSTD3	55167	1
6382	TTBK2	6075	1
6383	TTC1	4164	1
6384	TTC14	11102	1
6385	TTC17	703	1
6386	TTC19	290	1
6387	TTC21B	5407	1
6388	TTC27	384	1
6389	TTC28-AS1	33111	1
6390	TTC3	15281	1
6391	TTC31	4396	1
6392	TTC32	15591	1
6393	TTC33	4207	1
6394	TTC4	36801	1
6395	TTC5	7258	1
6396	TTC8	11613	1
6397	TTC9C	10684	1
6398	TTF1	5653	1
6399	TTF2	4628	1
6400	TTI1	2518	1
6401	TTI2	6169	1
6402	TTK	4100	1
6403	TTL	4349	1
6404	TTLL12	2255	1
6405	TTN-AS1	34021	1
6406	TTPAL	5452	1
6407	TUBA1A	12109	1
6408	TUBA1B	5381	1
6409	TUBA1C	12110	1
6410	TUBA4A	5948	1
6411	TUBB	17005	1
6412	TUBB2A	7437	1
6413	TUBB4B	16633	1
6414	TUBB6	13974	1
6415	TUBE1	1279	1
6416	TUBG1	6445	1
6417	TUBGCP2	6297	1
6418	TUBGCP3	5791	1
6419	TUBGCP4	7539	1
6420	TUBGCP5	53374	1
6421	TUFM	14562	1
6422	TUG1	40982	1
6423	TULP4	6247	1
6424	TUSC2	4278	1
6425	TUSC3	2951	1
6426	TUT4	6942	1
6427	TUT7	1588	1
6428	TWF1	9370	1
6429	TWF2	37443	1
6430	TWNK	3451	1
6431	TWSG1	6068	1
6432	TXLNA	1632	1
6433	TXLNG	1704	1
6434	TXN	7330	1
6435	TXN2	2275	1
6436	TXNDC11	9608	1
6437	TXNDC12	4758	1
6438	TXNDC15	4206	1
6439	TXNDC17	6118	1
6440	TXNDC5	34996	1
6441	TXNDC9	4438	1
6442	TXNIP	48358	1
6443	TXNL1	1919	1
6444	TXNL4A	8164	1
6445	TXNL4B	8013	1
6446	TXNRD1	17709	1
6447	TXNRD2	15721	1
6448	TYK2	3097	1
6449	TYMS	14152	1
6450	TYMSOS	14162	1
6451	TYRO3	1973	1
6452	TYW1	17893	1
6453	TYW3	10770	1
6454	TYW5	10868	1
6455	U2AF2	857	1
6456	U2SURP	11100	1
6457	UAP1	4669	1
6458	UBA1	6368	1
6459	UBA2	5804	1
6460	UBA3	8604	1
6461	UBA5	1533	1
6462	UBA52	24093	1
6463	UBA6	502	1
6464	UBAC1	6285	1
6465	UBAC2	6971	1
6466	UBALD1	9650	1
6467	UBALD2	15916	1
6468	UBAP1	11491	1
6469	UBAP2	7395	1
6470	UBAP2L	8421	1
6471	UBASH3B	9717	1
6472	UBB	12777	1
6473	UBC	9340	1
6474	UBE2A	1395	1
6475	UBE2B	4868	1
6476	UBE2D1	1189	1
6477	UBE2D2	6460	1
6478	UBE2D3	3659	1
6479	UBE2D4	1444	1
6480	UBE2E1	12736	1
6481	UBE2E3	12718	1
6482	UBE2F	15649	1
6483	UBE2G1	6573	1
6484	UBE2G2	15790	1
6485	UBE2H	16261	1
6486	UBE2I	2795	1
6487	UBE2J1	17866	1
6488	UBE2J2	10410	1
6489	UBE2K	1411	1
6490	UBE2L3	16009	1
6491	UBE2L6	9996	1
6492	UBE2M	6319	1
6493	UBE2N	14374	1
6494	UBE2O	13965	1
6495	UBE2Q1	10512	1
6496	UBE2Q2	7942	1
6497	UBE2R2	3411	1
6498	UBE2S	3491	1
6499	UBE2T	1370	1
6500	UBE2V1	37218	1
6501	UBE2V2	12513	1
6502	UBE2W	2905	1
6503	UBE2Z	10305	1
6504	UBE3A	4249	1
6505	UBE3B	9361	1
6506	UBE3C	232	1
6507	UBE4A	3769	1
6508	UBE4B	6359	1
6509	UBFD1	2805	1
6510	UBIAD1	5116	1
6511	UBL3	5226	1
6512	UBL4A	2639	1
6513	UBL5	17665	1
6514	UBL7	7688	1
6515	UBLCP1	11319	1
6516	UBN1	4850	1
6517	UBN2	10124	1
6518	UBP1	9659	1
6519	UBQLN1	6991	1
6520	UBQLN2	16583	1
6521	UBQLN4	10528	1
6522	UBR1	10348	1
6523	UBR2	438	1
6524	UBR3	8545	1
6525	UBR4	5918	1
6526	UBR5	2930	1
6527	UBR7	322	1
6528	UBTF	3508	1
6529	UBXN1	10682	1
6530	UBXN2A	13602	1
6531	UBXN2B	23011	1
6532	UBXN4	8528	1
6533	UBXN6	12149	1
6534	UBXN7	11181	1
6535	UBXN8	2947	1
6536	UCHL3	4853	1
6537	UCHL5	4613	1
6538	UCK1	6316	1
6539	UCK2	8324	1
6540	UCKL1	17670	1
6541	UCP2	13896	1
6542	UFC1	8336	1
6543	UFD1	1091	1
6544	UFL1	345	1
6545	UFM1	5075	1
6546	UFSP2	3701	1
6547	UGCG	9044	1
6548	UGDH	3706	1
6549	UGGT1	7320	1
6550	UGGT2	2687	1
6551	UGP2	12658	1
6552	UHMK1	9515	1
6553	UHRF1	53477	1
6554	UHRF2	9018	1
6555	UIMC1	1728	1
6556	UMAD1	23668	1
6557	UMPS	4292	1
6558	UNC119	3633	1
6559	UNC119B	13969	1
6560	UNC45A	7986	1
6561	UNC50	4426	1
6562	UNG	1338	1
6563	UNK	6593	1
6564	UNKL	796	1
6565	UPF1	73	1
6566	UPF2	9398	1
6567	UPF3A	12494	1
6568	UPF3B	5627	1
6569	UPK3BL1	49150	1
6570	UQCC1	2426	1
6571	UQCC2	7444	1
6572	UQCC3	20020	1
6573	UQCR10	15625	1
6574	UQCR11	5929	1
6575	UQCRB	9977	1
6576	UQCRC1	250	1
6577	UQCRC2	8005	1
6578	UQCRFS1	12484	1
6579	UQCRH	13544	1
6580	UQCRQ	11338	1
6581	URB1	8204	1
6582	URI1	3043	1
6583	URM1	12020	1
6584	UROD	5785	1
6585	UROS	16748	1
6586	USB1	2740	1
6587	USE1	711	1
6588	USF2	3171	1
6589	USF3	14084	1
6590	USO1	7726	1
6591	USP1	10763	1
6592	USP10	2774	1
6593	USP11	2646	1
6594	USP12	9538	1
6595	USP13	779	1
6596	USP14	2549	1
6597	USP15	7121	1
6598	USP16	9953	1
6599	USP22	5517	1
6600	USP24	10713	1
6601	USP25	9852	1
6602	USP28	634	1
6603	USP3	7959	1
6604	USP32	12892	1
6605	USP33	1375	1
6606	USP34	4430	1
6607	USP36	749	1
6608	USP37	7165	1
6609	USP38	12747	1
6610	USP39	12446	1
6611	USP4	4270	1
6612	USP40	1677	1
6613	USP42	3293	1
6614	USP45	5394	1
6615	USP46	3647	1
6616	USP47	12756	1
6617	USP48	1894	1
6618	USP5	3923	1
6619	USP53	8689	1
6620	USP6NL	9088	1
6621	USP7	16454	1
6622	USP8	7675	1
6623	USP9X	5527	1
6624	USPL1	6680	1
6625	UTP11	15482	1
6626	UTP14A	10006	1
6627	UTP15	11321	1
6628	UTP18	288	1
6629	UTP20	5095	1
6630	UTP23	9004	1
6631	UTP25	4732	1
6632	UTP3	6589	1
6633	UTP4	8056	1
6634	UTP6	3565	1
6635	UVRAG	17696	1
6636	UXS1	4464	1
6637	UXT	5843	1
6638	VAC14	2749	1
6639	VAMP2	23749	1
6640	VAMP3	656	1
6641	VAMP4	4723	1
6642	VAMP7	5505	1
6643	VAPA	2550	1
6644	VAPB	5463	1
6645	VASP	5701	1
6646	VAT1	3594	1
6647	VBP1	9912	1
6648	VCL	518	1
6649	VCP	11557	1
6650	VCPIP1	13798	1
6651	VDAC1	22385	1
6652	VDAC2	11635	1
6653	VDAC3	1431	1
6654	VEGFA	4098	1
6655	VEGFB	13512	1
6656	VEZF1	7274	1
6657	VEZT	469	1
6658	VGLL4	8572	1
6659	VHL	6828	1
6660	VIM	452	1
6661	VIRMA	11476	1
6662	VKORC1	12078	1
6663	VKORC1L1	17175	1
6664	VMA21	10417	1
6665	VMP1	846	1
6666	VOPP1	9819	1
6667	VPS11	10508	1
6668	VPS13A	17567	1
6669	VPS13B	6605	1
6670	VPS13C	6089	1
6671	VPS13D	647	1
6672	VPS16	23081	1
6673	VPS25	6451	1
6674	VPS26A	5324	1
6675	VPS26B	9409	1
6676	VPS26C	10102	1
6677	VPS28	10546	1
6678	VPS29	3861	1
6679	VPS33A	7864	1
6680	VPS35	1070	1
6681	VPS35L	2835	1
6682	VPS36	7207	1
6683	VPS37A	9918	1
6684	VPS37B	7865	1
6685	VPS41	153	1
6686	VPS45	7301	1
6687	VPS4A	6616	1
6688	VPS4B	4913	1
6689	VPS50	56	1
6690	VPS51	9257	1
6691	VPS52	24675	1
6692	VPS53	8070	1
6693	VPS54	8488	1
6694	VPS72	10924	1
6695	VPS8	10029	1
6696	VRK1	2379	1
6697	VRK2	467	1
6698	VRK3	3026	1
6699	VSIG10	14140	1
6700	VTA1	241	1
6701	VTI1A	9411	1
6702	VTI1B	2340	1
6703	VWA8	2698	1
6704	WAC	2042	1
6705	WAC-AS1	42056	1
6706	WAPL	845	1
6707	WARS2	4634	1
6708	WASF1	4035	1
6709	WASF2	10182	1
6710	WASHC1	15023	1
6711	WASHC2A	2087	1
6712	WASHC2C	13335	1
6713	WASHC3	5102	1
6714	WASHC4	7201	1
6715	WASHC5	11481	1
6716	WASL	3281	1
6717	WBP1	35196	1
6718	WBP11	1628	1
6719	WBP1L	11800	1
6720	WBP2	6591	1
6721	WBP4	5076	1
6722	WDFY1	1656	1
6723	WDFY2	7856	1
6724	WDHD1	17747	1
6725	WDR1	1145	1
6726	WDR11	4992	1
6727	WDR12	7663	1
6728	WDR13	2594	1
6729	WDR18	918	1
6730	WDR20	7917	1
6731	WDR26	10855	1
6732	WDR3	916	1
6733	WDR33	7314	1
6734	WDR35	4857	1
6735	WDR36	6988	1
6736	WDR4	10430	1
6737	WDR41	11289	1
6738	WDR43	11129	1
6739	WDR44	6479	1
6740	WDR45	17254	1
6741	WDR45B	8140	1
6742	WDR46	27112	1
6743	WDR48	4316	1
6744	WDR5	17048	1
6745	WDR54	97	1
6746	WDR55	5032	1
6747	WDR59	2759	1
6748	WDR6	14444	1
6749	WDR62	1319	1
6750	WDR70	1553	1
6751	WDR73	14200	1
6752	WDR74	6741	1
6753	WDR75	4416	1
6754	WDR76	1974	1
6755	WDR77	4567	1
6756	WDR82	11229	1
6757	WDR83	5348	1
6758	WDR83OS	3137	1
6759	WDSUB1	16975	1
6760	WDTC1	8275	1
6761	WEE1	11861	1
6762	WHAMM	9949	1
6763	WIPF1	4500	1
6764	WIPF2	13051	1
6765	WIPI2	10149	1
6766	WIZ	298	1
6767	WNK1	810	1
6768	WRAP53	8113	1
6769	WRAP73	4549	1
6770	WRN	11577	1
6771	WRNIP1	5536	1
6772	WSB1	3619	1
6773	WSB2	14148	1
6774	WTAP	8843	1
6775	WWC2	9440	1
6776	WWP1	5341	1
6777	XAB2	1358	1
6778	XBP1	2221	1
6779	XIAP	2599	1
6780	XIST	28931	1
6781	XPA	7375	1
6782	XPC	9796	1
6783	XPNPEP1	3484	1
6784	XPNPEP3	17008	1
6785	XPO1	1579	1
6786	XPO4	6681	1
6787	XPO5	5544	1
6788	XPO6	12519	1
6789	XPO7	6227	1
6790	XPOT	15746	1
6791	XPR1	8356	1
6792	XRCC1	1215	1
6793	XRCC2	17133	1
6794	XRCC4	9525	1
6795	XRCC5	1452	1
6796	XRCC6	17076	1
6797	XRN1	4258	1
6798	XRN2	1799	1
6799	XRRA1	11843	1
6800	XXYLT1	13600	1
6801	YAE1	35742	1
6802	YAF2	355	1
6803	YARS2	7760	1
6804	YBEY	15212	1
6805	YBX1	953	1
6806	YBX3	808	1
6807	YDJC	10576	1
6808	YEATS2	11147	1
6809	YEATS4	5903	1
6810	YES1	13994	1
6811	YIF1A	13753	1
6812	YIF1B	12140	1
6813	YIPF1	792	1
6814	YIPF2	6322	1
6815	YIPF3	7426	1
6816	YIPF4	4963	1
6817	YIPF5	8742	1
6818	YIPF6	15067	1
6819	YJU2	3060	1
6820	YKT6	3343	1
6821	YLPM1	4917	1
6822	YME1L1	7325	1
6823	YPEL3	1866	1
6824	YPEL5	4961	1
6825	YRDC	17087	1
6826	YTHDC1	1614	1
6827	YTHDC2	614	1
6828	YTHDF1	9244	1
6829	YTHDF2	17728	1
6830	YTHDF3	16030	1
6831	YWHAB	11964	1
6832	YWHAE	3612	1
6833	YWHAG	12717	1
6834	YWHAH	5990	1
6835	YWHAQ	6873	1
6836	YWHAZ	11467	1
6837	YY1	2386	1
6838	YY1AP1	10976	1
6839	ZBED1	22859	1
6840	ZBED4	2306	1
6841	ZBED5	33330	1
6842	ZBTB1	5855	1
6843	ZBTB11	973	1
6844	ZBTB17	4624	1
6845	ZBTB21	13472	1
6846	ZBTB24	4055	1
6847	ZBTB37	15924	1
6848	ZBTB38	14250	1
6849	ZBTB40	15770	1
6850	ZBTB41	14373	1
6851	ZBTB43	12515	1
6852	ZBTB44	17034	1
6853	ZBTB7A	14561	1
6854	ZBTB8A	10407	1
6855	ZBTB8OS	14032	1
6856	ZC3H13	5355	1
6857	ZC3H14	2374	1
6858	ZC3H15	934	1
6859	ZC3H18	10226	1
6860	ZC3H4	6326	1
6861	ZC3H7A	5247	1
6862	ZC3H7B	2297	1
6863	ZC3H8	8521	1
6864	ZC3HAV1	3219	1
6865	ZC3HC1	1941	1
6866	ZCCHC10	9854	1
6867	ZCCHC14	8032	1
6868	ZCCHC17	5191	1
6869	ZCCHC3	37425	1
6870	ZCCHC7	9029	1
6871	ZCCHC8	497	1
6872	ZCCHC9	6481	1
6873	ZCRB1	7770	1
6874	ZDHHC12	10483	1
6875	ZDHHC16	13012	1
6876	ZDHHC17	16329	1
6877	ZDHHC20	14906	1
6878	ZDHHC24	13632	1
6879	ZDHHC3	11130	1
6880	ZDHHC4	7242	1
6881	ZDHHC5	9997	1
6882	ZDHHC6	421	1
6883	ZDHHC7	9670	1
6884	ZDHHC8	2132	1
6885	ZEB1	9100	1
6886	ZEB2	12606	1
6887	ZFAND1	2890	1
6888	ZFAND2A	14458	1
6889	ZFAND2B	10227	1
6890	ZFAND3	9999	1
6891	ZFAND5	3414	1
6892	ZFAND6	1702	1
6893	ZFAS1	14270	1
6894	ZFC3H1	6794	1
6895	ZFHX3	8016	1
6896	ZFP36L1	16008	1
6897	ZFP36L2	9542	1
6898	ZFP62	17163	1
6899	ZFP91	16275	1
6900	ZFPL1	10692	1
6901	ZFPM1	14689	1
6902	ZFR	758	1
6903	ZFX	110	1
6904	ZFYVE16	557	1
6905	ZFYVE21	2371	1
6906	ZFYVE27	9845	1
6907	ZFYVE9	10048	1
6908	ZGPAT	17292	1
6909	ZGRF1	7696	1
6910	ZHX1	11525	1
6911	ZHX3	13652	1
6912	ZKSCAN1	3275	1
6913	ZKSCAN5	17153	1
6914	ZKSCAN8	17679	1
6915	ZMAT2	8779	1
6916	ZMAT3	13337	1
6917	ZMAT5	2261	1
6918	ZMIZ2	5270	1
6919	ZMPSTE24	1618	1
6920	ZMYM1	17272	1
6921	ZMYM2	5185	1
6922	ZMYM3	8921	1
6923	ZMYM4	8844	1
6924	ZMYM5	6679	1
6925	ZMYM6	11145	1
6926	ZMYND11	356	1
6927	ZMYND19	11661	1
6928	ZMYND8	2427	1
6929	ZNF106	2863	1
6930	ZNF107	17012	1
6931	ZNF12	11390	1
6932	ZNF121	17565	1
6933	ZNF131	13244	1
6934	ZNF138	17256	1
6935	ZNF143	11858	1
6936	ZNF146	12135	1
6937	ZNF148	11142	1
6938	ZNF160	12928	1
6939	ZNF175	3118	1
6940	ZNF195	104	1
6941	ZNF197	16221	1
6942	ZNF205	5255	1
6943	ZNF207	249	1
6944	ZNF217	13167	1
6945	ZNF226	12072	1
6946	ZNF24	13302	1
6947	ZNF248	17618	1
6948	ZNF254	22127	1
6949	ZNF26	17698	1
6950	ZNF260	41541	1
6951	ZNF263	127	1
6952	ZNF267	16091	1
6953	ZNF268	1888	1
6954	ZNF274	13089	1
6955	ZNF277	17871	1
6956	ZNF280D	7552	1
6957	ZNF281	10794	1
6958	ZNF282	12762	1
6959	ZNF286A	16466	1
6960	ZNF292	16829	1
6961	ZNF3	11871	1
6962	ZNF318	13049	1
6963	ZNF32	12649	1
6964	ZNF322	15008	1
6965	ZNF326	10783	1
6966	ZNF330	3665	1
6967	ZNF33A	16881	1
6968	ZNF33B	17168	1
6969	ZNF346	4225	1
6970	ZNF35	12708	1
6971	ZNF358	17856	1
6972	ZNF367	11549	1
6973	ZNF37A	1305	1
6974	ZNF384	5840	1
6975	ZNF394	10543	1
6976	ZNF397	16303	1
6977	ZNF410	4951	1
6978	ZNF414	6734	1
6979	ZNF426	6346	1
6980	ZNF428	6399	1
6981	ZNF430	4829	1
6982	ZNF431	17172	1
6983	ZNF433-AS1	23686	1
6984	ZNF444	12153	1
6985	ZNF445	15903	1
6986	ZNF451	4017	1
6987	ZNF480	17718	1
6988	ZNF496	10798	1
6989	ZNF507	12432	1
6990	ZNF511	17743	1
6991	ZNF512	36890	1
6992	ZNF512B	17170	1
6993	ZNF518A	14365	1
6994	ZNF518B	14423	1
6995	ZNF524	13038	1
6996	ZNF544	17627	1
6997	ZNF561	13050	1
6998	ZNF562	13048	1
6999	ZNF567	16840	1
7000	ZNF574	3183	1
7001	ZNF576	5520	1
7002	ZNF579	23589	1
7003	ZNF580	22074	1
7004	ZNF581	13033	1
7005	ZNF587	17719	1
7006	ZNF592	11908	1
7007	ZNF593	8264	1
7008	ZNF598	12224	1
7009	ZNF609	14834	1
7010	ZNF621	13384	1
7011	ZNF622	13519	1
7012	ZNF629	2710	1
7013	ZNF638	1298	1
7014	ZNF639	5200	1
7015	ZNF644	5264	1
7016	ZNF652	17818	1
7017	ZNF654	13805	1
7018	ZNF655	17364	1
7019	ZNF664	14623	1
7020	ZNF668	12076	1
7021	ZNF672	12981	1
7022	ZNF675	17374	1
7023	ZNF680	13419	1
7024	ZNF7	9012	1
7025	ZNF706	5120	1
7026	ZNF708	15154	1
7027	ZNF714	10473	1
7028	ZNF721	15335	1
7029	ZNF746	14995	1
7030	ZNF749	16173	1
7031	ZNF75A	10673	1
7032	ZNF766	16999	1
7033	ZNF768	12702	1
7034	ZNF770	17631	1
7035	ZNF771	14759	1
7036	ZNF777	17088	1
7037	ZNF787	8222	1
7038	ZNF791	13584	1
7039	ZNF800	640	1
7040	ZNF827	9419	1
7041	ZNF83	12178	1
7042	ZNF830	17836	1
7043	ZNF84	17594	1
7044	ZNF91	12044	1
7045	ZNF92	8874	1
7046	ZNFX1	5473	1
7047	ZNHIT1	3303	1
7048	ZNHIT2	13648	1
7049	ZNHIT3	52252	1
7050	ZNHIT6	4676	1
7051	ZNRD2	13506	1
7052	ZNRF1	16160	1
7053	ZPR1	3716	1
7054	ZRANB2	6595	1
7055	ZRANB3	5217	1
7056	ZRSR2	12546	1
7057	ZSCAN16-AS1	49945	1
7058	ZSCAN30	16304	1
7059	ZSWIM6	6265	1
7060	ZSWIM7	22945	1
7061	ZSWIM8	22839	1
7062	ZUP1	9695	1
7063	ZW10	1708	1
7064	ZWILCH	13677	1
7065	ZWINT	5323	1
7066	ZXDC	1113	1
7067	ZYG11B	10704	1
7068	ZYX	10383	1
7069	ZZEF1	1273	1
