k,split,line,L0,fix03,L2_zero_offset,woff_L2_zero_offset,L3_plus_source,woff_L3_plus_source,L4_full,woff_L4_full
5,0,0,0.6380410194396973,0.6591657996177673,0.6462505789783521,0.5477435821212719,0.6453898474834392,0.4402815472997145,0.6362820519313434,0.3058333835771401
5,0,1,0.6554420590400696,0.6657151579856873,0.6505679457191077,0.5338377968130272,0.6495712502731084,0.4156577503056987,0.640896525223574,0.29361210931158793
5,0,2,0.681815505027771,0.7019081115722656,0.6876816239340845,0.5396496631834721,0.6874927672302699,0.42855795770822486,0.6783826234490508,0.3000431899943805
5,0,3,0.650518536567688,0.6610726118087769,0.643833654025304,0.5365179210812573,0.6428216529062019,0.4216962380753467,0.6321848032064743,0.2969084578760108
5,0,4,0.6582326889038086,0.6948375105857849,0.6917621970242275,0.543281446949263,0.6839416347882117,0.43321903368256043,0.6830680304293786,0.30240596491386484
5,0,5,0.6686273813247681,0.6851283311843872,0.6704201808422247,0.5387691891732639,0.6745493402917933,0.4217346045572421,0.6629629718235462,0.29676948824279487
5,0,6,0.5695675611495972,0.5827595591545105,0.5701196642556462,0.5357639628586294,0.5681155924347568,0.42368915826304876,0.5606075057335441,0.29705561368856287
5,0,7,0.6919344067573547,0.7100872993469238,0.6958095657140825,0.539845846875338,0.6944932297411838,0.425599021409178,0.6857156411479034,0.2984708504907517
5,0,8,0.6663144826889038,0.6785531044006348,0.6657359210462164,0.5334613399890636,0.6683812997897084,0.40608285505846375,0.6602302566399909,0.28825556570784083
5,0,9,0.6673919558525085,0.6876102089881897,0.6769375842088816,0.536528454517816,0.6818944772680124,0.4168199120459089,0.67324862636236,0.29398082621197863
5,0,10,0.6878594160079956,0.7005770802497864,0.6862645023012213,0.5343291340095436,0.6921077822832148,0.4134521314658927,0.6807924671630884,0.2927560162712387
5,0,11,0.6564761400222778,0.6648362874984741,0.6462178080318359,0.5365203799261701,0.6524587354553137,0.4163957966745536,0.6385522315243244,0.2940584410097763
5,0,12,0.6841662526130676,0.6888996362686157,0.6675305685482124,0.5363373998661479,0.6736658234075971,0.42031323197784154,0.6585097042202265,0.29607297516327236
5,0,13,0.6782304644584656,0.6869170665740967,0.6677519067905471,0.5396176916346374,0.6710982079452381,0.4158858434113219,0.6583484551041421,0.29329964989268287
5,0,14,0.6358667612075806,0.6467494964599609,0.6306055601464298,0.540335161758595,0.6347721970701324,0.4263870871242327,0.6232904067368352,0.299042641988589
5,0,15,0.693435788154602,0.6963687539100647,0.6777097324539748,0.5308730944583987,0.6808549701058116,0.40891923592885726,0.6687839366939702,0.29042979990576856
5,1,0,0.6382896304130554,0.6534697413444519,0.6369379554275824,0.5432170636633095,0.6372645467743591,0.43518247968283474,0.6249016885576762,0.30339286116509623
5,1,1,0.6580455899238586,0.6693652868270874,0.654998085598795,0.534522505714759,0.6540949671984502,0.41723807566892046,0.6463840470240685,0.29423411633841284
5,1,2,0.6827635765075684,0.7032272219657898,0.6940337661296381,0.5350645476236512,0.6900013418357477,0.4188810480836387,0.6858517679316779,0.2952648650318759
5,1,3,0.6596570611000061,0.6680731177330017,0.6517396548662614,0.5332381060789402,0.6499878067015421,0.41368544969671667,0.6403425780223035,0.29284538491284257
5,1,4,0.6578468084335327,0.6973404288291931,0.6933974521120048,0.547469147291357,0.6869611002160398,0.44058544549332046,0.6845258179423626,0.3061191183590339
5,1,5,0.6705009937286377,0.6904797554016113,0.6765512336069783,0.5421000107597699,0.679137810260285,0.423799565782371,0.6685331474562803,0.2977554752554377
5,1,6,0.5735692381858826,0.5853138566017151,0.5736157731158915,0.5346546563452289,0.5716627077618099,0.4187106539608216,0.5647943459962285,0.2953208978047628
5,1,7,0.6905224919319153,0.7098973989486694,0.6943398750819813,0.5459996534952345,0.6949899923718168,0.438186439471301,0.6844909255970264,0.30459993244707523
5,1,8,0.6633460521697998,0.6852641701698303,0.6746133710032745,0.5402707133831094,0.6737883114223888,0.4155698242701574,0.6667701532912339,0.29337176590393205
5,1,9,0.6686360239982605,0.6876842379570007,0.6741573953384624,0.5380328928442895,0.6823493972493232,0.42470440910779284,0.66982416732442,0.29841794376863895
5,1,10,0.6829208135604858,0.7040611505508423,0.6906783074849667,0.5410861195008587,0.6968849286968304,0.4238544667374873,0.686245073317034,0.29727623825993316
5,1,11,0.6483513712882996,0.659411609172821,0.6384272130598798,0.5427496546601923,0.6458510786558572,0.42667359173800445,0.6298911149584735,0.2986932025790068
5,1,12,0.6873558163642883,0.6915816068649292,0.6714162778615167,0.5347120681049147,0.6762679551339472,0.4148978359382315,0.662616258301207,0.2932788666823002
5,1,13,0.6743921637535095,0.6851987242698669,0.6695882014375982,0.5384574008578796,0.6723152628122704,0.4113548391679773,0.6621341033947243,0.2911386150635191
5,1,14,0.6369401216506958,0.6500663757324219,0.6329168371632254,0.5420756123311405,0.6373606809733848,0.4269218705764611,0.6254244046081552,0.2991214937744893
5,1,15,0.695008397102356,0.7020964622497559,0.684514344240526,0.5337113236482582,0.6859183891717296,0.4128267132420476,0.6746899524384814,0.29248347342013126
5,2,0,0.6390456557273865,0.656924307346344,0.6413468521942252,0.5451263414409556,0.6412374812627373,0.43739023624157386,0.629217121387888,0.30457676506857156
5,2,1,0.6562305688858032,0.6666659712791443,0.6516760978594953,0.5337821098404634,0.6508919667037859,0.41768091249789213,0.6422780510839857,0.29471598488104717
5,2,2,0.6809967756271362,0.7018927335739136,0.6909017299115143,0.5361516666162466,0.6882194231503788,0.42599567294508667,0.6823732889095525,0.2980886502217128
5,2,3,0.6549403667449951,0.6644351482391357,0.648493942913946,0.5336901490813214,0.6464169968787872,0.41440760604273674,0.6370524943667132,0.29324205679473325
5,2,4,0.65625,0.6917149424552917,0.6883410324417994,0.542280703892339,0.6799858797996869,0.43281302200988236,0.6796600701509019,0.3018996115813115
5,2,5,0.6672712564468384,0.692284882068634,0.6819494973828066,0.5412750874995617,0.6830829200482988,0.42396951797402077,0.674665972489064,0.29790644907482494
5,2,6,0.5713106393814087,0.5849923491477966,0.5727828526483902,0.53674916073104,0.571195131195353,0.42346161643205105,0.5634968817089694,0.2976752119255255
5,2,7,0.6894572377204895,0.7117202281951904,0.6973929346491189,0.5466559198394462,0.6972386034865062,0.43639598116060213,0.6876181030900715,0.30381264907870675
5,2,8,0.667918860912323,0.6823791861534119,0.6708760394988981,0.5343505469169869,0.6723949610520558,0.4077854691519048,0.6650626428038117,0.28953715118422507
5,2,9,0.6679244041442871,0.6898322105407715,0.6742841501310847,0.5424578483376509,0.6826205449384417,0.42787054389397294,0.669332913392441,0.2986979444924821
5,2,10,0.6858316659927368,0.6997087001800537,0.6859512914325123,0.5353782096600714,0.692496280094143,0.41611261809585426,0.6815662985085877,0.2939829579018984
5,2,11,0.655314564704895,0.6668574213981628,0.6514150286776137,0.5356383520492343,0.6555639194284884,0.41534380435599966,0.6441098545451264,0.29362904230697445
5,2,12,0.6865382194519043,0.6848026514053345,0.6601315099436891,0.5351028163767393,0.6677625426448701,0.4167657666980469,0.6505499975418879,0.2941371495375058
5,2,13,0.6771793365478516,0.6870130300521851,0.6697542814336654,0.5377419065418065,0.6735746270021553,0.41146237910573036,0.6620800570825073,0.2911027753697795
5,2,14,0.6403185725212097,0.6513179540634155,0.6343999688671538,0.5391846251745217,0.6395950948545497,0.4243208101949741,0.6271846688631142,0.29795812480297085
5,2,15,0.6907307505607605,0.6977481245994568,0.6788397312984227,0.536503996269848,0.683695846597737,0.4195721824388566,0.6711908569757852,0.2949478696571482
5,3,0,0.6393093466758728,0.6560088396072388,0.6422544354453105,0.543446265423526,0.640458020273816,0.43010329477295667,0.6320177863311427,0.30069844799270334
5,3,1,0.6532602906227112,0.6651749014854431,0.6468953218937354,0.538584188476366,0.6477889616749276,0.42205784503295035,0.6364040268599804,0.29662195386890056
5,3,2,0.6839632391929626,0.7003222703933716,0.6883434339154524,0.5342504162830147,0.6842679597518327,0.4161954357119501,0.6782657826138061,0.29397550876049305
5,3,3,0.6542356610298157,0.6604030728340149,0.642743280395437,0.5330603170716814,0.6417202251247145,0.41389636141475455,0.6310409998424303,0.2929827444835718
5,3,4,0.6575129628181458,0.695512592792511,0.689103718112528,0.548109636099956,0.6843072780998246,0.44289619985782064,0.6804262426292658,0.3065503326793699
5,3,5,0.6700220704078674,0.689720630645752,0.6782087907579242,0.538433879732467,0.6800517662411191,0.4188584872154636,0.6713669621485654,0.2952190643352913
5,3,6,0.5714535117149353,0.5847732424736023,0.5706742211840165,0.5384213414657659,0.570760368430765,0.4278445391232714,0.5611114969417074,0.29910697307782763
5,3,7,0.690909206867218,0.710168182849884,0.6954611275267173,0.5432659739521776,0.6940489317542247,0.42895226064982384,0.6848676212907532,0.30001874234067966
5,3,8,0.6641678214073181,0.6794214248657227,0.6684094863603881,0.5342257724641226,0.6695467885602023,0.40664078607261,0.662527777538199,0.28863833142661055
5,3,9,0.6677758097648621,0.6957154870033264,0.6860491768194531,0.5409522162348172,0.6903502427854892,0.4263273768109889,0.6811297146979016,0.2984959044141415
5,3,10,0.6835720539093018,0.7006235718727112,0.6836356921738013,0.5417974948543818,0.6912912572035028,0.4238325346021974,0.6781373230568931,0.2972102973686489
5,3,11,0.6534953117370605,0.6651535034179688,0.6489903323001013,0.5370544930868959,0.6538225650799498,0.41915568317236446,0.6416371270845788,0.29549948001943727
5,3,12,0.6866153478622437,0.6891940832138062,0.6668597884603481,0.5358852187766677,0.6734619559120371,0.4179663365675023,0.6578045248813505,0.2947679615065059
5,3,13,0.6806545257568359,0.692846417427063,0.6758299483968587,0.5391639017044022,0.678850332465216,0.4134838385316665,0.6674562832752459,0.2919271484884852
5,3,14,0.6355094313621521,0.6429709196090698,0.6230912187395179,0.539958286936535,0.6292261835584301,0.423567630678472,0.6152443561499907,0.2974729049519119
5,3,15,0.6906497478485107,0.696099579334259,0.6778472448856976,0.5338739374235997,0.6817327921481199,0.4147508001723975,0.6699782197462367,0.2928387511542797
5,4,0,0.6413313150405884,0.6614872217178345,0.6496347053988514,0.5427165125156508,0.6467135081959084,0.4277011839793384,0.6403642199710311,0.29903114246315204
5,4,1,0.6607028841972351,0.6710740327835083,0.6554996000021567,0.5343588430798427,0.6546345934909069,0.4171497248672174,0.6454559587373884,0.29441005593673936
5,4,2,0.6847432255744934,0.6998927593231201,0.6851715541931294,0.5365033249157477,0.6847057991997687,0.42061942686605286,0.6764619665574559,0.295999669602066
5,4,3,0.6517110466957092,0.6578438878059387,0.6398669796518855,0.5342678874907737,0.6384817249354929,0.41506402496860406,0.6278629499650064,0.2933218231094489
5,4,4,0.6550198793411255,0.6915023326873779,0.6862231198413952,0.545532995001697,0.6797218795594328,0.43957092199879083,0.6770377109107708,0.30521092684132967
5,4,5,0.6710531711578369,0.6850587129592896,0.6726716082751641,0.5340007019414312,0.6758934408184302,0.41204328248807576,0.6670457542290312,0.2918509601844338
5,4,6,0.5701664686203003,0.5837939977645874,0.5705956973520884,0.537516062159758,0.5691195693655002,0.42423857480841665,0.5606125881972167,0.2979559001348129
5,4,7,0.6889422535896301,0.7093993425369263,0.6956054419926279,0.5422357026524445,0.6950008124990735,0.4312627981857545,0.687242055045783,0.30087099528610906
5,4,8,0.6624983549118042,0.6773625016212463,0.6635009601316294,0.5364128044788905,0.6666901230438314,0.4120974474634229,0.657906053322721,0.2908554257495286
5,4,9,0.6693403124809265,0.6936673521995544,0.6852934703988638,0.5366497012068641,0.6897492486955263,0.4172015147481354,0.6824548895949646,0.29412961454219205
5,4,10,0.684825599193573,0.7002735137939453,0.6880822584616151,0.5336560092620329,0.6937803903119212,0.41315243290626824,0.6838885553930252,0.29259168046518336
5,4,11,0.6558469533920288,0.6668758392333984,0.6515442627547524,0.5349477522258644,0.6559226909024789,0.41532911488022306,0.6447084420410862,0.29358554775929296
5,4,12,0.6832901239395142,0.6870478391647339,0.6644294236504238,0.5376424059748505,0.6707929736254151,0.4211669946061786,0.6549599272623298,0.296354614148277
5,4,13,0.6785769462585449,0.6852710843086243,0.664914023720355,0.5403879978642124,0.668872594291955,0.41377654159795085,0.6558081727299458,0.29221462131696996
5,4,14,0.6358209848403931,0.6464251279830933,0.6290326391928719,0.5405768672826166,0.6335649007782639,0.4238799150408243,0.6215070617759996,0.2977384512717161
5,4,15,0.6909274458885193,0.6953239440917969,0.6778377177867877,0.5309301863852462,0.6802612311039169,0.40780470096603666,0.669453525791105,0.28968695007613043
5,5,0,0.6409591436386108,0.6598131060600281,0.6470400982738863,0.5442288038917975,0.6445330624478955,0.43047753838874414,0.6365322045866311,0.3010014588181776
5,5,1,0.6590971350669861,0.6675251126289368,0.6526624702008805,0.5325651117572359,0.6512461182331731,0.41331029032453015,0.6428472643958663,0.29260875133519526
5,5,2,0.6839869618415833,0.7003140449523926,0.6832548668519977,0.539342404470237,0.6832017630716454,0.4263731024814707,0.6724088925032824,0.29903787095018136
5,5,3,0.6528711915016174,0.6616584062576294,0.6458099521166049,0.5339010851283937,0.6430855226563149,0.4152633312973851,0.6341927749772145,0.2935620359272594
5,5,4,0.6572977900505066,0.689720630645752,0.6850775107890091,0.5415764422051222,0.6765051903650693,0.4292409767091712,0.6755467043168506,0.30049987527816463
5,5,5,0.6672893762588501,0.6881681084632874,0.6762827992236229,0.5397409811010978,0.6777765807662548,0.4202172060461169,0.6687670320304814,0.29603534236492457
5,5,6,0.5721977949142456,0.5858983993530273,0.5719779171342867,0.538288202600979,0.5708777792120012,0.4261069247365912,0.5617415049048486,0.2986120470983019
5,5,7,0.690024733543396,0.7021703720092773,0.6842980666303202,0.541823567324648,0.6865676965763141,0.4327466426526183,0.674577391043891,0.30159756029756685
5,5,8,0.6626144647598267,0.6818204522132874,0.6710214497000428,0.537175325674435,0.6721750114672079,0.412887135449801,0.6650861424045428,0.291821936877883
5,5,9,0.6648886203765869,0.6913220882415771,0.681576120130575,0.539757187747333,0.6862130336543867,0.42252315878241464,0.6771310832538417,0.2969611314391917
5,5,10,0.6826579570770264,0.701680600643158,0.6894060796058228,0.5373469503790703,0.695032309663852,0.4194550518455613,0.6865040603675936,0.29482174622071816
5,5,11,0.6562977433204651,0.6663625240325928,0.6500284270626492,0.5354680875479494,0.6547478230985563,0.41449607368378305,0.6428110251627094,0.29311382142953524
5,5,12,0.6846808791160583,0.689961850643158,0.6690265990786706,0.5362125458466396,0.6742535714983159,0.4186954781060871,0.6595359508597087,0.2952341496183615
5,5,13,0.6758108735084534,0.6869486570358276,0.6688649133205133,0.5423195647839802,0.6717647202768633,0.41612436396581687,0.6599517132353582,0.29312794515468604
5,5,14,0.6371270418167114,0.6466032862663269,0.6286350003574107,0.5416971131096237,0.6338793762742652,0.4260179906249072,0.6212932441356974,0.2985675027448052
5,5,15,0.6911516785621643,0.6983792781829834,0.6820635211474756,0.5312741832566165,0.6839258731525449,0.4084434599541848,0.6740152491563169,0.29010111797683624
5,6,0,0.6414473056793213,0.6578760147094727,0.6442988928915822,0.54037343915249,0.6427716631707852,0.42728414557887145,0.6342767869494056,0.29935171422844997
5,6,1,0.6581481099128723,0.6677428483963013,0.6505668008635005,0.5355119402966362,0.6514753268380208,0.4185301736166601,0.6406883497670648,0.29518573552743604
5,6,2,0.6856656670570374,0.7030142545700073,0.6907046783067631,0.5359784305712523,0.6881344715356789,0.4206729935743543,0.6812648779483311,0.2962998412180187
5,6,3,0.6510829329490662,0.660978376865387,0.6438664170968624,0.5358475134905417,0.6421130512515663,0.41841602843734044,0.6316627233250667,0.2950966230140927
5,6,4,0.6569786071777344,0.6936979293823242,0.6911551752732005,0.5420818832687947,0.6820893640821801,0.4305651800593299,0.6828093061439059,0.30098215760247427
5,6,5,0.6676824688911438,0.6871142983436584,0.6750756526080673,0.538162585998517,0.677508128239298,0.4177619442320451,0.6684681117993431,0.29486654613493574
5,6,6,0.5686773061752319,0.5816376805305481,0.5673891618770766,0.5385567552619085,0.5671198955095395,0.42525648811532857,0.5576726396113578,0.2982417484269594
5,6,7,0.6907939314842224,0.7081524133682251,0.6928800493191931,0.5421470273573121,0.6926114750995843,0.4310961191833306,0.6826354493748353,0.3010463502287552
5,6,8,0.6611735820770264,0.6806627511978149,0.6669266291242222,0.5421740917605211,0.6664126477154472,0.41628194861324946,0.6575585247153273,0.2934813390796656
5,6,9,0.6694076657295227,0.6911649107933044,0.6820298702672052,0.5355613292470482,0.6866037911132465,0.41929981655677856,0.6779075859942676,0.29572697933998426
5,6,10,0.6858943700790405,0.6999563574790955,0.6864069292962346,0.5342577304254377,0.6926385400310718,0.4124346804199795,0.6820729270320303,0.2922353604546386
5,6,11,0.6565985679626465,0.6663389205932617,0.649039732055233,0.5368209758275256,0.6541446872087036,0.4161151570252113,0.6414533960089412,0.2937721859761638
5,6,12,0.6832060217857361,0.6893090009689331,0.6692120616338564,0.5355111853248175,0.6739368922284338,0.4188118791175525,0.6597812158341848,0.2954081549400926
5,6,13,0.6791109442710876,0.6896573305130005,0.6740368120789226,0.536696291386048,0.676998998247786,0.4130352167618199,0.6664679978960729,0.2919091799090071
5,6,14,0.6339559555053711,0.6490821838378906,0.6330764855011319,0.543079377823116,0.6370589583810901,0.42826820062767673,0.625584652598057,0.2996579514051385
5,6,15,0.6901372671127319,0.6985799670219421,0.6809719095870936,0.5353195579496185,0.6839178651157141,0.4163105600526337,0.6723160826641011,0.2937457190962523
5,7,0,0.641172468662262,0.6561495065689087,0.6422660222182445,0.5387790271723731,0.6404905817280541,0.42202608369776723,0.631824083027355,0.29703515935797986
5,7,1,0.6577886939048767,0.6676782965660095,0.6519992266724746,0.5345963338585894,0.6517231124392299,0.41736779072624824,0.6423196503190635,0.29462417554836984
5,7,2,0.6830122470855713,0.700467586517334,0.6861415614048784,0.5376683937064949,0.6844243867802234,0.4224724167679369,0.6761808162410022,0.2970917713523056
5,7,3,0.6535353660583496,0.6604583859443665,0.6415421022384231,0.5352900881155477,0.6406467896916122,0.4207025111932947,0.62682799344429,0.2960211418142214
5,7,4,0.6562520861625671,0.6999766230583191,0.6964898134541517,0.5500594635417042,0.6914166440888709,0.44879460585930164,0.6880753557580243,0.3086916402191144
5,7,5,0.6670207977294922,0.6862996220588684,0.6719759744573469,0.5413186277464539,0.6762859475034855,0.42331132665583876,0.666300345069029,0.29646742387989017
5,7,6,0.5729865431785583,0.5833635330200195,0.5690658453818849,0.5358293424645152,0.567896151951502,0.4231009626325133,0.5586551315833308,0.29751520031519146
5,7,7,0.6897169351577759,0.70778489112854,0.6942996120627329,0.5403801960704822,0.6932907582069229,0.4282335092785124,0.6848062009254939,0.29995539110797237
5,7,8,0.6649390459060669,0.683269739151001,0.6729646626790291,0.5354742487581409,0.6726484364329961,0.4089038117006269,0.666233546790401,0.2900019244230736
5,7,9,0.6669721603393555,0.6927926540374756,0.6835952709841424,0.5384211225548353,0.6885504904830007,0.41944269009500584,0.6803596852208815,0.2953600426256855
5,7,10,0.6859949231147766,0.7006561160087585,0.6874784266275416,0.5346329621084243,0.6930535184779509,0.4128850144538547,0.6840285476399713,0.29209057181912107
5,7,11,0.656669557094574,0.6666725873947144,0.6497044206609184,0.5365374592935996,0.6547950157701088,0.41596981811391176,0.6422233517062012,0.29377287442025773
5,7,12,0.6827462911605835,0.6878041625022888,0.6672256772896511,0.5366400626376888,0.671536163679224,0.41843565938180904,0.6574303018418478,0.29507885378972637
5,7,13,0.6807905435562134,0.6904563307762146,0.67552168698143,0.5344778642951373,0.6781733547934953,0.4065980982910036,0.6683153346093695,0.2885025662035024
5,7,14,0.6368700861930847,0.6504799723625183,0.633999653182566,0.5433574599745546,0.6388563004090962,0.43340263055048467,0.627017116765177,0.30233900838115785
5,7,15,0.6926882863044739,0.6994434595108032,0.6817558261845418,0.5333686815141246,0.6845578542289626,0.4140477434417761,0.6733643292588063,0.2925770665127921
5,8,0,0.6426444053649902,0.6599991321563721,0.6475781189438611,0.5412269739956909,0.6451791130260845,0.42724881308812745,0.6373450251289765,0.2995998967265398
5,8,1,0.6567666530609131,0.6670947670936584,0.6498457429564634,0.536206255972355,0.6494939807352734,0.41849595105950255,0.6387440214763533,0.2952053630294075
5,8,2,0.6836629509925842,0.7049521803855896,0.6941524310230216,0.5371655775539133,0.691614752318567,0.4260839103750662,0.6854533810411957,0.29885889962989154
5,8,3,0.6511455178260803,0.6608003973960876,0.6446862233994523,0.5342293398280475,0.6426608713401842,0.416642513216738,0.6330667403180534,0.2943905867993848
5,8,4,0.657609224319458,0.6868329048156738,0.6812006740637464,0.5396776890217376,0.6720529563706271,0.42611867131387315,0.6710196313766049,0.2988415757289774
5,8,5,0.6665788888931274,0.6846184730529785,0.6708107097737651,0.5386467009679381,0.6755127047641153,0.4215483561108258,0.6645087458249886,0.29667665468065396
5,8,6,0.5715789794921875,0.5787308812141418,0.5640888962326803,0.5335366425381433,0.5624794930368138,0.4152159033761152,0.5540330739649195,0.2931464754684588
5,8,7,0.6927599310874939,0.709970235824585,0.693799909576006,0.5435742966044234,0.6947287083666124,0.43420469502961473,0.6832054151892232,0.3025650112986239
5,8,8,0.6643590331077576,0.6831015348434448,0.6726954801656372,0.5363292032035711,0.6725266963026766,0.4102305592969036,0.6659460587489273,0.29075434697657687
5,8,9,0.669495165348053,0.6965032815933228,0.6863864336150538,0.5403496860818984,0.6918347536112228,0.42124827681184573,0.6825479142479031,0.2947886187851637
5,8,10,0.6854376792907715,0.7015209197998047,0.68754223806262,0.5365178266540958,0.6939906634670292,0.4193124959741852,0.6829912512694974,0.2953331924884525
5,8,11,0.6533434391021729,0.6639174222946167,0.6470907723129358,0.5366645018042667,0.6526338797949066,0.4195058109997217,0.6398084004583844,0.2958357401330788
5,8,12,0.6860157251358032,0.6889821887016296,0.6667193754882448,0.5360773796046281,0.6738343402541612,0.42053902276841476,0.6577248780640074,0.29599293366061585
5,8,13,0.6774579286575317,0.6867306232452393,0.6688693659597594,0.5387007543746608,0.6721622948991242,0.4146978454363785,0.6598880191664157,0.29304133177265884
5,8,14,0.6359976530075073,0.6485088467597961,0.6312503574381683,0.5418911031496245,0.6359033157936668,0.4269172713085351,0.6234642045992197,0.2994148606448848
5,8,15,0.6938108801841736,0.7004739046096802,0.6828674685127103,0.5324083699039173,0.6860363710426362,0.4100996790429249,0.6745012849066915,0.2908342551424506
5,9,0,0.6446625590324402,0.661131739616394,0.6490153119589652,0.5404036687612611,0.6469619555562726,0.4267693405188988,0.639419609753597,0.2993013043162669
5,9,1,0.6569885611534119,0.6617660522460938,0.6437191212392692,0.532378270779226,0.6433978388444624,0.413274968247703,0.6325039825156787,0.2925982727476335
5,9,2,0.6859053373336792,0.7014854550361633,0.6870512653471,0.5363415618273519,0.6869096744227624,0.4206506748498732,0.6785539587298525,0.29626356216735855
5,9,3,0.6516834497451782,0.6615968346595764,0.6457137949169878,0.5346183615138592,0.643538788580659,0.41795601784693026,0.6339949046713026,0.2950086191205735
5,9,4,0.6570931077003479,0.689730167388916,0.6853069822262251,0.5409883605050707,0.6764164495157412,0.42746498638346253,0.6755576364761895,0.29963428324780605
5,9,5,0.6708177924156189,0.6903451681137085,0.6790376173820223,0.5373305262545927,0.6802379788178523,0.41700614324615654,0.6718045387571714,0.29451916319983856
5,9,6,0.5721602439880371,0.5821043252944946,0.5656196117417658,0.5382912760389311,0.5662418356935401,0.4262018214594292,0.5553213774025266,0.2985213545708813
5,9,7,0.6888735294342041,0.7094433307647705,0.6962480143161204,0.5408977619965295,0.694861266749348,0.42626001246178835,0.6905548716026875,0.296970315554411
5,9,8,0.6625955700874329,0.6809225678443909,0.6701984151241999,0.5361717686289987,0.6705020494395645,0.4102834281183642,0.6640984406382392,0.29032197360913803
5,9,9,0.6667888760566711,0.6815617084503174,0.6673802825750973,0.5355514557451602,0.6749464514702609,0.41590391000678417,0.6635246128195866,0.29278105412912975
5,9,10,0.6874350905418396,0.7040025591850281,0.6904766836123455,0.5367330744621559,0.6959218954105384,0.41573512852554817,0.6850930386002119,0.293683689902009
5,9,11,0.6522812247276306,0.6661809086799622,0.6503650430059311,0.5377589599076508,0.655252849847007,0.41953033558477554,0.6435241621216566,0.29526089098794855
5,9,12,0.6854633688926697,0.6876423954963684,0.6643028302720727,0.5364818580347638,0.6722975938608546,0.4196700315490805,0.6555744118099728,0.29564354999206205
5,9,13,0.6764444708824158,0.6876524686813354,0.6730307498701121,0.5365348333370566,0.6750578055472268,0.4092995980704342,0.6655768900654253,0.29001394659522367
5,9,14,0.6366329193115234,0.6446922421455383,0.6246480690730195,0.5416356724334734,0.6305708042969168,0.42625025908723924,0.6164457339582659,0.29892785563591595
5,9,15,0.6959901452064514,0.700453519821167,0.6829819090087422,0.5308065595424105,0.6855044525069293,0.41001302684358193,0.6742330746209582,0.2911196535148993
5,10,0,0.6411093473434448,0.6542558670043945,0.6404922106901547,0.5378137069284985,0.6391223572270173,0.42443222520141677,0.6309364905617941,0.2982178809768283
5,10,1,0.6575782895088196,0.6658250093460083,0.6487186460312839,0.5340991604590458,0.6483059095985156,0.41504723700832274,0.638218518418895,0.2933796346696222
5,10,2,0.6835156083106995,0.7018522024154663,0.6870065542382661,0.5393479659978544,0.6863190997575158,0.42683448066006596,0.6770359968883172,0.2994289446858379
5,10,3,0.6553078293800354,0.6631746888160706,0.647300814710928,0.532512594869333,0.6445445334357846,0.41321998729168696,0.6354034852185529,0.29269802415360513
5,10,4,0.6598506569862366,0.6926705837249756,0.685961411227045,0.5438451697627731,0.6796362320639804,0.43459284654109,0.6772387355369539,0.3023660641699208
5,10,5,0.6673939228057861,0.6887276768684387,0.673876965356055,0.5447109061880381,0.6791157992017309,0.43084344161399446,0.6668594498352084,0.3001034124139412
5,10,6,0.5709750056266785,0.5844990015029907,0.5701782913810843,0.5389888436866253,0.569871719131904,0.43015882625840823,0.5598886360962011,0.30072816792925594
5,10,7,0.6879096031188965,0.7037258148193359,0.6871799537966111,0.5400676935610222,0.6869576418623986,0.4276425479901686,0.6766693096679737,0.29959393795611433
5,10,8,0.6663619875907898,0.6817398071289062,0.6693703942203373,0.5359463940513305,0.669038968643854,0.4099210124618665,0.660884059895389,0.2904881452477205
5,10,9,0.6651269793510437,0.6937134861946106,0.6848518300260859,0.5404776259359926,0.6894690205392144,0.4227137580384779,0.6813034938151982,0.29680639373105927
5,10,10,0.6880989670753479,0.700240969657898,0.6863184381661908,0.5333936855996948,0.6933660979487332,0.4146302308865491,0.682064300890067,0.29349231501737466
5,10,11,0.6520016193389893,0.6632435321807861,0.646094905257253,0.5375849325142967,0.6517853927359023,0.41943196378794684,0.6392221041588794,0.29532800114977464
5,10,12,0.6900815367698669,0.6912232637405396,0.6667507801234624,0.5384443326038559,0.6741448101106992,0.4215153219234404,0.6571001056890243,0.29660453216110527
5,10,13,0.6765494346618652,0.6873807311058044,0.6723597129437565,0.5372902790722707,0.6746272395819224,0.41183051610454935,0.6647356679614332,0.2916274665797302
5,10,14,0.6359913945198059,0.6463853120803833,0.6286901610730598,0.5406179393729514,0.6332606854747146,0.4253114079754875,0.6206963124378878,0.29856652883720786
5,10,15,0.6937504410743713,0.6989930868148804,0.6808089990075418,0.5319734623458867,0.6829784535240239,0.41085765524754725,0.6710477448396103,0.29153809693218047
5,11,0,0.6403430700302124,0.6549004912376404,0.6406948489226203,0.539644173243004,0.6397693138248477,0.42594815236129063,0.6307949743058107,0.29887116530328683
5,11,1,0.6536487340927124,0.6638335585594177,0.6459477922863354,0.5366063382369843,0.6462318654967911,0.4189675178899176,0.6352186843241159,0.29525643339916036
5,11,2,0.6852530837059021,0.7026235461235046,0.6887323454916404,0.5366345775149889,0.6870021154651959,0.4225845340986616,0.6788534460701413,0.2969270594213769
5,11,3,0.6543679237365723,0.663550853729248,0.6480985200825335,0.5332510345094893,0.64559975299719,0.4153194921193879,0.6365932928858842,0.29378643186719894
5,11,4,0.6566855907440186,0.6942664980888367,0.6912805800448867,0.5438996929874856,0.6838868004436063,0.43551004308487246,0.6830482709340311,0.3034659955674178
5,11,5,0.6667314171791077,0.689006507396698,0.6782950393378376,0.5394402620295777,0.679712484500639,0.4198198726517894,0.6716365049295046,0.2957064859233269
5,11,6,0.570360004901886,0.5827615261077881,0.5688929821611337,0.5369696484643093,0.566471759293517,0.42036252438836275,0.5579051685439641,0.29584707594592297
5,11,7,0.6896930932998657,0.7082626223564148,0.6937319231726276,0.540289455511122,0.6925422150629946,0.42721511666679934,0.6845432692431273,0.29897426007019723
5,11,8,0.6626743674278259,0.6836585998535156,0.674144388507086,0.5369590474537242,0.674060101939804,0.411849660575383,0.668265430569563,0.291338845729381
5,11,9,0.6676574945449829,0.694054365158081,0.6826049415445745,0.54126695029046,0.6875170991086046,0.42635637488964595,0.676585538100705,0.2990259656389467
5,11,10,0.6830902099609375,0.7024605870246887,0.6885514841231887,0.5396909526387811,0.6949746497162798,0.4218006998742886,0.6841843250668473,0.2962400507351043
5,11,11,0.6542196273803711,0.6651560664176941,0.650208393020299,0.5344792932090868,0.6547260672129691,0.4134018219546336,0.6438356877026353,0.2925668196831169
5,11,12,0.6831797957420349,0.6884699463844299,0.6654528826491795,0.5391131458907087,0.6722811900041947,0.4249736383893322,0.6556182177328974,0.29850665095467727
5,11,13,0.6770965456962585,0.6846908926963806,0.6679730639194243,0.5368054012800488,0.671467051576695,0.41033823473447023,0.660486242435799,0.2906647005353234
5,11,14,0.6401388645172119,0.6527051329612732,0.6367813568648603,0.5405867341446632,0.6413552458515488,0.4264684931279445,0.6300381808741952,0.29916639784252713
5,11,15,0.6936615109443665,0.6977331638336182,0.6783165466292939,0.5325363362494884,0.6812695727580946,0.4090381349443549,0.6687331036103705,0.29038086218808473
5,12,0,0.6418521404266357,0.658672034740448,0.6460985024820977,0.5414977237612776,0.6439529400364397,0.42839884748397833,0.6361009161131443,0.3000140123623891
5,12,1,0.6568212509155273,0.6625530123710632,0.6451159778328608,0.5333272082493898,0.644107691811702,0.4139863511041494,0.633979913429302,0.29280242219126046
5,12,2,0.6819122433662415,0.7043967247009277,0.6901036257369716,0.5413030150688796,0.688998981648692,0.4287948372530407,0.6799162857585263,0.29994828251387096
5,12,3,0.6552110910415649,0.6638203263282776,0.6474696175261759,0.5329142897181962,0.6448594230178614,0.4132717878472911,0.635364203673215,0.2926531004585129
5,12,4,0.6605616807937622,0.6890520453453064,0.6831605453812012,0.5399302659644578,0.6742719373048902,0.42502582763830393,0.6727712571500386,0.2985520969993493
5,12,5,0.6665515303611755,0.6888337731361389,0.6776055412252553,0.5395866918161434,0.679925841880953,0.42207714841472027,0.6708157540175729,0.2968701374361986
5,12,6,0.5703549981117249,0.5896954536437988,0.5776868708790165,0.5413590253337391,0.5762754100395764,0.43172761816747746,0.5675377729307406,0.30172793610460574
5,12,7,0.6897336840629578,0.7074086666107178,0.6943358066596795,0.5398348353319079,0.6934788983569526,0.42715544266963373,0.6859419683479542,0.2990532482526874
5,12,8,0.6625367403030396,0.6782667636871338,0.666022702512532,0.5357354094075888,0.6661768005598795,0.40851354392001954,0.6586670429191197,0.28975422140442125
5,12,9,0.6713194847106934,0.6899963021278381,0.6794213818260684,0.5347130653580163,0.6854250200780668,0.4184039942884418,0.6759734523550618,0.29521399090083755
5,12,10,0.6839809417724609,0.7016458511352539,0.6895448865125127,0.5358297792096336,0.6947566836634922,0.4141382982389438,0.6857972998197899,0.2927182893034517
5,12,11,0.654773473739624,0.6664063334465027,0.6485750314212595,0.5386692570714523,0.6545091950747347,0.42115842776031515,0.6408698965409032,0.29651822135442524
5,12,12,0.688833475112915,0.6867237091064453,0.6590960691904877,0.5384566900349709,0.6686047224296217,0.4245966843942073,0.6485201865923322,0.2982236185032146
5,12,13,0.6782742738723755,0.6872743964195251,0.6671430128540324,0.5409519236707767,0.6715822082383642,0.4160039456091082,0.6580427674712869,0.29359488895287955
5,12,14,0.6382101774215698,0.6522161364555359,0.6356766643214118,0.5426799605786183,0.6399042384664045,0.42839912228693605,0.6279182103557348,0.2999523131818715
5,12,15,0.6930903196334839,0.6990952491760254,0.6818163304832184,0.5313946676627717,0.684213370578387,0.4111086312491264,0.6729620852063093,0.2915784124686973
5,13,0,0.6394147276878357,0.6587642431259155,0.6458496850770732,0.5424888160284509,0.6439254138506617,0.42934135460495376,0.6356311258673518,0.3003302815671948
5,13,1,0.6532580852508545,0.6631584167480469,0.64694411117119,0.5345576190856046,0.6469852898286151,0.41775308310145776,0.6373948313801373,0.2946282090561217
5,13,2,0.6832549571990967,0.6999496817588806,0.6861468868842084,0.5368983017202431,0.6850937027297339,0.4223103335532407,0.6772396942314739,0.2969686743532552
5,13,3,0.6506815552711487,0.6590195298194885,0.6418244192594724,0.5343971180588681,0.6399827386103633,0.4177022422977202,0.6294510685472252,0.29470275260149753
5,13,4,0.6555106043815613,0.6951950192451477,0.690746563366463,0.5476227866635537,0.685506539647192,0.4446617223031626,0.6822633982175984,0.3078833689615638
5,13,5,0.666144609451294,0.687678873538971,0.6744497986045112,0.5421059132661769,0.6774144966093151,0.4242565176362603,0.6670512100312436,0.29781701644096475
5,13,6,0.5696379542350769,0.5830599665641785,0.5708822507455413,0.5362080647077496,0.5685636258300131,0.42204835750456965,0.5615358302832447,0.2966366501283897
5,13,7,0.69066321849823,0.7105696201324463,0.6971688031683163,0.5420971162428267,0.6960270925778078,0.4310482410354453,0.6871727522122535,0.3013872981551801
5,13,8,0.6605020761489868,0.6822497844696045,0.6699868972692544,0.5420116352181439,0.672040533259362,0.4187164355233084,0.6635887623479624,0.29426749031916777
5,13,9,0.6678732633590698,0.6829606294631958,0.6680707718099205,0.53635388660147,0.6763162095587282,0.4205997155907784,0.6634965631852988,0.29593474317772783
5,13,10,0.6832335591316223,0.7039011716842651,0.6924118169405148,0.5386973248311652,0.6972574872969937,0.41937222728600104,0.6883083929975645,0.2952428160692207
5,13,11,0.6571887135505676,0.6663819551467896,0.6491323813971207,0.5356274782343328,0.6541934449383657,0.414476419796017,0.6415666189177862,0.2931024778082374
5,13,12,0.6889150142669678,0.6923364400863647,0.6709194199306905,0.5356481523493968,0.6767337572833204,0.4182160544177004,0.6617040763250488,0.2950834438645271
5,13,13,0.6770339012145996,0.6884428858757019,0.6736572300351004,0.5348432453450824,0.6768754649040447,0.40858648608616244,0.6668964386565718,0.2897161657191911
5,13,14,0.6342460513114929,0.6439875960350037,0.6258407014214569,0.5427651399259755,0.6307571760753855,0.42674657692045104,0.6180042168463747,0.29922692430408354
5,13,15,0.6888269782066345,0.6949635744094849,0.6753896973350485,0.5361796580066233,0.678784652588109,0.4175392915457412,0.6660393482911654,0.2942734707429918
5,14,0,0.6388009190559387,0.6550093293190002,0.6407351025663427,0.5451861521666049,0.6395433712446094,0.4326516242754165,0.6304218111264078,0.3018094987303603
5,14,1,0.658832311630249,0.6679256558418274,0.6506383372471833,0.5351113841735796,0.650455597878243,0.41603768010552467,0.6399157349069587,0.2940387023737499
5,14,2,0.6855131983757019,0.7026953101158142,0.6916367399116709,0.5342373004549025,0.6888447965426272,0.4169343272559465,0.6833538916149237,0.2942786599434857
5,14,3,0.6529642939567566,0.6638801097869873,0.6473458408238851,0.5359012493761888,0.6459948594449298,0.41922072837587815,0.6360746889118087,0.29545226804440916
5,14,4,0.6580140590667725,0.6970373392105103,0.6919602488595892,0.5479973094800832,0.6870331580184945,0.4450594275435355,0.6834818302708044,0.30796994374069203
5,14,5,0.6672843098640442,0.688752293586731,0.6758637332366664,0.5422299247521839,0.6789707350844305,0.42514464234711746,0.6699334629412653,0.29763177365672605
5,14,6,0.5713229179382324,0.5861231088638306,0.5741898585575332,0.5369074837878867,0.5720206355987916,0.4247363201203181,0.5646615997228144,0.29775219482088233
5,14,7,0.6891489028930664,0.7110157012939453,0.6985491173306698,0.5414292938817152,0.697726947432732,0.4294110058332176,0.6923313793714247,0.29890849567959216
5,14,8,0.6660531759262085,0.6823164224624634,0.6721271056828694,0.5337750472412965,0.6731377792287806,0.4077503292992508,0.667612078332345,0.2892818686751276
5,14,9,0.6699704527854919,0.6883363127708435,0.6783496164829249,0.5347161083571839,0.6830769808654786,0.4147270847639481,0.6746082135682123,0.29324685030966136
5,14,10,0.6886691451072693,0.7033081650733948,0.689796494143332,0.5352486624777534,0.6958130684428614,0.41381223721194504,0.6850822647543782,0.29290152001413866
5,14,11,0.6519619822502136,0.6647970676422119,0.6482375384734363,0.5383136492313085,0.6537768280187907,0.4218725888549239,0.6411212430528198,0.2968860879625849
5,14,12,0.6871182918548584,0.6906867623329163,0.6699104040394666,0.5345137281387218,0.6751608605308803,0.4145358018299322,0.661076476269016,0.29319621827763936
5,14,13,0.6787467002868652,0.6879763007164001,0.6722929493490194,0.5368810068540637,0.6752039123658659,0.41057586675928087,0.6648428680381828,0.2909528060917609
5,14,14,0.634461522102356,0.6484017372131348,0.6314719357202994,0.5439353203085104,0.6356147799402438,0.42981848133726813,0.6234528701891118,0.3008575186799054
5,14,15,0.6992607712745667,0.7050203680992126,0.6867266964428488,0.5326904988629488,0.6879496555614933,0.41007234016289595,0.6763819113864019,0.2910680164090101
5,15,0,0.6407610774040222,0.6564865708351135,0.6425679505533556,0.541011349633409,0.6412905831719253,0.42801905093288056,0.6324028810085506,0.2998256226724609
5,15,1,0.6530405879020691,0.6644510626792908,0.6477160509587915,0.5364725871704489,0.6479311954653628,0.42146310833121364,0.6378315314897898,0.296476684930965
5,15,2,0.6828872561454773,0.7007187008857727,0.686072566425341,0.5384511160774444,0.6849780372939706,0.4251254849532607,0.6760142798294053,0.2984621222786467
5,15,3,0.655670702457428,0.6626854538917542,0.6461950749780501,0.5335837295199912,0.6434590395882869,0.41486746511974354,0.6339276187510782,0.29353641529355656
5,15,4,0.6607518792152405,0.693731963634491,0.689245647424705,0.5414214045501903,0.6810908714939662,0.4285880083178662,0.6799723545093174,0.3000892526508098
5,15,5,0.6681035161018372,0.6890869140625,0.6782474724829807,0.5382227171516907,0.680129713690652,0.41983046143489183,0.6715984701353516,0.2959143172621946
5,15,6,0.5697546601295471,0.5854244232177734,0.5714514382812598,0.5403952629478167,0.5713125671830868,0.4332719477948353,0.5610532750520482,0.3023243977811938
5,15,7,0.6900837421417236,0.7107561826705933,0.6969528846290055,0.5427336671195973,0.6966418002646704,0.431242893408106,0.6879541800055572,0.3011372246830135
5,15,8,0.6648157835006714,0.6821666955947876,0.6706618516340883,0.5369517774301782,0.669849332312665,0.4094785575984006,0.6629428262299544,0.29016720117148603
5,15,9,0.6677844524383545,0.688247561454773,0.6766807813408297,0.5364350400188149,0.6818676687874876,0.415793912269788,0.6729394471498779,0.292788945044276
5,15,10,0.6844795942306519,0.704685628414154,0.6927692431185389,0.5381860748984797,0.6976795545105046,0.4181526236710189,0.6881828689902436,0.294919561456587
5,15,11,0.6528152227401733,0.6619724035263062,0.6438672261263853,0.5380577387146868,0.6495906751054557,0.41779243323003756,0.6364293230519262,0.29442278464216604
5,15,12,0.6833429932594299,0.6896836757659912,0.6685687889677902,0.5379801704658143,0.6738866761476021,0.4210068162902587,0.6592182338793988,0.2964167519187368
5,15,13,0.6754630208015442,0.682664692401886,0.6610402653769099,0.543194386652134,0.6656452216064872,0.41951657656835534,0.6511808770714205,0.29527020397588183
5,15,14,0.6368669867515564,0.6508566737174988,0.6347987941245549,0.5410508025361335,0.6389185770246752,0.4254302210285674,0.6272936477769494,0.2985542076766924
5,15,15,0.6920585632324219,0.6979563236236572,0.6782223389181236,0.5354128685802797,0.6812933473535031,0.41664469784667135,0.6683787217905791,0.2937877076324498
5,16,0,0.6436875462532043,0.6567865014076233,0.6429329669232496,0.5390631665034025,0.640873458673796,0.4228908851762971,0.6325778267061318,0.29741628075676835
5,16,1,0.6567550301551819,0.6670629978179932,0.650130034611619,0.5356339947339713,0.6500682628370029,0.4170348158509242,0.6401179686469168,0.29413026145052706
5,16,2,0.685659646987915,0.6967676877975464,0.6805364797718498,0.5347859761336299,0.6802519658595824,0.41842593594674454,0.6705828102088368,0.2950499756529394
5,16,3,0.6519680619239807,0.6615723371505737,0.6442184912413718,0.5356030207832126,0.6422734482543251,0.4177827108960933,0.6316623331503235,0.29495892448724814
5,16,4,0.6553622484207153,0.6946077346801758,0.6897607619591324,0.5474971865606303,0.6838672228800418,0.4446752461050059,0.6809277471376063,0.3065966704626379
5,16,5,0.6698167324066162,0.6898558139801025,0.6784600660697971,0.5382690118521176,0.6798820951315535,0.41907197517316847,0.6714414215136741,0.2954091761357687
5,16,6,0.5718079805374146,0.5848544239997864,0.5717040258626169,0.5370925620910859,0.570488917517244,0.42594813963021066,0.561768409113468,0.29868279260804553
5,16,7,0.6899040341377258,0.7068419456481934,0.6934932871088944,0.537679415662484,0.6919922064893546,0.42298130856062577,0.6862713361211213,0.2961224847055815
5,16,8,0.6645845174789429,0.6842528581619263,0.6732920236083484,0.5386309479099858,0.6729586473277511,0.41401037200374724,0.6659616742723353,0.29237498159437736
5,16,9,0.6687521934509277,0.6875210404396057,0.6749070861152424,0.5367395318059132,0.6815036965761329,0.42137459026855956,0.6701176352773811,0.29660868428357096
5,16,10,0.6847769021987915,0.7035847902297974,0.6923722954055571,0.5358246661038218,0.6981405756786975,0.4162133793409625,0.6890122494513743,0.29397471357472804
5,16,11,0.6566820740699768,0.6668131947517395,0.6500589220278294,0.5362237541267054,0.6548930848712972,0.41337909678826734,0.6430140236755901,0.2920424378147923
5,16,12,0.6859432458877563,0.6882293820381165,0.6644485099494526,0.5375920374400208,0.6712959993228154,0.4194828764483193,0.654526505613113,0.2956604249817423
5,16,13,0.6779423356056213,0.6888661980628967,0.6696500745916181,0.5420227843840809,0.6740562902458936,0.4167522541694151,0.6609779906246082,0.2925129996889401
5,16,14,0.6359888911247253,0.6458080410957336,0.6274324705242058,0.5400903151817475,0.6322017774092438,0.42509874308415574,0.6191971376301323,0.298476248114052
5,16,15,0.6915779113769531,0.6979092955589294,0.6807912049555641,0.5324343936693114,0.6827506921704312,0.41016072503435896,0.6719366538959618,0.2908827104940017
5,17,0,0.6434166431427002,0.6559556126594543,0.6417457782944209,0.5372640724207182,0.6408632526295625,0.42118034880269034,0.6320067834687761,0.29636051139683756
5,17,1,0.6577718257904053,0.668852686882019,0.6538559160199653,0.5347776304226581,0.6530645269607743,0.41664050457610924,0.6445891999749463,0.2941518768650622
5,17,2,0.6849004030227661,0.6985890865325928,0.6842816451348104,0.5348428483525345,0.6832877821521028,0.42221773325908074,0.6748296686639637,0.2970490479987407
5,17,3,0.6524257063865662,0.6601294279098511,0.6433825847670858,0.5338533027703737,0.6417300405732785,0.41519057006084975,0.6319907749757157,0.29349393470662
5,17,4,0.6573610901832581,0.6937417387962341,0.6904150060044641,0.544712337729172,0.6829963157771107,0.4378929148373224,0.6816171584425985,0.304811838581539
5,17,5,0.6675058603286743,0.6851596832275391,0.6709700314093968,0.5391820379087606,0.6739339032886471,0.41865294369994877,0.6634095503494811,0.2952629628482602
5,17,6,0.5758255124092102,0.583888590335846,0.5696671417765591,0.5342557301595947,0.567974104609886,0.41860569071494724,0.5593049200629004,0.29507012109697717
5,17,7,0.6917279362678528,0.7039177417755127,0.6885608965835466,0.5371642932508445,0.687904411307896,0.42227950910359163,0.6791141503388209,0.2966598701729679
5,17,8,0.6672975420951843,0.6832594871520996,0.6710053777677724,0.5362584683276136,0.673932110779123,0.4124533669170252,0.6660365012480605,0.2917489567621007
5,17,9,0.6677299737930298,0.6936997175216675,0.6855140925514142,0.5379746645379679,0.6890705842318255,0.4203895174609326,0.6812374225899189,0.2962411587540177
5,17,10,0.6841797828674316,0.6999233365058899,0.6882052672211207,0.5338739667531018,0.6940033385736875,0.41289367317962855,0.6848240039112108,0.292451793496387
5,17,11,0.6574422121047974,0.6676583290100098,0.650885805464083,0.5366079844597473,0.6558338005852206,0.41545435358985355,0.643584744846742,0.2935638353230507
5,17,12,0.6849284172058105,0.6872276067733765,0.6654797202537033,0.5351665968963466,0.6720756245575524,0.4189583292650642,0.6570202531074055,0.2950804400786764
5,17,13,0.6751538515090942,0.6848267912864685,0.6662146435021538,0.5410544094862669,0.669331484708972,0.417310264845084,0.6569203427671186,0.2941787225322275
5,17,14,0.6335088610649109,0.6468313336372375,0.6295955608007847,0.5428413701577048,0.6339347665126114,0.4276723773046635,0.6217680390069541,0.2996068888112527
5,17,15,0.6943017840385437,0.7002919316291809,0.6812049532191521,0.5338094951491485,0.6824202214922447,0.4110595882561027,0.6702693074743247,0.29146232309855236
5,18,0,0.6386448740959167,0.658025860786438,0.6441482221687505,0.5428088320144352,0.6428491345867676,0.42935776703549466,0.6337298375733325,0.30047064443560073
5,18,1,0.6598650217056274,0.6657037138938904,0.6477412197756848,0.5330049101778442,0.6480958155210319,0.4141390235204794,0.6372946078833076,0.2929690268303679
5,18,2,0.68370121717453,0.7020760774612427,0.6889236100555105,0.5370358012319554,0.6875103783164529,0.4258471630266964,0.6793471937275428,0.29878796597923196
5,18,3,0.6524015069007874,0.6619519591331482,0.6462846530724702,0.5335496776029378,0.643499133349326,0.41502471725989515,0.6343343295752608,0.2935355985031439
5,18,4,0.656013011932373,0.6906706690788269,0.6861270524566198,0.5432646658092022,0.6794052940463714,0.43481890477384333,0.6776593322309593,0.30318761389208715
5,18,5,0.6666808128356934,0.6862530708312988,0.674045594028738,0.5385420739400433,0.6757401548154712,0.42005552438842275,0.6664039919571604,0.2960398025370586
5,18,6,0.5689575672149658,0.5837028622627258,0.5687311090218009,0.5411782238214128,0.5694591191018378,0.43767610134348855,0.5581887588056789,0.3041794905890945
5,18,7,0.6935749053955078,0.706078827381134,0.6903178274561749,0.5387000986483376,0.6900256222876064,0.42517917938877675,0.6801948383385623,0.2984048007781798
5,18,8,0.6666469573974609,0.685482382774353,0.673770307378064,0.5379407472482561,0.6756071272646768,0.4134408450504709,0.6676399620435339,0.29214697554650687
5,18,9,0.6696519255638123,0.6934735774993896,0.6834154277071492,0.5380880520599328,0.6878412725808701,0.41962833606431416,0.678881677524781,0.2957942842462401
5,18,10,0.6867849826812744,0.6980606317520142,0.6828999992854168,0.5340091377229021,0.6889780250950357,0.41267715769520413,0.6772200471531711,0.292356728329226
5,18,11,0.6522367000579834,0.6664638519287109,0.6500071817456494,0.5390402610809896,0.6549338913213107,0.4196330587856476,0.6425135000009646,0.29557326996363825
5,18,12,0.6906968355178833,0.6932365298271179,0.6702377517610417,0.5364712487306622,0.676682097518625,0.4180993617207366,0.6604990832937889,0.2950369566741784
5,18,13,0.6790148615837097,0.6888538599014282,0.6714047315853959,0.5389334217177025,0.6746330861921689,0.41313304826216424,0.6630070099499366,0.2920698799900879
5,18,14,0.6378916501998901,0.6494202613830566,0.6322829639106546,0.5404221551713988,0.6366883764760012,0.4244752525742721,0.6248005567685486,0.2980337934448067
5,18,15,0.6893329620361328,0.6984254717826843,0.6809731771374361,0.5365529877456597,0.6847470798794354,0.4216430742778008,0.6727974734142106,0.2962165255379938
5,19,0,0.6411198377609253,0.6567373871803284,0.6432847157835073,0.5389562340736982,0.6417558879376034,0.42464219807322495,0.6331026777448114,0.2983203156441119
5,19,1,0.6575000882148743,0.6647499799728394,0.6473380382828695,0.5339881475552396,0.6468403711632109,0.4152926116554337,0.6363358653293016,0.2937012271940832
5,19,2,0.6839295029640198,0.7017772793769836,0.6894826731620372,0.5358841517002778,0.6874233448860964,0.42393233318477663,0.6801520272373437,0.29780892381259677
5,19,3,0.6561179161071777,0.6653156280517578,0.6493018199723479,0.5333526911088461,0.6469119222099967,0.41533613440121453,0.6372949264893062,0.29387226489949514
5,19,4,0.6597558259963989,0.6893236637115479,0.6834436880852596,0.5393591432350715,0.6752616528378784,0.42604916876167814,0.6734936423349572,0.29916795538248653
5,19,5,0.6665077805519104,0.6822948455810547,0.6668416595925065,0.5383710565491847,0.6723032925122864,0.4210810537362781,0.6603619691733212,0.2963225535879218
5,19,6,0.5691487789154053,0.584178626537323,0.5724032427494774,0.5372865765134032,0.5713869284168699,0.42533517218022115,0.5635457994206321,0.2986337083697233
5,19,7,0.690758228302002,0.7090643644332886,0.6939741546157842,0.5404559004942472,0.6930910035716791,0.42608378589170065,0.6839745990229763,0.2982330796638352
5,19,8,0.6628565192222595,0.6771479249000549,0.6652223916385352,0.5337596154197932,0.6678990599067509,0.40852805486902505,0.660106708225599,0.2898091891995359
5,19,9,0.6700856685638428,0.6887927055358887,0.6767954694044059,0.5360162376181472,0.682685289592712,0.41771836972097637,0.6730149379720034,0.29453523965070827
5,19,10,0.6814093589782715,0.7032914161682129,0.6912330136622802,0.5405192074247398,0.6973241017525079,0.4240853843412302,0.6875067302051863,0.29727774299987736
5,19,11,0.6607034802436829,0.6717709898948669,0.6551846843744206,0.5368626007093145,0.6601929608084144,0.4142736588504229,0.6482958853589403,0.2928969332998455
5,19,12,0.6853324174880981,0.6906362175941467,0.6693783393618988,0.5376507914195314,0.6753312542237451,0.4232234001819264,0.6602432152182367,0.29766060313279485
5,19,13,0.6779406666755676,0.6886571645736694,0.6710527365040024,0.5401487133288857,0.6737728494848018,0.41305628278320977,0.6620046504546332,0.2919253785289932
5,19,14,0.6360042095184326,0.6493320465087891,0.6324039645850472,0.542973964303603,0.6370350213158616,0.4286630964666661,0.6254935641285811,0.29987005436305786
5,19,15,0.6932160258293152,0.6988621354103088,0.6813128228742772,0.5325293226450959,0.6841571599289296,0.41254282362015815,0.6732745467890546,0.29220716216284914
20,0,0,0.6375328898429871,0.6573405861854553,0.6483405359765729,0.5373922810047954,0.6444709273950721,0.42093710417159136,0.6396467821167848,0.29624384094509837
20,0,1,0.6604735851287842,0.6714239120483398,0.6588573276196307,0.5308062469514527,0.6562213249382852,0.4107710588338408,0.6495841611512007,0.2913457298113569
20,0,2,0.6784505844116211,0.6991627216339111,0.6906438138983658,0.5327052960410275,0.6848104778807677,0.4155504619986722,0.6817355333736581,0.29366409291329004
20,0,3,0.6631036996841431,0.6734321117401123,0.6619385343295464,0.5296467062544324,0.6566858510111702,0.40787452378203604,0.6512525008646394,0.28992865045405636
20,0,4,0.6518459916114807,0.690520703792572,0.690784456956863,0.5402228895226358,0.6814996074794692,0.43071251262477445,0.6833670130123753,0.30121663817251143
20,0,5,0.6657494902610779,0.6882694363594055,0.6805801499605122,0.5352125742805324,0.6802012610931994,0.41380218921366174,0.6749238377345556,0.29266725085538337
20,0,6,0.5736348628997803,0.5879009366035461,0.579232975667553,0.5321205407829783,0.5745466246055121,0.41750567518908616,0.5703514645834397,0.2946180189827821
20,0,7,0.6914066076278687,0.7111631035804749,0.7003178613024001,0.5379653098818177,0.6974753548712733,0.4230753040683638,0.6922205006333105,0.2968547142255647
20,0,8,0.6648520827293396,0.6839790344238281,0.6759081608160371,0.5340926930738867,0.6728810198035886,0.40533809027243045,0.6684845366849163,0.2878492664641499
20,0,9,0.6645776629447937,0.6886245608329773,0.6814620564244259,0.5341943758119677,0.6846070044759945,0.4150099573884521,0.6783211347120242,0.29305418208071815
20,0,10,0.6843385696411133,0.70453941822052,0.6948534069671969,0.5343236146077412,0.6979711996738277,0.4123812776960265,0.690560684750197,0.2918755487964276
20,0,11,0.6573666334152222,0.6704679131507874,0.6583790381779855,0.5329277921823561,0.6602404316686376,0.4110356012906306,0.6516634641990376,0.29155252863868597
20,0,12,0.6915674209594727,0.6974724531173706,0.6807074071988672,0.5325435566622421,0.6835319478193421,0.41241099258080466,0.6723707356931697,0.2921508500120671
20,0,13,0.6707163453102112,0.681891143321991,0.6668571210810826,0.537003907704963,0.6677005296552327,0.4107810777450418,0.6580923516644782,0.29060716002767745
20,0,14,0.6298778057098389,0.6452139616012573,0.632220484330819,0.5376038051357283,0.6345655932456258,0.4215545887840762,0.6258534480321593,0.2965170687991141
20,0,15,0.6869744658470154,0.6946853399276733,0.6795275042132578,0.5301862032057177,0.6798161419377241,0.40721308647893206,0.6707115934326069,0.28923063660316295
20,1,0,0.6456600427627563,0.6635303497314453,0.6549946661973518,0.535812157397596,0.6505601763358503,0.42034669268201136,0.6463101938144055,0.2960579188505698
20,1,1,0.6642586588859558,0.6748954653739929,0.6635326023174848,0.5295526404986403,0.6597790238617082,0.40865311962620127,0.6543572003901149,0.2902815362062275
20,1,2,0.6758536696434021,0.6960175037384033,0.687762973083606,0.5318494623284997,0.6817632564092617,0.41359117750757113,0.6791464152334712,0.2925431199080659
20,1,3,0.6626983880996704,0.6728274822235107,0.6608918250689458,0.5299221613688191,0.6564396317057504,0.4086817475430589,0.65049624492255,0.2903865627180803
20,1,4,0.6669694185256958,0.7004753947257996,0.699743530300433,0.5372498087395977,0.6885626913892587,0.4235339169720672,0.6916484797075947,0.2976837976311814
20,1,5,0.6734800338745117,0.6946343183517456,0.6861989036460072,0.5358317613467448,0.6862848062625738,0.414966131339737,0.6800326542573354,0.29338176197341886
20,1,6,0.5701009631156921,0.585182785987854,0.5769311248704517,0.5318889953727288,0.5717763188570167,0.4169943193792343,0.5680350642634889,0.294188039405889
20,1,7,0.6896759271621704,0.7109622359275818,0.7016043601854346,0.5382680771531987,0.6984088959262972,0.4244408842155289,0.6939087327948122,0.29758172949253736
20,1,8,0.6619574427604675,0.6813642382621765,0.6732230848302433,0.5334334223426828,0.6711183788107432,0.405288445931238,0.6667300337693866,0.2878871610652947
20,1,9,0.6671817898750305,0.6910876631736755,0.6850516515258392,0.532955237737162,0.6871101663246059,0.4125618726545397,0.6818624178085032,0.2920689753300943
20,1,10,0.685968816280365,0.7052518129348755,0.6969595330954926,0.5322622000591942,0.6997105680281064,0.40960558933708513,0.6936900942002533,0.29055395665493144
20,1,11,0.656444787979126,0.6700085997581482,0.6580388540356082,0.5326109778341965,0.6600739013034893,0.41118522904851373,0.6514728827850248,0.2915527449249396
20,1,12,0.6865251660346985,0.69173663854599,0.6731073662855432,0.5334335110763322,0.6769917785966838,0.4144213853637547,0.6644868921221961,0.29310264915660056
20,1,13,0.6745777130126953,0.6876949667930603,0.6752908101651395,0.5342114040956252,0.6755341312385597,0.40488607979717206,0.667854424152801,0.28763862814382174
20,1,14,0.6313612461090088,0.6477186679840088,0.6357036773888003,0.5384635905636477,0.6369994134439522,0.4216536373769603,0.6288944882153471,0.2966257471110132
20,1,15,0.6947945952415466,0.7020257115364075,0.6880911238260486,0.5284547865750147,0.6881621279313365,0.40427113231607015,0.680194444720516,0.2880408019946165
20,2,0,0.6346059441566467,0.656458854675293,0.647674885861305,0.5395828350423088,0.6436252384696631,0.42653696418754367,0.6386628230929977,0.2990175661726471
20,2,1,0.6605222225189209,0.6711685657501221,0.6591071875878014,0.5303044657912722,0.6562941628858147,0.41138981462069424,0.6499386710351112,0.29175371635374436
20,2,2,0.6913275718688965,0.7100114226341248,0.7018470301506383,0.5317507933634694,0.6963605343682014,0.4140648294748511,0.6933936948061202,0.2928331451266241
20,2,3,0.6526915431022644,0.6640155911445618,0.6515559952565424,0.5307338426471571,0.6465070987805799,0.4102062858286765,0.6402604799659439,0.2911940858655043
20,2,4,0.6603689193725586,0.696050226688385,0.6962797661138499,0.5387383182702533,0.6853472397611479,0.42526607853437015,0.6882637571312539,0.29856857730603614
20,2,5,0.6644243001937866,0.6859571933746338,0.6772595929164885,0.5353204041695744,0.6768202486283297,0.41347957589327333,0.6708604573494683,0.29253470836735346
20,2,6,0.5736165046691895,0.590342104434967,0.5812579436186132,0.5347909935009919,0.5781884896169789,0.4229531406271264,0.5726892301588574,0.297124638310786
20,2,7,0.6902784109115601,0.7114745378494263,0.7010321075833106,0.5393186973442249,0.6983952033243609,0.42540568765416487,0.6928368126842084,0.2981029633029224
20,2,8,0.6619346737861633,0.6816045641899109,0.6737777071126889,0.5334022385339445,0.6709852268317368,0.40521979739203956,0.6667499470275512,0.2879836161240524
20,2,9,0.6653095483779907,0.691094696521759,0.6848521264181753,0.534259022198553,0.6873175591185406,0.4143890056501152,0.6822331363753955,0.29229539333233284
20,2,10,0.6766824722290039,0.6963988542556763,0.6872138632975554,0.5333262851835748,0.6910106747233097,0.41252827024030736,0.6839298350007634,0.29206485986865094
20,2,11,0.6489049196243286,0.6636729836463928,0.6518836850680942,0.5328288733091561,0.6533350339565522,0.4101269487847015,0.6451734078431008,0.29091114453201167
20,2,12,0.6843919157981873,0.6907595992088318,0.6731733905790875,0.5330050711423858,0.676695164674043,0.4136755615856144,0.6647957476817903,0.29284452431049457
20,2,13,0.6761652231216431,0.6896472573280334,0.6776643371075165,0.5340604337107419,0.67779687610197,0.4056414650284353,0.6703161661219954,0.28810363453443555
20,2,14,0.6341275572776794,0.6504668593406677,0.6381953704768035,0.5382905490266651,0.6407451746961275,0.42321702663425503,0.631941757651257,0.2974379322420179
20,2,15,0.6984013319015503,0.7062765955924988,0.6930880236525387,0.5281871674771862,0.6929625674825646,0.4050732054165047,0.6853235704548936,0.2885653381067814
20,3,0,0.646561861038208,0.6650993227958679,0.656895987664453,0.5359638004529698,0.6523464071171422,0.4199477171355132,0.6481590838167511,0.29594019799258914
20,3,1,0.6575889587402344,0.6676234006881714,0.6543057482711477,0.5305231852171981,0.651298367934862,0.4104752929169447,0.6444518387786466,0.2911537831763144
20,3,2,0.6870986819267273,0.7061512470245361,0.6968339606732548,0.5327564120370786,0.6922622090330566,0.4160665688734604,0.6881238643648226,0.29397998526849506
20,3,3,0.6492766737937927,0.6611253023147583,0.6485844732127487,0.5313153752323243,0.6436696447301125,0.4118413126763908,0.6372087850486863,0.2919757450883134
20,3,4,0.6531054973602295,0.6946896314620972,0.6955182411853916,0.5421357420279084,0.6868230660800325,0.4345828396530105,0.6884825528954505,0.3029988500128568
20,3,5,0.6730630397796631,0.6938104629516602,0.6852637870102084,0.5352331533326767,0.6862753923468263,0.4150232513143645,0.6798372206119292,0.2934443967300515
20,3,6,0.5771102905273438,0.591743528842926,0.582323651221057,0.5333177872569012,0.5788769596416573,0.41965100956428286,0.5737171743088015,0.2954103012097226
20,3,7,0.6942325830459595,0.7146157622337341,0.7044705769571756,0.5377895052103361,0.7015510128785961,0.42295837642172707,0.6965732735173064,0.2966263670226303
20,3,8,0.6626210808753967,0.6836990714073181,0.677517495862565,0.5323520362609432,0.6735591750406009,0.4034950575700924,0.670719843696578,0.2870185412111411
20,3,9,0.668805718421936,0.6917189359664917,0.6847053564687077,0.5333913154176181,0.6877814120435992,0.41489778373032576,0.6814837027443257,0.29309940399065226
20,3,10,0.6811222434043884,0.7030048966407776,0.6941734167687585,0.5345647490531336,0.6974965308621678,0.41358071368718935,0.6908953415660922,0.29234065344011245
20,3,11,0.660507082939148,0.6734864711761475,0.6615980193475408,0.5324000820119614,0.6638209745240367,0.4096420439178088,0.6555014890187933,0.2906695900395685
20,3,12,0.6910955905914307,0.6962945461273193,0.6785212844816746,0.5328133422614535,0.6822775325632134,0.41298070974561507,0.6704528962123261,0.29240175991193257
20,3,13,0.6749983429908752,0.6873610019683838,0.6736458083517186,0.5361926914582815,0.6742645409157938,0.4094592641808604,0.6655156496027631,0.2900221308030817
20,3,14,0.6353458166122437,0.6490146517753601,0.6367360342318039,0.5366030215029813,0.6388788316100833,0.41909908177861116,0.6306041782056163,0.29545745305767107
20,3,15,0.7015334963798523,0.7096357941627502,0.6960773471073046,0.5299014234697965,0.6960751585531941,0.40752918899345814,0.6880118548675097,0.2896674974922958
20,4,0,0.6319249272346497,0.6505319476127625,0.6403029300835974,0.5377801738489262,0.6368903247934,0.4213453271483291,0.631366631000511,0.29627452643150043
20,4,1,0.6614278554916382,0.6718118190765381,0.6594043077289701,0.530146090447563,0.6563893166464978,0.4098339680736481,0.6500068164586986,0.29089720635838506
20,4,2,0.6854833364486694,0.7057790756225586,0.697248231134943,0.5328197213885473,0.6924129261872705,0.4157915739159831,0.688881262966871,0.2939122406755327
20,4,3,0.6690244674682617,0.6790004968643188,0.667363303810977,0.529860202177564,0.6628080067280897,0.4087588437380129,0.6569722821012711,0.290451495435453
20,4,4,0.6563376188278198,0.694727897644043,0.6953871373995023,0.5401901810907721,0.6854734170604154,0.42918998528171665,0.6878377583375943,0.3004165364508457
20,4,5,0.6685556173324585,0.6905659437179565,0.6815032627833504,0.5369622413211705,0.6812231365308926,0.4159367339904689,0.6747237678971622,0.2938219230070668
20,4,6,0.5702956914901733,0.5864752531051636,0.5771809414018209,0.5349874341833846,0.5743724723064699,0.423060462748355,0.5689674582219275,0.2971049892789669
20,4,7,0.6907099485397339,0.7119359374046326,0.7015948365189569,0.5396406311788268,0.6991341500989943,0.4256331275934235,0.6933332463485942,0.298289926215864
20,4,8,0.6637627482414246,0.6824883222579956,0.6735160343011709,0.5338483671166455,0.67151867716295,0.40653090555128774,0.6663171484577153,0.28859700899725654
20,4,9,0.6632392406463623,0.6897150278091431,0.6835476312228018,0.5351460134973484,0.6862211801726407,0.4157370375743961,0.6805162267350815,0.2934733325819749
20,4,10,0.6845282912254333,0.7050714492797852,0.6974101482708859,0.5325526159863649,0.6999035220916672,0.4108267805507471,0.6945898506704277,0.29104507543108593
20,4,11,0.6608400940895081,0.6730984449386597,0.6605830942478212,0.5327165131942149,0.662999841447565,0.4103315847495243,0.6541143004220746,0.2911175650404253
20,4,12,0.6868106722831726,0.6919382214546204,0.6742046209269886,0.5324226049684723,0.6778856500032502,0.4121042284614237,0.6660800085715958,0.291984392525244
20,4,13,0.6780926585197449,0.6892430186271667,0.6752482679349557,0.5355616999607085,0.6760185029487658,0.4082145001470885,0.6670740495973979,0.28941684535726514
20,4,14,0.6426777839660645,0.6570691466331482,0.6448534828701906,0.5364786126644933,0.6469776641906893,0.4192676725615266,0.6386592862201054,0.2955250019148076
20,4,15,0.6872658729553223,0.6957019567489624,0.6811810308854808,0.5299447187295668,0.6814264469741308,0.40839746123646503,0.6726043164955043,0.2901224485850903
20,5,0,0.6401028633117676,0.658417284488678,0.6494273568900472,0.5374590771535482,0.6455407382723196,0.4204065295519162,0.6408680124168904,0.2959844455086252
20,5,1,0.6610783338546753,0.6708565950393677,0.6579334616443411,0.5305324890294527,0.6551933168857689,0.4106072543817794,0.6484237707032072,0.29134079036228977
20,5,2,0.688174307346344,0.7072778344154358,0.6994271118980802,0.5315776196549798,0.6945738320124046,0.41369844724407884,0.691522084879061,0.2926889466836188
20,5,3,0.6549237966537476,0.6665486097335815,0.6547175645395118,0.5307113841772774,0.6500759209400403,0.41081344196884406,0.644051545919431,0.29150377883885914
20,5,4,0.6569211483001709,0.6924716234207153,0.6905232562501009,0.5392286463686655,0.6813915392453852,0.42907862099691996,0.6817184759224901,0.30045770959574447
20,5,5,0.6644151210784912,0.6872477531433105,0.6802365588185311,0.5342255565262946,0.6787200967812443,0.41155270182104026,0.6744671428056517,0.2914874061687087
20,5,6,0.5717019438743591,0.5879537463188171,0.5791086109392002,0.5342720608915725,0.5757469237378816,0.4205975875386191,0.5707039749757862,0.2961820212073491
20,5,7,0.6988295912742615,0.7181121110916138,0.708739308350196,0.537737461392658,0.705826948845607,0.42350441846499004,0.7008195005783767,0.2974252649064766
20,5,8,0.657353937625885,0.676764965057373,0.6689739075134911,0.5324414892145151,0.6664853192209087,0.403389225507707,0.6626249988797027,0.2866734327409307
20,5,9,0.6671050190925598,0.6908196210861206,0.682860115247756,0.5346850282715369,0.6873699951511788,0.415912100645115,0.6804646192264049,0.2933134647888719
20,5,10,0.6832690238952637,0.7012878656387329,0.6919596885121617,0.5326828608450784,0.6959231703647938,0.41115583058560284,0.6886280985421704,0.2914198566810004
20,5,11,0.6620154976844788,0.6755173802375793,0.6640590899913794,0.5325894800267603,0.6656724142449583,0.40973430105746994,0.6576481183427068,0.2907038954563737
20,5,12,0.6943050622940063,0.698890209197998,0.680584432548483,0.5332844634328651,0.6848837981899254,0.41419263857894595,0.6724421903158594,0.293031725156552
20,5,13,0.6782723665237427,0.6910562515258789,0.6771004421325353,0.5360897300549617,0.6778621365800538,0.40831189375649884,0.6689551156797235,0.28941034270451577
20,5,14,0.6403018236160278,0.6552461385726929,0.64360771837634,0.5362906274818188,0.6449075034112166,0.4188388357039254,0.6372951765376519,0.2952288413854269
20,5,15,0.6945256590843201,0.7028997540473938,0.6891037536235882,0.5296434015300467,0.6887528846355092,0.4078593528660797,0.6805929736304814,0.2898519377701516
20,6,0,0.6436508893966675,0.6640382409095764,0.655606831813951,0.5375037014767875,0.6513400613669299,0.42273990999015487,0.6467088047080823,0.29726900493278696
20,6,1,0.6519322395324707,0.6633898615837097,0.6502003275496283,0.5316024552232168,0.6478402363073645,0.4125548219447019,0.6408261988957296,0.292324500985667
20,6,2,0.6795307397842407,0.6997203230857849,0.690770831730977,0.5327068680425796,0.6858642196747582,0.41488595698362196,0.6822202549597268,0.2932895016624858
20,6,3,0.6512237191200256,0.6631669998168945,0.6507055895565912,0.5309584689246664,0.6462977544541358,0.41185645845782637,0.6399015830368199,0.29191111496126504
20,6,4,0.6665009260177612,0.7008873224258423,0.7008388791507448,0.5377152423079288,0.690259555322084,0.4245056935957754,0.6929011338368357,0.298295719034089
20,6,5,0.6637333035469055,0.6871088743209839,0.678976697599795,0.5365051065720937,0.6790169828402776,0.4155215782028128,0.6730755482649647,0.29347658546197253
20,6,6,0.5693051815032959,0.5842777490615845,0.5747858026836952,0.5334473166642838,0.5716471972406517,0.4208564503542696,0.5664349122290652,0.2960357597186544
20,6,7,0.6946682333946228,0.7128358483314514,0.7029229980595272,0.5346876720358733,0.6989188092633258,0.4170843344119758,0.6945490410280108,0.2940456181708071
20,6,8,0.6660165786743164,0.6829727292060852,0.674938951059031,0.5312902648672067,0.6733536846051286,0.4026521113800709,0.6687599944425512,0.28669217190649626
20,6,9,0.6706989407539368,0.6935092210769653,0.6859672766448707,0.5340285872066781,0.6892720091299953,0.4139375128501404,0.6830874231254114,0.2922228751855954
20,6,10,0.6842809319496155,0.7044768333435059,0.696590609566721,0.5321269409470711,0.6985280237292952,0.409077636322624,0.693223078565887,0.290185493542895
20,6,11,0.6574162244796753,0.6698111295700073,0.657237736269775,0.5329606468186558,0.659609687499643,0.4103876810711244,0.6507728013925932,0.2909692270816134
20,6,12,0.6925646066665649,0.6975499391555786,0.6795858630677812,0.532598233057291,0.6837627392529679,0.41379359894296,0.67146171042315,0.292967868985621
20,6,13,0.6710779666900635,0.6845085024833679,0.6719296047973362,0.5346746784797249,0.6718613355738938,0.4066411382389999,0.6641078583473289,0.2884458761899988
20,6,14,0.6331200003623962,0.6469948291778564,0.6350365322415237,0.5359268096692297,0.6364635185811744,0.41736285475449897,0.628653458470464,0.29453830939283077
20,6,15,0.6919642686843872,0.6994946002960205,0.6850243766068476,0.5300454827403898,0.6855657322945544,0.4084315599374785,0.6767608343191861,0.29006743258238105
20,7,0,0.6290526986122131,0.650042712688446,0.6399442996552982,0.5397977452640084,0.6363590701253843,0.4246292289325809,0.6306343467362626,0.29792626047550536
20,7,1,0.666027307510376,0.6756873726844788,0.663318418427977,0.5301224332714233,0.6603924463303131,0.4098829885052986,0.6539750213521964,0.2909964871246211
20,7,2,0.6806499361991882,0.7003524303436279,0.6917756695260878,0.5323166570846608,0.6873551017973291,0.41720439450673086,0.6835112338665362,0.29456345710236354
20,7,3,0.6572291851043701,0.6678448915481567,0.6556201282226103,0.5305601065708693,0.6512654332397215,0.40970411554321196,0.6450657461758645,0.2908696243579385
20,7,4,0.6545199155807495,0.6931734085083008,0.6931923708736121,0.539911115713397,0.6836935829094308,0.42941494317310225,0.6856059383496258,0.30049263703325535
20,7,5,0.6706382036209106,0.6923155188560486,0.6856696820273194,0.533628548976553,0.6846372090700948,0.4113382109742152,0.6804536447355949,0.29143949751833825
20,7,6,0.5732231140136719,0.5876186490058899,0.5784902705242824,0.5324228144690841,0.5745184433171479,0.4169718778844532,0.570077581257111,0.293983258666549
20,7,7,0.6909768581390381,0.7123497128486633,0.7016437499301307,0.5406619700637653,0.6990687431724605,0.4269953357774325,0.6930847654287324,0.2987867558436665
20,7,8,0.6624263525009155,0.6811487674713135,0.6735830082802824,0.5326278867832633,0.6718825899989247,0.4049211913941664,0.6678016969369924,0.2878779242036459
20,7,9,0.6744890809059143,0.6981639266014099,0.691234908429616,0.5340687875754462,0.694297519430094,0.41401931395987956,0.6884166874172845,0.29225431156200665
20,7,10,0.6869754195213318,0.7064939141273499,0.6973796492409684,0.5331748437159343,0.6993262844212825,0.41079369763467927,0.6926410489504082,0.2913475703813941
20,7,11,0.6476626992225647,0.6629220247268677,0.6516711794205404,0.5325789699225402,0.6535453012974042,0.4114288870213799,0.645542094413278,0.29154138012684744
20,7,12,0.6833400130271912,0.6898849010467529,0.6725923593108728,0.5333270264563649,0.6759638306463539,0.41399060326897974,0.6644138509425307,0.29302003086334927
20,7,13,0.671760082244873,0.6861163973808289,0.6733120751673751,0.5354036000882719,0.6733944701241806,0.4070468940355308,0.6653710524879544,0.2888287370537389
20,7,14,0.6295907497406006,0.6451742053031921,0.6325996438692436,0.5377908818988152,0.6345017724337451,0.42191389574225086,0.6260419735276626,0.2966827701177252
20,7,15,0.6939041018486023,0.7018874287605286,0.6883411443185454,0.5292585594778985,0.6885054606243974,0.40634470354180785,0.6804830189336517,0.28897693978346367
20,8,0,0.6368556618690491,0.6570804715156555,0.6473048857528686,0.5391843376155595,0.6442145672714855,0.4246718525549479,0.6383989819556809,0.2981182712974942
20,8,1,0.6580231189727783,0.6690096855163574,0.6575371203310121,0.5299750009337566,0.6535184499641442,0.40855708288898296,0.6482028603634337,0.2901513924065886
20,8,2,0.6873816847801208,0.7060174942016602,0.698427551634135,0.5307640511151763,0.6930607780431225,0.41236456360882884,0.6903372262833726,0.29209453958093057
20,8,3,0.6554091572761536,0.6643763184547424,0.6516094483298135,0.5295943310137903,0.6471752664925116,0.40896387633652326,0.6405937133377748,0.2905850228617952
20,8,4,0.653322160243988,0.6913895606994629,0.6910736509353127,0.539747312490449,0.6813005734135418,0.42892583803688566,0.6832809766455357,0.30016878106171224
20,8,5,0.6776982545852661,0.6980524659156799,0.6910683134990434,0.5331949235876209,0.6897471202654145,0.4093087898709137,0.685290641646054,0.29060690009817813
20,8,6,0.574249804019928,0.5900769829750061,0.5817000095921078,0.5326364166512859,0.5768105728677266,0.4174656821398539,0.5728398768843176,0.2941487877436405
20,8,7,0.6866012215614319,0.7077933549880981,0.6970275921031789,0.5402378453792795,0.6947792237410688,0.4268306183755345,0.6886646182456726,0.2988712004745126
20,8,8,0.661801815032959,0.6788244843482971,0.6703910946258254,0.5317237981448557,0.6684927745308948,0.4030125141183393,0.663805209492354,0.28678469100539916
20,8,9,0.6700295805931091,0.6942328810691833,0.6880513480060114,0.5331381160390987,0.6912070271292142,0.41209754582509445,0.6863107438673354,0.2908062436060533
20,8,10,0.689405620098114,0.708296537399292,0.7000773289481665,0.5319510124305555,0.7028071682013648,0.4089673844597914,0.69699136668473,0.2901486365052122
20,8,11,0.6567553281784058,0.669499397277832,0.6565102003215114,0.5332901002245368,0.6596039310218365,0.4112540017680263,0.6502305701051144,0.29156364354784037
20,8,12,0.6861570477485657,0.6914205551147461,0.6734972929473784,0.5323906514817166,0.6769894366333999,0.41206966197965195,0.6650720046735239,0.29200429186525145
20,8,13,0.6748769283294678,0.6856522560119629,0.6719573747121126,0.5353111247974452,0.6723035985137628,0.40792972607667644,0.6636994742090699,0.28925673132099
20,8,14,0.6346485614776611,0.6488217711448669,0.6361407189410639,0.5367690704839453,0.6380755257636298,0.4198477010408259,0.6296599693423119,0.2958006499440966
20,8,15,0.6956753730773926,0.7040438652038574,0.6900370710099021,0.5298168529227577,0.6899434204737384,0.4078392931205002,0.6816263387287981,0.28989053536561743
20,9,0,0.6383679509162903,0.6572964191436768,0.6484460543179463,0.5367737086482032,0.6449458990118645,0.42073839944570074,0.6402458142604796,0.29608804847566855
20,9,1,0.6475797295570374,0.6590298414230347,0.6459719933657948,0.5310981514580271,0.6442628357758629,0.4127455604185002,0.6370452129182005,0.2923393176661069
20,9,2,0.6820160150527954,0.703180193901062,0.6950563709895581,0.5330742157492576,0.6909127554685375,0.4175384203450317,0.6872789553295093,0.29465098218080915
20,9,3,0.6566998362541199,0.6672796607017517,0.654058515171271,0.5305832481622473,0.6494242156719362,0.4107080351275178,0.6426101770559234,0.29132929011135894
20,9,4,0.6587405204772949,0.6971938014030457,0.6971510914331772,0.5412249867237664,0.6875734227638952,0.43044792862719244,0.6895096504769236,0.30086737971579847
20,9,5,0.6614484786987305,0.6840394139289856,0.6756877532973695,0.5355334806854105,0.6747671892376714,0.414103216226492,0.6690968548452705,0.2927701918916782
20,9,6,0.5660622119903564,0.5806676745414734,0.5714451425171324,0.5329474611305977,0.5678685204161795,0.4198618497881852,0.5629008354977301,0.2957913430754886
20,9,7,0.6857748031616211,0.7057188749313354,0.6950092860004343,0.538719459111971,0.6924893376964866,0.42471243712578177,0.6867305214369595,0.29768454380934684
20,9,8,0.6642321944236755,0.6820178627967834,0.673570191295662,0.5329364685086562,0.6712442633937225,0.40496815784247653,0.6664045256107163,0.28788672697190976
20,9,9,0.6656866669654846,0.6872521638870239,0.6812468012167773,0.5311864292139874,0.6832290197026175,0.40864672495745286,0.678406744897963,0.2898560904110728
20,9,10,0.6812849044799805,0.699956476688385,0.6907670204230795,0.5325039238648911,0.6937514640557354,0.4097064998903277,0.6869675351950123,0.29064642810489494
20,9,11,0.65677410364151,0.6695127487182617,0.6579081380230016,0.5315540297239573,0.6595577028249155,0.408771753226162,0.6515227488525486,0.29021177347927046
20,9,12,0.6732779145240784,0.6789856553077698,0.6610452000830662,0.5324210788903406,0.6641811971226269,0.4127061470093638,0.6524292538372539,0.2922485778740502
20,9,13,0.6743472218513489,0.6876593828201294,0.6761417287670266,0.5332556791250194,0.6765136543546585,0.4041691654012284,0.6694115171083086,0.2872573302767313
20,9,14,0.6468027830123901,0.6600199341773987,0.6477172396153777,0.5362137426746436,0.6506313018858898,0.41953120940363586,0.6420182641593559,0.2957773999782341
20,9,15,0.6885247826576233,0.6972569823265076,0.6833743483902629,0.5294956893979172,0.6829272261912392,0.4055236309534716,0.675142323226914,0.28836676066726075
20,10,0,0.646310567855835,0.6642439365386963,0.6554716472313675,0.535236843830316,0.6511752312242972,0.4176062388734256,0.6469304272161234,0.2946615813679075
20,10,1,0.6528236269950867,0.6646344065666199,0.6520504750485894,0.5311894160274494,0.6491032012707532,0.41133701235015924,0.6426475426013443,0.29156595993590123
20,10,2,0.6851704716682434,0.7044910788536072,0.6958859339534277,0.5321331028355369,0.6905974660293792,0.41462341441766354,0.6873739837107847,0.29323590216650836
20,10,3,0.6523570418357849,0.6645527482032776,0.6523556303024249,0.5312163127202827,0.647167825201983,0.41053553409067045,0.6410892813892142,0.29126728580889927
20,10,4,0.6575236916542053,0.6962249279022217,0.6962998728654521,0.5410483357032491,0.6872500700259971,0.43102563971310826,0.6891072422346428,0.3011093033861824
20,10,5,0.6651163101196289,0.6866538524627686,0.6785478799172036,0.5341097537716423,0.6780196513827407,0.4120319008709223,0.6725944475745201,0.2917886017939903
20,10,6,0.570478081703186,0.5863340497016907,0.5776959761647152,0.5335856388402095,0.5738997719825345,0.41905494914724095,0.5692372278288357,0.2952889347033622
20,10,7,0.6867664456367493,0.707352340221405,0.6959738337104342,0.5385735121967649,0.6932625198272698,0.42431274236968586,0.6877043044667611,0.29711581944064036
20,10,8,0.6668463349342346,0.6854367852210999,0.6763169594011028,0.5349574178776536,0.6739653065208264,0.4066070518698228,0.6687154703724132,0.28863403577596963
20,10,9,0.675745964050293,0.6986815333366394,0.6941155391283828,0.5317244263414971,0.6960491536203454,0.4084435994864799,0.6922902517691435,0.28961483179125574
20,10,10,0.6881491541862488,0.7071813941001892,0.6985630936219405,0.5326267014564166,0.7012159509792821,0.41090626721496576,0.695107293333738,0.2911397056043171
20,10,11,0.648371696472168,0.6619686484336853,0.6503343610238139,0.5322023072804026,0.6514358347771793,0.40863141997370495,0.6436887296358828,0.2900856050462415
20,10,12,0.6916331648826599,0.6971986889839172,0.6796315967181693,0.5321340214767495,0.6831898668061185,0.41215988497573713,0.6713661167277621,0.2919672163511825
20,10,13,0.6793842911720276,0.6911957859992981,0.6777945458195809,0.5352880477817155,0.6784390573434643,0.40832055132968015,0.6698531003947888,0.2895165662540976
20,10,14,0.640703022480011,0.6534810662269592,0.6400553081599006,0.5371375722227192,0.6429038013869315,0.4207064874905095,0.633683973111481,0.2963073909700099
20,10,15,0.686640202999115,0.695750892162323,0.6819663270797456,0.5299768325132824,0.68298788619288,0.4086511953521681,0.6749785838888824,0.2899108465266575
20,11,0,0.6411301493644714,0.6611784100532532,0.6523822576779503,0.5378785213311686,0.6482463621349879,0.4231996568102151,0.6432402172504723,0.2975385888491239
20,11,1,0.6571329236030579,0.6690506935119629,0.6574077892731408,0.5306061518405403,0.6543295846232754,0.410257715475287,0.6487246815877665,0.290978551335322
20,11,2,0.6865308284759521,0.7056283950805664,0.6972345319173793,0.5320353365928742,0.692963268343524,0.4153073468595683,0.6893894106285651,0.29359688616648427
20,11,3,0.6548774242401123,0.6666757464408875,0.6531940008925169,0.5320636342596016,0.6491460795721199,0.4120335546733258,0.6419807563942947,0.29200435113731216
20,11,4,0.6564869284629822,0.6956461071968079,0.6951042560283147,0.5413476336938317,0.6866462573083345,0.4328580051288611,0.6874110434619125,0.30237040209944205
20,11,5,0.6693685054779053,0.6916159391403198,0.6844704496294162,0.534294544655245,0.6838908249824974,0.41223142019019143,0.6789135564471023,0.29198130076649864
20,11,6,0.5761774778366089,0.5915974974632263,0.5830735126027579,0.5332464930766719,0.5792474724523788,0.4190159250967033,0.5747665577254398,0.29531395510233366
20,11,7,0.6834837198257446,0.7055540084838867,0.6946728091490663,0.5394731166571365,0.6920818958928866,0.42663469144846916,0.6861935339048202,0.29858242833568
20,11,8,0.6634014844894409,0.679975688457489,0.6718511047377469,0.5314044091237025,0.671197115850924,0.4031204487565908,0.6666965038652622,0.28678065115099366
20,11,9,0.6642692685127258,0.6871615648269653,0.6808340117626059,0.532485584712041,0.6842821554021421,0.41299415225408304,0.678670534140983,0.2922312438165694
20,11,10,0.6802597045898438,0.6998324394226074,0.6906653066788206,0.5329499173578887,0.6934940627088466,0.41038108231018067,0.686647795937317,0.2908512545308127
20,11,11,0.6466442346572876,0.6609430909156799,0.6488567815324396,0.532726286775757,0.6514291566629564,0.41121862175648,0.6426956349460728,0.2914799830133165
20,11,12,0.6916754841804504,0.6965587735176086,0.6783169232758991,0.5324603906764266,0.6823335757379404,0.4125843511009194,0.6701072503483129,0.2922517364226732
20,11,13,0.6804198026657104,0.6940795183181763,0.6814529542671828,0.5347260802878789,0.6812380680914369,0.4064793369432686,0.6735558051623509,0.2884168902251464
20,11,14,0.6436206698417664,0.6569368243217468,0.6444253932290507,0.5363250590896761,0.6466856980355464,0.41945808793482076,0.6382239621737736,0.29575081189060864
20,11,15,0.6863303184509277,0.6945376992225647,0.6809377352740773,0.5287660833453095,0.6804031593653751,0.40534818287453206,0.6727835359717793,0.28843445080604696
20,12,0,0.6438479423522949,0.6627549529075623,0.6540407801590159,0.5361964467625465,0.650248609220761,0.4211808158036537,0.6454705832178256,0.2966345676087825
20,12,1,0.6475404500961304,0.6600852012634277,0.6476606816768915,0.531066345843286,0.6445852504652095,0.41133901592889244,0.6384639682193127,0.2915162243915133
20,12,2,0.682704508304596,0.7021039128303528,0.6936448374433347,0.5322534563124233,0.6885994641449378,0.4142364725585397,0.6853617200652448,0.29309905791334345
20,12,3,0.6525360941886902,0.6633297801017761,0.651232433810473,0.5300710725441323,0.6463152135970991,0.4094850847470057,0.6402494297697229,0.2908663932978013
20,12,4,0.6584277749061584,0.6950744390487671,0.695155065629158,0.5385741629489662,0.6846774949250506,0.4269053509490281,0.6872126171095531,0.2993908843207393
20,12,5,0.6671909689903259,0.6879156231880188,0.6800608957180114,0.533282316524968,0.6804986228331696,0.41102263921938453,0.675092632283726,0.29132622137795733
20,12,6,0.5713669657707214,0.5867681503295898,0.5773257038547923,0.5343431657319593,0.5743827919533012,0.4213936979284185,0.5689881173879531,0.2964375296110582
20,12,7,0.693683922290802,0.7138427495956421,0.7041018832490256,0.5371213753573855,0.7006722040685299,0.42253458744555206,0.6958391613082479,0.2967763635076607
20,12,8,0.6633856892585754,0.6831029057502747,0.6762783980839877,0.5321886697702317,0.6733184018600896,0.40331348538011147,0.6700338976152179,0.28692540486319845
20,12,9,0.6567854881286621,0.6827898025512695,0.6741129672475501,0.5365220953360218,0.6786105492032183,0.4203040289562226,0.6705987418735239,0.29568867798852233
20,12,10,0.6842673420906067,0.7047981023788452,0.6964511734166738,0.533154517602128,0.698926947081572,0.4107055900615986,0.6927225622915458,0.2910947599395098
20,12,11,0.6519854664802551,0.66573566198349,0.6540313647472621,0.5324950594884532,0.6564799021589856,0.4112499243472214,0.6480655378820546,0.2914315889977385
20,12,12,0.693747341632843,0.700501561164856,0.6846945364215231,0.5316834357743135,0.686999262560141,0.4113997660740497,0.6766747120971813,0.2917712899759711
20,12,13,0.6781772971153259,0.6900410056114197,0.6771992081959884,0.534835387228067,0.6779315565542869,0.4062834169361096,0.6698589354836949,0.28828402914070467
20,12,14,0.637008011341095,0.6508198380470276,0.6385264869926012,0.5365190148856915,0.6409183087284307,0.41951424612762184,0.6324995495310602,0.29560721926322053
20,12,15,0.7036850452423096,0.7100755572319031,0.6958218862237442,0.5283858701459838,0.6937560980441188,0.4032343512666803,0.6859177347869856,0.2875971798564435
20,13,0,0.644538938999176,0.6622840166091919,0.6528877870337338,0.5373442204290887,0.6487362439965032,0.42075165736377146,0.6437904455348633,0.29610652097136947
20,13,1,0.6592175364494324,0.6703307628631592,0.6577259513912512,0.5311879179650604,0.6549340545621226,0.41086043163183456,0.6483910796479808,0.2913486711772921
20,13,2,0.686775803565979,0.7070382833480835,0.6991456033635098,0.5324282972632663,0.6940365080324244,0.4146797623257768,0.6910940878490943,0.29324380172927356
20,13,3,0.6524181365966797,0.663490891456604,0.6513677575091685,0.5301756618578807,0.6462442071459611,0.40938598685819644,0.6401883667017065,0.2907535782315724
20,13,4,0.6562568545341492,0.6943978667259216,0.6945608495858562,0.5397975745869283,0.6848784664239692,0.4292092263153405,0.6869445066770636,0.30039288576454615
20,13,5,0.6638316512107849,0.6857365965843201,0.6767779114509461,0.5360067087122875,0.6776108768950683,0.4155939452999098,0.6712548024547847,0.2934120390592649
20,13,6,0.5714166164398193,0.5877559781074524,0.5790297499113451,0.5340011873045436,0.5754108897316887,0.42035551578100144,0.5707222004284969,0.2958161051070839
20,13,7,0.6897538304328918,0.7113198637962341,0.7003981204361627,0.5401923337226664,0.6980475336553541,0.4270621333919478,0.6920964356240844,0.29888164927581284
20,13,8,0.6702693700790405,0.6879242658615112,0.6804961713555776,0.531422207758234,0.679320892512009,0.40373727105065826,0.6751051868689661,0.2873151194924986
20,13,9,0.6701772809028625,0.6940851211547852,0.6872546411557294,0.5338663216854278,0.6909012099420492,0.4140040820807792,0.6851731977801254,0.29225794703428487
20,13,10,0.685580313205719,0.7046957612037659,0.6963058065742228,0.5323119370105791,0.6994726435035473,0.410600765062041,0.692817708171511,0.2912076245677298
20,13,11,0.65404212474823,0.6673276424407959,0.6559031363359267,0.5317654697647669,0.6577531810869269,0.4089227331382594,0.6497187448251424,0.29041123102090044
20,13,12,0.6845149397850037,0.689579963684082,0.6720840927753805,0.5323632612310484,0.6758894899316689,0.4131578551698582,0.6642058054479963,0.292526901049087
20,13,13,0.6755815148353577,0.688195526599884,0.6744996676160653,0.5358670097993267,0.6746052404831336,0.40878601542594656,0.6658968846213565,0.28976603372804066
20,13,14,0.6355248689651489,0.6492096185684204,0.6365968402616344,0.5368394396779723,0.6383810543412765,0.4191140007581503,0.6300444591898353,0.295433570853429
20,13,15,0.6940712332725525,0.7031393051147461,0.6903128788343853,0.5289389811408266,0.6905876470074741,0.4064947489742429,0.6832366491439076,0.2888479723876679
20,14,0,0.6463571190834045,0.6648166179656982,0.6561881314276072,0.5357548497715737,0.6519790002026683,0.41948395931686866,0.6477211265367601,0.2955451202870508
20,14,1,0.6577420830726624,0.6695188879966736,0.6577551320255803,0.5303898172249297,0.6547503139682078,0.41013571912002234,0.6488455261824136,0.2910120629592209
20,14,2,0.6796213388442993,0.6993277072906494,0.6902802412202397,0.5323763709637552,0.6858291027855371,0.4166477869279306,0.681776706863583,0.2941938911498855
20,14,3,0.6465381383895874,0.6593196392059326,0.6469320260474266,0.5313718782074035,0.6421653747684873,0.41119424865387566,0.6358417271271353,0.2916068929121725
20,14,4,0.6598773002624512,0.6951150894165039,0.6949191253927542,0.5378314055301124,0.6841154057678033,0.42444719169282036,0.6867187902926626,0.2982107795970375
20,14,5,0.6700297594070435,0.6915409564971924,0.6834967760775766,0.5348945882379572,0.6823429275383172,0.4130336706656771,0.6768472555993343,0.29241021371058584
20,14,6,0.5736245512962341,0.5894324779510498,0.5801732165182297,0.5344827650974865,0.5771520582613062,0.42281292002527676,0.5718016134628945,0.29695661602238493
20,14,7,0.6828008890151978,0.7052592635154724,0.6922221232058953,0.5445366774414403,0.6913007190556996,0.43399391999335263,0.6831131174747661,0.3021037106257108
20,14,8,0.662881076335907,0.682957649230957,0.6760783808568231,0.5324290449584974,0.6737252738749563,0.40498460795525393,0.6702668029443906,0.2877596688139006
20,14,9,0.6626381874084473,0.6908733248710632,0.6842591319127611,0.5363651569946047,0.6864396133951343,0.41769402031969344,0.6802602348615985,0.29446480804471015
20,14,10,0.6818277835845947,0.702136218547821,0.6933673148699473,0.5340354120479216,0.6970475553796109,0.41263158308410625,0.6901697156211876,0.29206674511142333
20,14,11,0.66090989112854,0.6734699606895447,0.6612358760068714,0.5325456397795119,0.6638066244465948,0.4099952655798705,0.6551436120967176,0.2908695715511355
20,14,12,0.6827367544174194,0.6881779432296753,0.6702106304980188,0.5326026615474634,0.6736783620213469,0.4127472582962839,0.6616696188539166,0.2923162878781211
20,14,13,0.6843395829200745,0.6955584287643433,0.682500408162056,0.5342023358559453,0.6833360084101611,0.406325796192353,0.6749883155029784,0.28855054291874127
20,14,14,0.6346231698989868,0.6487547755241394,0.6366379213912106,0.5364571579015207,0.6384175395600459,0.41943709800589335,0.6302727837861852,0.2955549336127079
20,14,15,0.6989763975143433,0.7066924571990967,0.6933103932005286,0.5283361570957885,0.6921735853675769,0.4037852215562023,0.6848185103735515,0.28771072227115485
20,15,0,0.6467564105987549,0.6620786190032959,0.6522350051565078,0.5341548355420641,0.6489506363607058,0.41589732952163294,0.6435575192328152,0.29399026034528675
20,15,1,0.6556681990623474,0.6661494374275208,0.6536435901829052,0.5306577853824003,0.6505603019255657,0.41107872204360046,0.6442775315807243,0.29154689390598676
20,15,2,0.6827743649482727,0.7037618160247803,0.6957366969233754,0.5327671704398768,0.6892784319031643,0.41453507758706337,0.6865828214407452,0.29306925878163553
20,15,3,0.6543211936950684,0.6642041206359863,0.6520122319407733,0.5297140404468876,0.6473352855684702,0.4080504051342935,0.6413343945721419,0.2899811609833092
20,15,4,0.6618528366088867,0.6963663101196289,0.6957451167842928,0.5372478932788163,0.6849211965147609,0.4245731256258532,0.687940685179772,0.2981587914130426
20,15,5,0.6693073511123657,0.6923375725746155,0.6860125750344636,0.5340923458047334,0.6846040110991083,0.41224698574016305,0.6803112624692267,0.2920662598346846
20,15,6,0.5808143019676208,0.5950182676315308,0.5864549993881242,0.5328532788805149,0.5831014059468268,0.41915008610612486,0.5784285901425242,0.29546856623246953
20,15,7,0.6896982789039612,0.7113845348358154,0.701147963144535,0.5397842922186499,0.6987946244930144,0.42692175483750316,0.6931449658053357,0.2990370315026296
20,15,8,0.659789502620697,0.6796879768371582,0.6722476880078653,0.5328353728751699,0.6697821415640264,0.40401761853103796,0.6661674497795561,0.28710603099018783
20,15,9,0.6657348871231079,0.6894661784172058,0.6831183825945434,0.5336507270519,0.6867231950419557,0.4126470345972713,0.6811448271331663,0.29166390846956813
20,15,10,0.6879188418388367,0.7048006057739258,0.6956938860750441,0.531312649646009,0.6989379074850066,0.4076118424761568,0.6923627074004501,0.28969625629995155
20,15,11,0.6559927463531494,0.6698249578475952,0.6588266117902707,0.5321759214379166,0.660468203510923,0.4100978662644882,0.6526862272240332,0.2910046711353596
20,15,12,0.6876839995384216,0.6929512619972229,0.6751678586381691,0.532472960312505,0.6788377237520826,0.41330826516415403,0.6669096845030756,0.2926939581691143
20,15,13,0.6812617778778076,0.693669855594635,0.680715775382363,0.5353299142844152,0.6812715519629674,0.4064216273730243,0.6732399121604967,0.28819704597052215
20,15,14,0.6274115443229675,0.6425794959068298,0.6300446656267895,0.5373122462376444,0.6322758383049565,0.4200927878071779,0.6237935719134907,0.2958822741283488
20,15,15,0.6938968896865845,0.7017616033554077,0.6873439088838149,0.530354156942653,0.6879552438832776,0.40840461642560255,0.6792036351171234,0.2899390334305454
20,16,0,0.643744945526123,0.663079023361206,0.6547889716371595,0.5371127963606566,0.6499927679500629,0.4197130096865233,0.6461190448827822,0.2956234352187126
20,16,1,0.6528450846672058,0.6647939682006836,0.6527289943547993,0.5310049824399694,0.6498533187530173,0.41130215139320947,0.6436862266506251,0.2915421013993925
20,16,2,0.6806105375289917,0.701598048210144,0.6937457107569039,0.5323218896584845,0.688056795542716,0.4158450142418508,0.6851422975318182,0.2937422007704979
20,16,3,0.6480265259742737,0.659368634223938,0.646299857156092,0.530635819964373,0.6414949616643929,0.4107436635991269,0.634865560422386,0.29136493161551263
20,16,4,0.6544655561447144,0.6951508522033691,0.6959123859876986,0.5419497731617867,0.6868849070761941,0.4331617423482436,0.6886123426920908,0.30234331590532676
20,16,5,0.6711925864219666,0.6910121440887451,0.6823574784166656,0.5344376742449523,0.6822253625429869,0.4127056504332611,0.6759915153249394,0.29229899104571017
20,16,6,0.5721428394317627,0.5876795649528503,0.5798674682666165,0.53222797544192,0.5753104412965088,0.41840465103992946,0.5714282258482813,0.2950719708762042
20,16,7,0.6852169036865234,0.7070854902267456,0.6973002269393782,0.5395792210954001,0.6940715728674176,0.42584975589277596,0.6888328620253152,0.2985580452446286
20,16,8,0.6652857065200806,0.6834046244621277,0.6759786831706057,0.5319809557905713,0.6755625466050362,0.40394656700184073,0.671324454563132,0.2873492507787328
20,16,9,0.6641725897789001,0.6893776655197144,0.6829175273784172,0.5344744394690334,0.6859360959913147,0.41489425154922094,0.6803562368325553,0.29275081152510113
20,16,10,0.6826094388961792,0.7019266486167908,0.6930541644978803,0.5328678298499551,0.6962076662672061,0.41015537329754637,0.6895455799166686,0.2908825016317921
20,16,11,0.6623653173446655,0.6739298701286316,0.661521219427684,0.532015199660096,0.6640554828015686,0.4089653685494383,0.6553374474888074,0.2903696846145423
20,16,12,0.6871832013130188,0.6932629942893982,0.6762460679792992,0.532522714830542,0.6794135920342479,0.41260471414447997,0.6681096822689464,0.2922431083688931
20,16,13,0.6809403896331787,0.6918154358863831,0.677884553639937,0.5360485126281176,0.6787563106607988,0.40782705653717205,0.6700085543006447,0.2890037868510051
20,16,14,0.634073793888092,0.6485734581947327,0.6358633772130242,0.5375437076212038,0.6380621033895818,0.420358437663847,0.6294244093611282,0.2960394455066727
20,16,15,0.689784049987793,0.6984584927558899,0.6851824530683408,0.5288697596238328,0.6853351535370694,0.40615227610944415,0.6779079357444054,0.2888194870388682
20,17,0,0.6422379612922668,0.6611077785491943,0.6518761976649393,0.5373230834938086,0.6478126297797006,0.4218587419075967,0.64283747661806,0.29681774748201234
20,17,1,0.6608176231384277,0.6696810722351074,0.6563182554580833,0.5295604880274272,0.6538869943684001,0.41037288428672936,0.6466319985172533,0.2911968266421722
20,17,2,0.6822057366371155,0.7025558948516846,0.6932299347354223,0.5333519370311988,0.6892471630851299,0.41831306490786535,0.6846702512188783,0.2950733501555286
20,17,3,0.6556428670883179,0.6669951677322388,0.6548286676172498,0.5304118632699804,0.6505887302444278,0.41017665609512116,0.6443456872505463,0.2911390822825338
20,17,4,0.6628162860870361,0.6993303298950195,0.6989245171880274,0.5392544896057515,0.6891260967264453,0.4282782743790383,0.690874396196831,0.30002607219090854
20,17,5,0.6655964851379395,0.6868581771850586,0.6789577234121328,0.5339675067428548,0.6794340745134552,0.41289238835861186,0.6739105934356622,0.29229569080207324
20,17,6,0.5689603686332703,0.5844641923904419,0.5751638077590768,0.5336997503009479,0.5720159760036441,0.41998871944346666,0.5670616865585411,0.29532705870345094
20,17,7,0.6913323998451233,0.7117950320243835,0.7015578052228744,0.5385253152567593,0.6989024094464502,0.42440654395712657,0.6933374615256968,0.29777708107869455
20,17,8,0.6633419990539551,0.681257963180542,0.6730866813541446,0.5324617220645602,0.6704999090134758,0.40286082559003583,0.6660185477218836,0.28660835782817623
20,17,9,0.6652829051017761,0.69333416223526,0.6882095321745685,0.5352038700106755,0.6900829586296806,0.4151892571792031,0.6853871856381472,0.2931108591194163
20,17,10,0.6878398060798645,0.7067252397537231,0.6974617000258245,0.5333998306153827,0.7011710375552678,0.4120913983209299,0.6942083526360189,0.2917587135751799
20,17,11,0.6545997262001038,0.6674752831459045,0.6545783141666512,0.5329945031102874,0.6572170110836506,0.4105363313625448,0.6480680112991418,0.2909702781820144
20,17,12,0.6851369738578796,0.6910449266433716,0.6736138048230184,0.5328246217031456,0.6766684531849749,0.41285334295886694,0.6652500094358642,0.2924113601374108
20,17,13,0.6761648654937744,0.6875643134117126,0.6716923409572876,0.5377847896389684,0.6727817946193522,0.41074636688022764,0.6626987896080851,0.2903180253795154
20,17,14,0.6401243805885315,0.654000997543335,0.6419998854428477,0.5362624646878471,0.6437501118507847,0.4194513247685504,0.6357065903671306,0.2957154395807859
20,17,15,0.6894972324371338,0.6992183923721313,0.6856362101276823,0.5298404560986424,0.6860616499161065,0.40813018002946505,0.677878852383588,0.28984028152056057
20,18,0,0.6429525017738342,0.6628345251083374,0.6541476288143607,0.5381530514411683,0.6497683634719277,0.42364526908794753,0.6452245414138406,0.2977049912141381
20,18,1,0.6565049886703491,0.6666691899299622,0.6543606693780963,0.5302596005453561,0.6511763026433175,0.40977733705308506,0.6449469043254665,0.2908884663415387
20,18,2,0.6851727366447449,0.7058176398277283,0.6978316761713668,0.5329895041855778,0.6930064574239744,0.41720377937061737,0.689537345609492,0.2944726244456599
20,18,3,0.6480425596237183,0.6595191359519958,0.6466680165581047,0.5308584969345962,0.6422126465051261,0.4111730229953472,0.6356593187419038,0.2916468549121497
20,18,4,0.6562058925628662,0.6953115463256836,0.6957486652254542,0.5403866534729672,0.6860874551925337,0.430566580433868,0.6881765749830925,0.30104571773889366
20,18,5,0.6685667037963867,0.6901440620422363,0.6829557277107153,0.5334485944261704,0.6824547795254478,0.41098506037979304,0.6777413988305094,0.2912371104351781
20,18,6,0.5702577829360962,0.5859538912773132,0.5762493379612995,0.5345354892684189,0.5728222089064603,0.4220394984180449,0.5674506294102004,0.2966631682271852
20,18,7,0.689617395401001,0.7116556167602539,0.7006238245807864,0.5404749906286408,0.6981766628264406,0.42746965691529554,0.6916175111334864,0.2994523456342911
20,18,8,0.6652818918228149,0.6844870448112488,0.6782408724030018,0.530767219881411,0.6759094071759548,0.4026454429012752,0.6729116010291543,0.2866552292082249
20,18,9,0.665998101234436,0.6863656044006348,0.6788822477283444,0.53189701953894,0.6828693102856013,0.4127473708052298,0.6765956698078434,0.29215463365075156
20,18,10,0.6904817223548889,0.7096644639968872,0.7014447988448189,0.5327874400603363,0.7047804976286691,0.4109495983143604,0.6986975297592201,0.2912400049834763
20,18,11,0.6567954421043396,0.6701886653900146,0.6574642742494156,0.5333391438422436,0.6600119206024634,0.41145308418235205,0.6508843372865213,0.2916416969143924
20,18,12,0.6862556338310242,0.6933685541152954,0.6775969370806482,0.5310324618743445,0.6799172650732336,0.41106995749607794,0.6696943047452619,0.29147124318112494
20,18,13,0.6733132600784302,0.685592532157898,0.6731188576918974,0.5339998602929799,0.6731339064198951,0.40637682838330597,0.6654905781098204,0.2885962095775529
20,18,14,0.6312100291252136,0.646183967590332,0.6338160396691356,0.5384748016220917,0.636167043437371,0.4225121885710256,0.6275933897584239,0.29706701231308374
20,18,15,0.6889110207557678,0.6971120834350586,0.6837686069559048,0.5283741267561396,0.6840033521081009,0.40571273850305334,0.6763552604239533,0.28883338862119434
20,19,0,0.6428003907203674,0.6612281799316406,0.6520723364552587,0.5372049048335712,0.6482961199169414,0.42153342987377806,0.6433577527830999,0.2965873536034546
20,19,1,0.6586301326751709,0.6691878437995911,0.6571916841457917,0.5297175130603914,0.654179298022561,0.40948408754957466,0.6479675545852815,0.29072172508447575
20,19,2,0.6850585341453552,0.7049757242202759,0.6965038797453589,0.5329300201294376,0.6905835005405088,0.4147680610333268,0.6874465110502144,0.2932240399805643
20,19,3,0.6498321294784546,0.661754846572876,0.6496710067164045,0.5309961254812949,0.6446970352389677,0.41071737737212954,0.6386454363095092,0.29142700554911505
20,19,4,0.6564376354217529,0.6949483752250671,0.6951602067528702,0.5398706619920899,0.685121102026548,0.42947593524200295,0.687354230880619,0.3005318115809517
20,19,5,0.6681622862815857,0.6907711625099182,0.6825704322228624,0.5362424357024406,0.6821382018205278,0.41536698067962896,0.6762826919064165,0.2934300292092074
20,19,6,0.5710123181343079,0.5869953632354736,0.5782760319865412,0.5335689641265045,0.5746186474046249,0.42100195501149357,0.5698191797178129,0.2962749434943571
20,19,7,0.6972725987434387,0.7158264517784119,0.7055843728295415,0.5376004707815341,0.7028878139495068,0.42272381357577243,0.6973243386349265,0.29701969921582266
20,19,8,0.6641973257064819,0.6848728656768799,0.6767935658037839,0.5349320173973678,0.6733594038232082,0.406730144590931,0.6690916293213268,0.2886681776117649
20,19,9,0.6678786277770996,0.6893354654312134,0.6808719793360175,0.533945360347228,0.6848042766384185,0.4154789039739949,0.677675972259964,0.2932631727935211
20,19,10,0.6833415627479553,0.7028931975364685,0.6936203475422021,0.5340991731415725,0.6968392567401459,0.4122366057010091,0.6898383185147257,0.29182766582146225
20,19,11,0.6485734581947327,0.6620073914527893,0.6485634944576892,0.5338123207428981,0.6521016461857696,0.41383511034687376,0.642042215938471,0.29278580365096646
20,19,12,0.6883766651153564,0.6947792768478394,0.6784218886390189,0.5318428423130658,0.681100170289937,0.4115879280618925,0.6703654182061012,0.29170743179875236
20,19,13,0.6746885776519775,0.6890500783920288,0.6773499996153929,0.5343374447105391,0.6767517515214762,0.4060581081616735,0.6695672439553336,0.28809498415746737
20,19,14,0.6384149789810181,0.652426540851593,0.6400463588658615,0.5363107942802274,0.6420279782684216,0.41872466367227945,0.6336583044293319,0.2953109285964193
20,19,15,0.6876012086868286,0.6961339712142944,0.6824491653895732,0.5293762833767451,0.6824198158479772,0.40651479346841773,0.6744994243931994,0.28906611561693946
