file	bytes	sha256
metadata-cache-v1/cell_line.codes.int8.npy	8064786	4c7a553891fe1260daa08b23fc52ad70b8174de1fa089afbfbd4c7f412830e3a
metadata-cache-v1/cell_name.codes.int8.npy	8064786	b2ceaa2e572e1ea43cf993dccc347e59477f97581e09f84096e540117e8472a5
metadata-cache-v1/drug.codes.int8.npy	8064786	8430430f90eef4236e29ab6dcb7c1b7e6da8fe4f5cbfbe7365df5968e9b1fb73
metadata-cache-v1/drugname_drugconc.codes.int8.npy	8064786	8430430f90eef4236e29ab6dcb7c1b7e6da8fe4f5cbfbe7365df5968e9b1fb73
metadata-cache-v1/manifest.json	205411	f427e8e99c649f73657bfdfe8eda9a87bc53c4ac24181e7d3710f1e49b516aa2
metadata-cache-v1/pass_filter.codes.int8.npy	8064786	0eca5da1380a3ae94a692418e4a3b1c58a7119595308b3fd700cde4b0cba3806
metadata-cache-v1/sample.codes.int8.npy	8064786	e88a52080acce795e3ad86a2d42c932d1f8ff8c5655e6831433e2dda012a0aa0
x-chunk-cache-v1/X-indptr.int64.npy	64517400	e4f526d86f61021471171c5c43d4cd9c36ccd52cc921f757de87eadc3e9e5ab1
x-chunk-cache-v1/chunk-inventory.json	321	27982be34900f3d35c30093ff1810c7674f9fd19b17cc4fd90fcea84e79f5004
x-chunk-cache-v1/chunks/data-000000000000.z	38495	0029402092a1eccc45af5b29f16436333d3dfa94826db8dd3ef669a34fa69463
x-chunk-cache-v1/chunks/data-000000096077.z	39525	816aef0199dbfe5056a7b6a6226c6010051601d8ed4c980a947df1cc6dc5ebca
x-chunk-cache-v1/chunks/data-000000192154.z	36614	ac560a85eda97289b4633caf576af4cc7024e3450a5d3b8f418ad8c37fe85ced
x-chunk-cache-v1/chunks/data-000000288231.z	37745	3849a325a69b0fb18506629ffcfeeb9e60174ae76bef279b47edcbaad9a894ee
x-chunk-cache-v1/chunks/data-000000384308.z	37437	28ac660d6ee3fafb9ca5a4225cd88e8ba75980dda157bac6d26b7fb29b9f94b7
x-chunk-cache-v1/chunks/data-000000480385.z	40273	54bbf73ccdf16e78f84125c21a79ae0c8357ad20122716b6b76580e69165bdfe
x-chunk-cache-v1/chunks/data-000000576462.z	38603	af565e92a84f7c7b3297ddac008c2acab7133737ca9b72af92b20947853c67b1
x-chunk-cache-v1/chunks/data-000000672539.z	41591	b61d744cccad182663dda369beeb4f9b71c192fc02f77597938773184444dc00
x-chunk-cache-v1/chunks/data-000000768616.z	39289	ec783811398a3a663307ec7ee13dd56710f96a5019506455c87008824d588988
x-chunk-cache-v1/chunks/data-000000864693.z	43625	6402d46b5a1c99955d96def33a576a949a2cf5b823b3d4f7e34d44700d984a2e
x-chunk-cache-v1/chunks/data-000000960770.z	38140	00671ee2b78cc06d89fa9c5e126fb64adfc07f439dc87f82183609b258e5c10b
x-chunk-cache-v1/chunks/data-000001056847.z	39646	278df895af89dbe29fda00beba8b2d7389e1a59cb92d866e687a0513dd877f20
x-chunk-cache-v1/chunks/data-000001152924.z	41344	d24f2e2169a967f6ebdb2173d93534e98e6b15c8ce528cca070b98653466fe48
x-chunk-cache-v1/chunks/data-000001249001.z	39434	b8005c171acd58d72173df507b9b817402925820f5c40c45383d0e62e126bd50
x-chunk-cache-v1/chunks/data-000001345078.z	40045	4ffd801064d485a0763fbe6e10336b7ee03dfeb9c4f038cc6ecf060e1c227a45
x-chunk-cache-v1/chunks/data-000001441155.z	35913	64414c69e30f7dcabd8477316a14370e3041bf2310990dcdd1077e686cafaec5
x-chunk-cache-v1/chunks/data-000001537232.z	38778	967b751f28ddee8a4709cc9467f0affaaaf83d221603662cbe581ab589c8da7a
x-chunk-cache-v1/chunks/data-000001633309.z	39307	5c29e3038d796aeb347f438d438f363587b5ef21878bc3332f94db147da20c43
x-chunk-cache-v1/chunks/data-000001729386.z	39577	e5464699136fef2d41eaab66364f69a24857b29942e34a1c599d046a3cff75bc
x-chunk-cache-v1/chunks/data-000001825463.z	39664	b8fc16259addc597218e8e6c051770de4afde2d7a6493630eca048ac33f10048
x-chunk-cache-v1/chunks/data-000001921540.z	38292	188c4f582cba2493a014299770dde1623e3357a28c4575e878fe62da12edb4e5
x-chunk-cache-v1/chunks/data-000002017617.z	36981	5c5e38c811d68d46ce49c7fb7885db180ee44c99d4a55c4903828c272d6e9edf
x-chunk-cache-v1/chunks/data-000002113694.z	39792	1fa6b40ca673846c257c6f5f6f92010273721a7c295371a7d364af956650f7da
x-chunk-cache-v1/chunks/data-000002209771.z	40408	c4b33b38a03b33d94fb79ad20b34199974ce82173895a86504e71c0d8f2382aa
x-chunk-cache-v1/chunks/data-000002305848.z	39187	72e7a83e99278b2535e039ceefe8f482855394010c0ea1ce3b7d50f958af7ab5
x-chunk-cache-v1/chunks/data-000002401925.z	38563	4fa9ef6ad2afed1d8806ff99a5b45490c1f4b48050eb58d5f0a87ca294b6b823
x-chunk-cache-v1/chunks/data-000002498002.z	40804	a3a609156eb43f87b4c3ea58ec6b99717efc57b269ba242e9eaee0e8206dba52
x-chunk-cache-v1/chunks/data-000002594079.z	39115	3c119336efb1aded794366cecf37eb5bbd1e03ca56f55b85e30f76ae1f08a0ca
x-chunk-cache-v1/chunks/data-000002690156.z	39675	a5482130a22cf087a6386b1fa4c4c969084604e13a80b38ae58e2a6db7bdba77
x-chunk-cache-v1/chunks/data-000002786233.z	38822	fb2890f63c65ca96ab942a6ae9728e08dc3ff9ca8966b2501a6dd7865a898336
x-chunk-cache-v1/chunks/data-000002882310.z	42237	52bddf62754b8f20d9b3c455891dd58993c7fe928b81a298c4e009658d708fc8
x-chunk-cache-v1/chunks/data-000002978387.z	45179	85bcc2c1e029db0ab0993cc067c86830a4b485b7fb205282e1ef8c9ed06e1c5b
x-chunk-cache-v1/chunks/data-000003074464.z	38374	c81abe6df0007d8181b52bd3f327b8a206edd5dcedd58b591737dac8ac44bd89
x-chunk-cache-v1/chunks/data-000003170541.z	41295	e1e38b177355bc345bcbc06f5c61b35cdb5e08267edb6b1a14951833d3b1e291
x-chunk-cache-v1/chunks/data-000003266618.z	38451	1313c8d1bde9a3d9a865ae64b6e85aa576cd5d7d3bb9127b18dee92bd219c613
x-chunk-cache-v1/chunks/data-000003362695.z	39795	9abb6e829a3a0c4916769b2185d3d2df59f551b8c97f51dadf7a448c7752bebe
x-chunk-cache-v1/chunks/data-000003458772.z	38955	724d3192d08d86a48a053043e4b912b164f3c60df7822faff8a02b3e2f61bb32
x-chunk-cache-v1/chunks/data-000003554849.z	39778	281cc51798b2e849d82c5c1761c0ff109a04a8a529a12df0d1146662aaafa5d1
x-chunk-cache-v1/chunks/data-000003650926.z	38057	65af2f1994d8fbc356834d30a1385df6e080dc9c6c67711644b5e4bce61045d0
x-chunk-cache-v1/chunks/data-000003747003.z	38216	b9f5c6a4894f237f9e2e191e7247746016234926c860068d3b6bf05caa42cd14
x-chunk-cache-v1/chunks/data-000003843080.z	38564	66d344f5495ef36f15513a710daba24952044b7f1185a0a0d8bc7e3678f041da
x-chunk-cache-v1/chunks/data-000003939157.z	40847	c4529dbde1411dba58784d6fda025dfc2d74ee5b21e4b111bfdf76dcabef398b
x-chunk-cache-v1/chunks/data-000004035234.z	38475	1415277cdaa10fc01f154fa2128014b31c140faf75aa078201e563a31e2bad81
x-chunk-cache-v1/chunks/data-000004131311.z	39785	28b1ec9a8bae3c2251d68c777e7d929552ddd9efb85d5c4d9d0c88fafdf1d5f6
x-chunk-cache-v1/chunks/data-000004227388.z	43543	d8556bc1b18754de3b402d0cb3a2fc70f0d36226b8464f1eca92c178fab8cbff
x-chunk-cache-v1/chunks/data-000004323465.z	41935	428f76bd48dd62edaea89968e670826271315bbd3f786af3682c25afcaf372f3
x-chunk-cache-v1/chunks/data-000004419542.z	42469	a992d8342ba48acfaae223723a4d654d73a1793149692390ce977455b8460165
x-chunk-cache-v1/chunks/data-000004515619.z	39170	723a46a2733d7f3f60669d7680d39ebaaa97494676fc3463002fd53593951761
x-chunk-cache-v1/chunks/data-000004611696.z	41170	23dca79c203e0ad94f540012cb8026cc8aa53c0baff6f8938ecc6feb9aa31a0b
x-chunk-cache-v1/chunks/data-000004707773.z	41116	e1fde2780ec9a15c7362d437718cfd9aa011491f26b81e2aef3199118d179b05
x-chunk-cache-v1/chunks/data-000004803850.z	40800	76bdc16c1bd217df14206b6e379671e75ebbb9f1ab9b335173b51a08e85dd772
x-chunk-cache-v1/chunks/data-000004899927.z	38249	2c619bd030ff751f08327d63290e8fdddf1777d3fa928c0846ef6cb8694a6ae2
x-chunk-cache-v1/chunks/data-000004996004.z	41702	65706293fab57979a8dfba26e904092aa17bd0c4c2d3513ce16b3ee2908267d5
x-chunk-cache-v1/chunks/data-000005092081.z	43174	24b449570961a37c7f0611b0bade8cea1c59f16c42ccdcc5e7cb85441dade745
x-chunk-cache-v1/chunks/data-000005188158.z	40952	f1f853b9c2bc92bac15b57a0af879dd99ca26b28796b74f838b422e3ba33a197
x-chunk-cache-v1/chunks/data-000005284235.z	40737	cb0e18562e0a5259c88a76e2f43f669c8684458e310b6b27a61beea5ecb6395d
x-chunk-cache-v1/chunks/data-000005380312.z	41227	064427033dda9d1c361310889ccecbc962d20257db8a6a10d08e1b771475c479
x-chunk-cache-v1/chunks/data-000005476389.z	40070	54bf390b76136e7b6dbd0b219a66e1e2fc0acdaa554c720851fbbac7e335b382
x-chunk-cache-v1/chunks/data-000005572466.z	38699	84cf45b6cce094ab8ceca500352d1cdf075486da27b88a0cfa0e8178c4c487cb
x-chunk-cache-v1/chunks/data-000005668543.z	39959	850fbe7d8e29f1be27f4c2825ac9abc9bafbba207dbb2a4e608c1af5ca6f6bea
x-chunk-cache-v1/chunks/data-000005764620.z	39356	b4f3e220c653635cb0add6212a8396b7b9c3c82b58ba78ba27690ed178ea79fa
x-chunk-cache-v1/chunks/data-000005860697.z	40834	7c64b682b1f730d30bef150173dbfe9124ef05a4b6d24e67f0ac9716bcb41442
x-chunk-cache-v1/chunks/data-000005956774.z	39641	a75f3507d9fdae950e2f6ec42b9cc638655bb17c923fc4865e75611729ebd557
x-chunk-cache-v1/chunks/data-000006052851.z	44473	a6ded399ef5c4e00aff39ba556220f1a4aa1092101a0b2218df9ca5519727d0e
x-chunk-cache-v1/chunks/data-000006148928.z	43235	bb27ca784ce63635353523d4b499cd4e357778f0b16d1e67c4eacb83fba5098d
x-chunk-cache-v1/chunks/data-000006245005.z	39788	c68343c5e2f7779c329d09715dc0ef0ef3e62af9402fcad38aca37b2985b443f
x-chunk-cache-v1/chunks/data-000006341082.z	44048	e5e0426fb4b7b10f723b7568a67cdaa1826795cf99d3380b3e47b6321cb1d770
x-chunk-cache-v1/chunks/data-000006437159.z	38812	0a0c27c5b062a7b18a5a4ef0111e2bd137554a48a1007d0e429391f4ad8d9812
x-chunk-cache-v1/chunks/data-000006533236.z	43668	fcac9387bb1259041dfc3001b95b49a53c7abdfd208ffc34f943d137152d2fe6
x-chunk-cache-v1/chunks/data-000006629313.z	40924	d826f38ef2950d2252d4cca265209f789d34c9fa638b7a758a17398b84178a2b
x-chunk-cache-v1/chunks/data-000006725390.z	43064	6628495b00a06dc07cb57b4b3e4c3e3031bd70c75d46c6dfe052c591a1eb16a5
x-chunk-cache-v1/chunks/data-000006821467.z	42428	a5a681bf46471a56798b160497654ad7cf70dcb7789a47382843cbd8237349a5
x-chunk-cache-v1/chunks/data-000006917544.z	40591	a8fd543c50291ac48761c41e1e58375f5c1ca03ff66e31c2dff20464ad2fcb4e
x-chunk-cache-v1/chunks/data-000007013621.z	44038	d739da7a995086ee5e61de9cc15ba75fa45e733ee46f91b26aa65f4446f168c2
x-chunk-cache-v1/chunks/data-000007109698.z	41958	d085fcda726d3398180f9b07a63e690373d4ed3d1b2a3edbb25746d3545ce275
x-chunk-cache-v1/chunks/data-000007205775.z	42774	b9bf82abf7861cbd413d33cc33fe6e56aeb2d4801f60aff7410c015568542001
x-chunk-cache-v1/chunks/data-000007301852.z	39922	543f1bce416f8f20cd92a974d3485eab8bc53e6c525b65b3d46ac5611f04840e
x-chunk-cache-v1/chunks/data-000007397929.z	40891	30033cc97eca27716b5402f3b43faf8aed4453f006af671862b0ee0a91cfe82b
x-chunk-cache-v1/chunks/data-000007494006.z	43655	2b3e07e7f61ac23514d2bee50388e8583db2dece9107dd0a4d341dc4bccabc2f
x-chunk-cache-v1/chunks/data-000007590083.z	40858	f186accbb711d792b0a380d42e19f623f65dfaabfccbd290b92382de94a035aa
x-chunk-cache-v1/chunks/data-000007686160.z	41320	f47311a8ccf9e7cddf019be48003d0531b004431823aff5c81c1799d1401bf88
x-chunk-cache-v1/chunks/data-000007782237.z	46703	7c51712a8db03d5cf88fd2bb56068c256d4398e2cd48aa629df19918eb429841
x-chunk-cache-v1/chunks/data-000007878314.z	44077	c54ef5c620772f20c71f816d948dcfe42faf0f0f7eceb0d734414b0b966c0d58
x-chunk-cache-v1/chunks/data-000007974391.z	41237	0832410ca4f84e22cf2fea663d7e5e0504ca459a3eac377616ca93bfed0f8697
x-chunk-cache-v1/chunks/data-000008070468.z	43904	660c7814f4d7af82c7e8fb42dc22bfb8ff97b9549a4d6da3d5100e53fe7382a8
x-chunk-cache-v1/chunks/data-000008166545.z	42969	f4bcdc516afeed536f674d3316433b6ad78f05d27e70de73f4f11d5c34a4d361
x-chunk-cache-v1/chunks/data-000008262622.z	42354	15680bafd2d146b74e64aadb2479b87cba17011f5c8269487a3d60884525fbfc
x-chunk-cache-v1/chunks/data-000008358699.z	39683	4d13ec77a4f78a5f7e855230ac9bc717f40da554cb35a1a828a302c4e85ffb73
x-chunk-cache-v1/chunks/data-000008454776.z	42919	58cb73943ce0c9c26bee6ec46ddb1af92c815454f6a385a3e476aecb32070b89
x-chunk-cache-v1/chunks/data-000008550853.z	43618	0da47b4553d286cbd39adb3a220e5a0aa00e3af96664a4614014920283c82438
x-chunk-cache-v1/chunks/data-000008646930.z	45869	57b30aa413ff57c50be83abdabe9288fa23ff0e7d9017271894768b0d3452d93
x-chunk-cache-v1/chunks/data-000008743007.z	45045	e058e6f19b3fe7c087dd86039298fabc52923219ce55b4200e2cb39e21e9a578
x-chunk-cache-v1/chunks/data-000008839084.z	48362	171407d202e7d7f05f42be20b09f3db10e5e004dfe67e40b1b8f7af4cd64489e
x-chunk-cache-v1/chunks/data-000008935161.z	47258	9bfecb5fd1e9d545ec8a6bf602180f6346a2bc37e2eede953739a57977de1d37
x-chunk-cache-v1/chunks/data-000009031238.z	44226	4915af0c74a6261ea584f79c1ed4b900b33a71ab333fd17433b60b567e5a69e7
x-chunk-cache-v1/chunks/data-000009127315.z	44917	1f08da3404e4324e8114a5bfe15736f343b620928a5fbe66abbe4f15e0eb4c0b
x-chunk-cache-v1/chunks/data-000009223392.z	42714	2ba3aa94864268d02d7495949a72e01681a871c44459d90affb00895a1e05fa9
x-chunk-cache-v1/chunks/data-000009319469.z	44984	a8f7d085be6cd98cf1d36d888709d503dd960ba5a49ca882e5e049c15217e89a
x-chunk-cache-v1/chunks/data-000009415546.z	47413	0fefb19d867d11a029b6b9b340f83c513a8121c69c50b7c589fa12f0b20347e3
x-chunk-cache-v1/chunks/data-000009511623.z	45769	492cbc4acefdb1ed9c24d6c3d715d870e00a1bc94e42751c10e93300efa10cf4
x-chunk-cache-v1/chunks/data-000009607700.z	50886	73a57071bbd75a959951db41a55f5bd989f1a4df8809e1831a81c86d47ac2025
x-chunk-cache-v1/chunks/data-000009703777.z	51619	764be989b8400f445a8e9cc2359904fbc552d1f2f6991bc5205f14c584257c72
x-chunk-cache-v1/chunks/data-000009799854.z	45812	598a341cd92feb2cae404237fb942ecc324801d0b2aa12d1fc046fb927af8946
x-chunk-cache-v1/chunks/data-000009895931.z	45094	da733e8c4803669d1008701c6204ab82c160780a15b43326fced61c192bd2cab
x-chunk-cache-v1/chunks/data-000009992008.z	46159	502df893bb279c5b9d75ef1c33904051e46ee8f00e25c88cfc43c7a46176c0f8
x-chunk-cache-v1/chunks/data-000010088085.z	45972	7a01488ab5731cbcb92bcfe8dbae3ddac2d9ac4dd5c894c3564a56a94a8d01dd
x-chunk-cache-v1/chunks/data-000010184162.z	40458	7b3f1bae273638e875f1519cb1f44809c367fdf49a4e63ca84d74c6d767e9bb8
x-chunk-cache-v1/chunks/data-000010280239.z	41902	65c7bd8c825aecf5bef899feafc943ef8e088132ed443e7c8a22f978fe962f00
x-chunk-cache-v1/chunks/data-000010376316.z	43924	d7996b367b2e584e78fb5c5a09032cdda85802760780cd7badc6f48bf263665e
x-chunk-cache-v1/chunks/data-000010472393.z	39165	997f614a123cab8cbbb8a87a48a1cb85c1a74f7da4818ea24c28e14a46ef7429
x-chunk-cache-v1/chunks/data-000010568470.z	40613	aa0f93dbbec49db940c70c534c0a1fd93ddf63fe55747f00f0a094c06988052e
x-chunk-cache-v1/chunks/data-000010664547.z	42803	c061bc11942a754c4560c4532397bef8dc40311aaaede10657637ca7553818c3
x-chunk-cache-v1/chunks/data-000010760624.z	43049	1bf684e55205de078c1d4a9830fa2c94d51ca383f5d3e80dab1cc22126958383
x-chunk-cache-v1/chunks/data-000010856701.z	40457	8f170ac194337cbab1d2f04a24c94f0ec557cc317231708a9801d330b72e8ff2
x-chunk-cache-v1/chunks/data-000010952778.z	40274	4a127e6229d09d04aefa4cbfec219efccf0b74998a8482c05137d180e80c6b1d
x-chunk-cache-v1/chunks/data-000011048855.z	44629	674a340537d8ca814cd94ad3e63a0e2607415657f08466d8461cc693227fa17a
x-chunk-cache-v1/chunks/data-000011144932.z	41476	4b3003a1ff8ad98828201a6cc1f04f88b69125db14f11a4bce093c7f6adf6b92
x-chunk-cache-v1/chunks/data-000011241009.z	41237	067813097946f5dd1024f3ed571065719e5c72d1e0263535a79c4383a3036e1b
x-chunk-cache-v1/chunks/data-000011337086.z	40668	8962cc4d1b0c3191b46a56db53b8b41616f37a7ca25c2706fc7d6a5dbb44c26f
x-chunk-cache-v1/chunks/data-000011433163.z	46225	2f9ab22ddaebf1f22ccfabbdcc72ac5ef5e5b95297db7671f7599dc5247a7698
x-chunk-cache-v1/chunks/data-000011529240.z	44766	94d971e570533483c670a47488427f13523175c5e916f30857912655dc31c80e
x-chunk-cache-v1/chunks/data-000011625317.z	47067	dadadc596ac2be74348f2d1fd4d4d191ca9ba2c377b97670cc39990dee6de655
x-chunk-cache-v1/chunks/data-000011721394.z	45191	3257ff2671d98eff3e6961dfbfe18ab4ca7bb691c45932a9961cbee57cb6b5b2
x-chunk-cache-v1/chunks/data-000011817471.z	42454	99ce318b7114334cef57e6e09c979ed4f1094346fcbe802db502a5962e335c07
x-chunk-cache-v1/chunks/data-000011913548.z	45700	68a12f61b164c2c658e4da2b17fdfe0f129f292a77ad4029f1402e2fd1a77447
x-chunk-cache-v1/chunks/data-000012009625.z	46279	e91415a979b93776655dcb024dc43c884dae364b106c7710ad1b8c355bbbc5f1
x-chunk-cache-v1/chunks/data-000012105702.z	53616	3042a36e0f171eedd9824bf5c910151552377b9f02657d4f76416111745c7f90
x-chunk-cache-v1/chunks/data-000012201779.z	42966	7e6789adef2ae55f716f907952d118d1704a40e68d45d92c9af96e1f6a03cf28
x-chunk-cache-v1/chunks/data-000012297856.z	47393	14a5e83d96fe12d8a455998dcc00b8c3b20b65f9bb338dc8e046a97186c0dc8b
x-chunk-cache-v1/chunks/data-000012393933.z	40803	56843b1d9cb7a11b2434c1f12bf2ec022de89ed0d373afbebe48f6098a16f90e
x-chunk-cache-v1/chunks/data-000012490010.z	44579	8295bdb909ca85cf2148e855a64a62e450ec6860defbe23df24294e8a6a1e8a9
x-chunk-cache-v1/chunks/data-000012586087.z	43657	1bec6cf77192f634310889647a7d5eacc5ac40793723617164be99ece3776bb5
x-chunk-cache-v1/chunks/data-000012682164.z	43028	ea497dc9f4c9e3f931993fe4fc59adb198692df3d856f820706a0c13e55149b9
x-chunk-cache-v1/chunks/data-000012778241.z	41681	aefa287a849a5aaafb854aa1b50b1a645d0fb6ced295acdfefb77373b67940da
x-chunk-cache-v1/chunks/data-000012874318.z	41006	c452961f7a87455a6ce490ade84a2f77ca55997114525dba5bcfb78ae87bae8a
x-chunk-cache-v1/chunks/data-000012970395.z	41231	2d56b362dc8b052c6a927df38352acdb2b06b7e60e70c7c980dde7e2e75eced4
x-chunk-cache-v1/chunks/data-000013066472.z	43475	7499e8ce4fb818a6b5cfbcab004ffdc41bd81f6ef0af877dc4a997d0512eba5d
x-chunk-cache-v1/chunks/data-000013162549.z	39400	c8b8c2412db44e61fece70eebbe0fe3495576d7b7d5fa71a0b1854a2ad41a3fb
x-chunk-cache-v1/chunks/data-000013258626.z	38768	d904372ef80db12fecd5821fe0c1a704a6fac8e844a1906de6e815dd4aff2b32
x-chunk-cache-v1/chunks/data-000013354703.z	39007	5fe5a8fd8ab93bcd98158ad98a1b4989a748baa5a5a27a4eace0773af4e44eda
x-chunk-cache-v1/chunks/data-000013450780.z	39823	a0f127c4fdf44a92fd148ccb20200b3676568e3e59fd4683d321690241ab8905
x-chunk-cache-v1/chunks/data-000013546857.z	43184	0a66765967cac53a9bea3e20819db80551abed12b235008249e0a1e08b858c98
x-chunk-cache-v1/chunks/data-000013642934.z	41022	d46b9424479e67ccdc05afcc3fbddec5644ace5eb033db5065983262300cc7fd
x-chunk-cache-v1/chunks/data-000013739011.z	40973	65554ddbc404401d8160c31aa4ace0a5b6b0e7016a2d0d6eff77a8569ce89589
x-chunk-cache-v1/chunks/data-000013835088.z	41870	fe1e34e6b79001842fc563116a3fc89d3fd1895254873f9bc92d141c5dc61498
x-chunk-cache-v1/chunks/data-000013931165.z	45403	d12f3f459cb574e5b3accf8c2d2bbb820809c54b9d43f56ea594cb822e2a322e
x-chunk-cache-v1/chunks/data-000014027242.z	41561	b3d46fdc70e81fb617364c72d1c1472707ce292f6fea0e4c141fed33e5988e10
x-chunk-cache-v1/chunks/data-000014123319.z	41397	e535634e6fc6d0a6fb5a18831089a81918d17d5773a70249a69426f528e60814
x-chunk-cache-v1/chunks/data-000014219396.z	41647	623d3bcd83a319e4af41d96a8c8b4b960e05bb5f40e01c37726553ba32cc4691
x-chunk-cache-v1/chunks/data-000014315473.z	44134	5bff2661a35ab3484ea8da68c47ad47364e12bcbd57b14047127ca2089cb89d9
x-chunk-cache-v1/chunks/data-000014411550.z	46309	ea93f9211fafcb7fd68fe3bdb24da2a38e6354b0d1c4ffad447ba1e5a8046d3a
x-chunk-cache-v1/chunks/data-000014507627.z	41675	9267fb0dfc03b8c7631422b61063fef1d3bbd14c54941cf4aa325f436a16e605
x-chunk-cache-v1/chunks/data-000014603704.z	43286	9de463281e4b60f5803a15f75b757f9c40bffeca51c7f1c1edc63ffea431b498
x-chunk-cache-v1/chunks/data-000014699781.z	46648	130fe4fd1904bb879211872f200dc03fecf9c67f38c0549199618a8384b07be4
x-chunk-cache-v1/chunks/data-000014795858.z	41068	1fede086281686e81f492bb6749c1aefa5c99da1e8ccfb9a0c51fe6d37ce1218
x-chunk-cache-v1/chunks/data-000014891935.z	39303	ad0070d6ae50dd258abde5221137dbda00e954c813c671a0423c82c1752e8c41
x-chunk-cache-v1/chunks/data-000014988012.z	39831	2f0fef01dc2e15bf51628668406d43b29d38c94400864205a57794e2dbc0a9e6
x-chunk-cache-v1/chunks/data-000015084089.z	49245	18530710a735f29ce90de75cbdf7e47e1cca4f9fe77c3aee19212f0bbc2ab74f
x-chunk-cache-v1/chunks/data-000015180166.z	45724	9424c4d3cce157a4769ddecc80506e5728953352b3f6c51d51a731a2707161f8
x-chunk-cache-v1/chunks/data-000015276243.z	45900	9e3f2516b47afe2b466d7b9554e7c15df581a48525c83fa526c4940e8482ce1b
x-chunk-cache-v1/chunks/data-000015372320.z	44586	35b4f5f1178acd9491a6811a9a21fae62d0f593eb699a2d1ddc05e290cf47713
x-chunk-cache-v1/chunks/data-000015468397.z	44300	c41f73965b3ca34acf217d664760e7c3329696228b259446a991328a8b6b204f
x-chunk-cache-v1/chunks/data-000015564474.z	45140	03c04ec35fc15efa5b84d470a322d89652d20179b1558489ac5bdf4f7150c5b9
x-chunk-cache-v1/chunks/data-000015660551.z	49863	a76d192fa403f9f2f805a3195ab1607c22cc20423c87810f9378c2adb322b378
x-chunk-cache-v1/chunks/data-000015756628.z	47752	5646e7e85f8e75f6fa53fc0af78b31fc74e64f307d45dd77b8f4d9e2e2853f64
x-chunk-cache-v1/chunks/data-000015852705.z	51600	ff3765c39257954ea64552d80938764759aaf8df8d794898bf86c615e6149631
x-chunk-cache-v1/chunks/data-000015948782.z	42796	d10d4d02766ddc77d9c6ed9cefee11fd7b54f89061b53a35d45c45fc6f59c045
x-chunk-cache-v1/chunks/data-000016044859.z	44610	4793791993ff7cc0418c184b65c9f44377d95b2d75bc458de39b541032ba3853
x-chunk-cache-v1/chunks/data-000016140936.z	45756	2ba24959331b78448294d3d22e9f1c258f5ca5075c0fbd1439979f583729d078
x-chunk-cache-v1/chunks/data-000016237013.z	42847	c51d2431aaa9bdcc1bfa5db0307ff03e47a8794e323c31b7e18adb28b63a8f47
x-chunk-cache-v1/chunks/data-000016333090.z	42877	c9fc950db7f920efa3e0d7c3a9dea055e2b3c1f34d1c8093f08fd5fe516a6835
x-chunk-cache-v1/chunks/data-000016429167.z	43055	51a8a5d94a789bbbd16e5c7ac305c4e66ff00b8b2ece237e8cf3eea142d85d9e
x-chunk-cache-v1/chunks/data-000016525244.z	44048	702978804e2c98e76bade1e4b19b4605646572fcacb4c3bcae0802cc9984a484
x-chunk-cache-v1/chunks/data-000016621321.z	42136	02e1df31fe2e528ff3ecfb1a1b292be38fbf1e27cc28ef9ce9e4678247b6d710
x-chunk-cache-v1/chunks/data-000016717398.z	41517	0f553ce63d8a7897f03b7b8deac6f0c1703a2d880fa8606ca8ca32787ea05f4e
x-chunk-cache-v1/chunks/data-000016813475.z	45362	5b6215c001c8ebc5a85006dcfbb03267c227ca048fa6ba8bbe1ea00fbed3d071
x-chunk-cache-v1/chunks/data-000016909552.z	39972	620e2bd2bd46593cad2982f5d21abcaba2069f75aa64f0f43230d8feceaa8671
x-chunk-cache-v1/chunks/data-000017005629.z	42303	da790b8fd11f1fc2aca5b0d72c5897f19e789e51886c72e91172f6d8fc48e1ed
x-chunk-cache-v1/chunks/data-000017101706.z	45328	0d204233798ae8875d36c63c3a5a00d37fac822daa459dcb8f51ebf7990bc328
x-chunk-cache-v1/chunks/data-000017197783.z	41280	fd6adadb90a425ca2da064621965764826c6966d99a769a6d24f03f256e6233f
x-chunk-cache-v1/chunks/data-000017293860.z	44187	544a27ee77951ef015d18fa7328aa93f9379ad4901bec8b375141aa82892ac3f
x-chunk-cache-v1/chunks/data-000017389937.z	42745	e3deca2cb66fa9097d42b67878836c131c763d496d996d538c4bbb64adc409ad
x-chunk-cache-v1/chunks/data-000017486014.z	42721	7e9e38fb3687f3e8624f7aebb2fba16ec953c390944588cb62ea221af51e8553
x-chunk-cache-v1/chunks/data-000017582091.z	45402	c69e9bf48960e6844bf6b0f6af33c835ee5f5f012001fe97bd0af1a5ca4e7c30
x-chunk-cache-v1/chunks/data-000017678168.z	40305	f3b6f4d1e7eb95a695f617b5433650cd91c2d3f3907838417bc939bdc388052a
x-chunk-cache-v1/chunks/data-000017774245.z	44087	37510b11beb14f34d4babee71c6212d1c1416714497025ea0578e3ff4f89558e
x-chunk-cache-v1/chunks/data-000017870322.z	46196	544fb440a22902ed6ba900647fb4d956e3007633d0f7e8bb8de4c133fcdd4729
x-chunk-cache-v1/chunks/data-000017966399.z	42123	6673e52771838070332074d9e6d93074a87bcfaee8d2827f96695d143721f139
x-chunk-cache-v1/chunks/data-000018062476.z	42705	fb8277c67bda72de56d34470bebedd96730ef5f18552877cf5f36ed84b572d90
x-chunk-cache-v1/chunks/data-000018158553.z	43625	c23d51768d183ff0c04f3e1587af9d0dfbb03dddf996a3a004bb252be6aadea5
x-chunk-cache-v1/chunks/data-000018254630.z	44607	446757ed7f5f0343533843fa658f03c624dace61f9a7f4d77ec5ea368f91203e
x-chunk-cache-v1/chunks/data-000018350707.z	42202	72b5d712806e49f136ac53ec476a936c19399515b5d4d427b09bcdf6777aef50
x-chunk-cache-v1/chunks/data-000018446784.z	41475	01c5c10fcc9b3f3dedcce6ec7ecb30c7fa4a742e9d0830c58e2c1f048b51a5b8
x-chunk-cache-v1/chunks/data-000018542861.z	40152	ef71cb5b83aa203d7871716a9a589f275bd62b3e6fec27a6efe2e31d4553385b
x-chunk-cache-v1/chunks/data-000018638938.z	40832	bba3f927b514f299d03d3f6fb52ddb4cec4750a35da2d8d1ded6406a509a68aa
x-chunk-cache-v1/chunks/data-000018735015.z	44327	f0aaeb866607da5d95df862b9f79f72aadc8becfdf2f664234b6da02700da195
x-chunk-cache-v1/chunks/data-000018831092.z	41135	3b2c49ee490b057f0c1a9cdec2db602c387773347da965786ba15be3298ec5e1
x-chunk-cache-v1/chunks/data-000018927169.z	41476	a6bf905a0b16dac80669be0324700da2a0d21f6b0b46b0cf5f9568c7d11eb60f
x-chunk-cache-v1/chunks/data-000019023246.z	43261	1d2335c37aaa48d1650a280c7c3302b1f0858b492f12dc5ee2622d1ef550c1fc
x-chunk-cache-v1/chunks/data-000019119323.z	42477	39fe9bf95da643438e15bd4aa29d1d0c9eabd81473636817bf0d505d301d4dfb
x-chunk-cache-v1/chunks/data-000019215400.z	44204	4ebb820209c4396e51d177e003cfec52ea2015d8356be005eaa41fe59de3652a
x-chunk-cache-v1/chunks/data-000019311477.z	44131	f11ede59ddd89f10da9cffc21aa29bf13bcdb2467fa76fad566bec41f8ac022a
x-chunk-cache-v1/chunks/data-000019407554.z	42877	3614a77aa8f64ea606aed8c44d0073272d2b02296f206dfc6ad02ee5196c99fc
x-chunk-cache-v1/chunks/data-000019503631.z	44389	f45be4d575cb2186b3c498dcae75b8df33f32613af78c7df98bd88ab98aa9319
x-chunk-cache-v1/chunks/data-000019599708.z	43312	2df1548f65470c6f563afc2c8419982384ed9ad934d0a450aaa26451a3bc63b1
x-chunk-cache-v1/chunks/data-000019695785.z	38490	7319f2eefffafadc226f5539b4d35eec311d3e0b16f77cf75f63e5a9ad23c676
x-chunk-cache-v1/chunks/data-000019791862.z	41569	4e8177cf8747084fe0c7a7f8688597a7d6b7e319b4e6309c02ae5c98b2d04044
x-chunk-cache-v1/chunks/data-000019887939.z	45539	8adb193c6ee6d66fd8334e53a5f7f03beaeaf99638ddc6ad9064bdd7500f1b2c
x-chunk-cache-v1/chunks/data-000019984016.z	48546	b0f9d1c107a61b8be1f3599d1a6a1946d9da6bed283e8b3cc33269be8aa7a387
x-chunk-cache-v1/chunks/data-000020080093.z	44059	79f739b772d6759b4e863d9576482b2db8f376ad6b813be94db11c3bdc9e0a2d
x-chunk-cache-v1/chunks/data-000020176170.z	45177	3eacb307925a5de53279e9b447119045fa339fdc2ef271dbecf483adc61e8b5a
x-chunk-cache-v1/chunks/data-000020272247.z	45630	420ac13a79457387c4e00acdc5244199e39efd0b68bf655fde3bb4f1eab4dd23
x-chunk-cache-v1/chunks/data-000020368324.z	44641	6082fda481b44f095e0f00ccf8d9d37dc53a966841a99f9eb49044bd3c004353
x-chunk-cache-v1/chunks/data-000020464401.z	45349	60318ddf590bf689bd4f605011e09d59398c1e2e1c5c09bd9cea7ea5ed08a169
x-chunk-cache-v1/chunks/data-000020560478.z	42217	f2c0ecd516e8d96134f5db52ba03db1090f7de3f82be097e02a266a256ddd55a
x-chunk-cache-v1/chunks/data-000020656555.z	44319	7da8d8b1c88353789f5b055cf54a476f1c172ce5705dac3f34b35f43f7318198
x-chunk-cache-v1/chunks/data-000020752632.z	43416	d526a25fc8600fd9b63fb05854bcfed2d6e6df87d766244b3513f68055789534
x-chunk-cache-v1/chunks/data-000020848709.z	45185	78954899e5f5b49e422d34fed7a10127dc8b68bba858f1bef9a28d5c7dd5f2c7
x-chunk-cache-v1/chunks/data-000020944786.z	46398	c947a13635566e68d142e2b0e49cdcc64806d533348b79e66420b7d0e6cf70c0
x-chunk-cache-v1/chunks/data-000021040863.z	46518	82d3d16c581763967f85fd57ae47aa3d78ce388f9972efcea8460ffa753e2208
x-chunk-cache-v1/chunks/data-000021136940.z	46721	a12e034b657395f5e66bf3364bdec365f680d770a81c4d85a4a750afe0f5c51d
x-chunk-cache-v1/chunks/data-000021233017.z	44504	4a79e211d19119035e7696294b30caceb6af1854cd0929d09b7f33f226bcb2ab
x-chunk-cache-v1/chunks/data-000021329094.z	46647	6ede336648c71ac469ed60e04c25b1c65c24b3d5d66dc4cd1acb0c99a52b9cd3
x-chunk-cache-v1/chunks/data-000021425171.z	45511	f5c8e70ce7ff65df38e8bd9364a9debdd365eb45c9a897e0a108fed8da4d9f39
x-chunk-cache-v1/chunks/data-000021521248.z	48149	f0c2a58eac0785a070eff5236c856579fc9d8d796433c7e9343573bf8d2305dd
x-chunk-cache-v1/chunks/data-000021617325.z	48420	29e629650176fe9a427e8141e14bed66bcd4cd907eb4ed88a478431a9f75f637
x-chunk-cache-v1/chunks/data-000021713402.z	45447	24fb2b19f1c7d41d48c4f6aab866100e1add1800eb95fa4ec6cc3e7da3320c4c
x-chunk-cache-v1/chunks/data-000021809479.z	43158	d79a823998a11176ee3b021c2e48c17d4430c595b49d81d9a97abef6cd394d56
x-chunk-cache-v1/chunks/data-000021905556.z	43443	6f694e3d97c6ef6b46358dcf9a32909e6847fc6b3af3142d0254a580d3c1b31a
x-chunk-cache-v1/chunks/data-000022001633.z	46492	8f41275fcb822728155895aa57d1915e2932b1e9fe2fe7fedd8ad9ca63080728
x-chunk-cache-v1/chunks/data-000022097710.z	45330	dfc9de3b976b8c72c62bfe3fc38a25cf4bcc45610b779d2ad4eef2281930175e
x-chunk-cache-v1/chunks/data-000022193787.z	45333	7cd1357cd5710b96e1dd1af7fb970b9c514df86130b33524763ae8b3cce49848
x-chunk-cache-v1/chunks/data-000022289864.z	42739	4b0d57c96f34c3c1e51d0da4868931c53fdc3ba019ce5776b4a239674d301740
x-chunk-cache-v1/chunks/data-000022385941.z	47350	462513e83553ad021c63bf237047c83b2f35ab569ac171f5d69aa8280edded6f
x-chunk-cache-v1/chunks/data-000022482018.z	42225	57be160b4d1174c0d4223ee57539bcc2cb5c2d61885b9e58d9ab3e9f7955015e
x-chunk-cache-v1/chunks/data-000022578095.z	42479	4b59435f2fa6c0b3bd751e9bab92cd12394a688cd153ed0863168b8e1200cbd9
x-chunk-cache-v1/chunks/data-000022674172.z	45904	8a543462e424c4065d02b6184c9c7adda6658d39020d6cf8ac1d8d3a21918789
x-chunk-cache-v1/chunks/data-000022770249.z	43058	0d480a52bd7a7435695cdedc93a0cb7d51dd51e783ec9e4c050743dd8abcd70b
x-chunk-cache-v1/chunks/data-000022866326.z	47448	bb40edaf0daaa175fc8f31dec57b5d6efa601fa39bad6406c42b279e50cc0751
x-chunk-cache-v1/chunks/data-000022962403.z	41378	bc296eef2de46646df9d662eefddf3fd250aaf4a9325a77453a3e2577d6129b9
x-chunk-cache-v1/chunks/data-000023058480.z	47600	1bbf47ee8dda9f0378131b07e113d3094ff099dbc484762c73c3c2b7a91787f4
x-chunk-cache-v1/chunks/data-000023154557.z	44296	c35e5a8ef5fbbfc279e97d4580c94564810a37ff1dd417d85d55fee09bcbdb03
x-chunk-cache-v1/chunks/data-000023250634.z	44989	84321448088f80fda1d698fda6fe264bbcd61eadf49a372837170f8d5c464895
x-chunk-cache-v1/chunks/data-000023346711.z	46856	b11a753025401091791bca1d983f744434450e871433516189992e39ac10efd1
x-chunk-cache-v1/chunks/data-000023442788.z	44913	735a0c665449d070e21801458dedf59fb8ab598656fa8e36888135224d113f5f
x-chunk-cache-v1/chunks/data-000023538865.z	51351	bfaf109d96749494da28151b75a7a1cc4ce8d45f80a195ab2403e2c887cbda36
x-chunk-cache-v1/chunks/data-000023634942.z	44487	75d28db7e07d05a3f432c9a80c2b11691d9e2fd64d4972d077326dd69c707ea7
x-chunk-cache-v1/chunks/data-000023731019.z	41396	31279519c865169dd303b22e29e70ad7aa6d777f96a115dea6b30875b95e0e29
x-chunk-cache-v1/chunks/data-000023827096.z	39749	6ed0a2831978a134972c88949bf550df4b32bdcb9097c70d17c3a9d417242177
x-chunk-cache-v1/chunks/data-000023923173.z	41995	b7cdfada83ba702990a83eecbf6bc5fad354f9bc3c6197f10238434fdfc0dab5
x-chunk-cache-v1/chunks/data-000024019250.z	41891	6d4481abe78cbc29427502d6ec9f1b857d0f9f01d056d31b38b09bcd6e77327a
x-chunk-cache-v1/chunks/data-000024115327.z	42635	ea90bbeadd5bd1e440014fc4e0f5bf61ccedfacd700717bf675638767a5f2083
x-chunk-cache-v1/chunks/data-000024211404.z	40305	63a4da1150c1ecb4c55954e491b142774e739c0f306af3c32b01b136d8b092bd
x-chunk-cache-v1/chunks/data-000024307481.z	40277	de17d0b010c9d10ba7fa6244806b54ea6c936dc63dd6fea921445d518848172b
x-chunk-cache-v1/chunks/data-000024403558.z	39380	03fd72f19e72e0ded03e1489688beeb9d2e3eee33d76ab9dbec38e9196e8c6c3
x-chunk-cache-v1/chunks/data-000024499635.z	39662	65b7d79483bf280cb2e41268c7fcb28dfad0a3a5e19b7404dc317455ecdc9fda
x-chunk-cache-v1/chunks/data-000024595712.z	39520	ebcad2e7c54e1b04256aaf7e4fe4a369c2a54faf7df188710b0c0f2c17e6ea9a
x-chunk-cache-v1/chunks/data-000024691789.z	42519	48e40fa0131246601c1c984bffb5f56043cfd136c93ae83081a1a44cfefc14a1
x-chunk-cache-v1/chunks/data-000024787866.z	39664	aae6f6e4162c84b224678656ed370381040a67c92d1d55dc83a4a196edcc48e9
x-chunk-cache-v1/chunks/data-000024883943.z	38996	7408cb358ae6fc2d87c06ab214d20f21db32ca11c5356cfb3ef6baa2f79d599b
x-chunk-cache-v1/chunks/data-000024980020.z	42965	27d50c95f581be4116414848c4e4bf8fc1f2a5ed1705cb900ccde3759e9dabc7
x-chunk-cache-v1/chunks/data-000025076097.z	45883	e792e9464a13213551624ff7f065c60dd74228e71eddda74f7541a603dbcb248
x-chunk-cache-v1/chunks/data-000025172174.z	41381	5b9cae11b888c3ad4674d8d48e7998481469afa456a9aeed4e6f8172da99ce4d
x-chunk-cache-v1/chunks/data-000025268251.z	42617	57615f9fb73de7c9ee595e6c51088d10ed55e2d03e9c64ffd8e8ea79c5515cd7
x-chunk-cache-v1/chunks/data-000025364328.z	37948	82ae5e810292ef9c34ea61a73f3b8ba6e62c557159bcebfa93c0ac4a43e10894
x-chunk-cache-v1/chunks/data-000025460405.z	42910	01fc80f2302b9905ddbf19d68f0da54d0bb48b9776972c157c288eea38aca1b9
x-chunk-cache-v1/chunks/data-000025556482.z	39104	b5770c4437abddbdebe8674825a82903ad46a2790195da1a7d29f01fda6d99ca
x-chunk-cache-v1/chunks/data-000025652559.z	40013	7726c272c4273a1561bc4667dfd8f361e726a338e517578384d10d7c517713bb
x-chunk-cache-v1/chunks/data-000025748636.z	39036	23d10df752339ce3cd768962a4e4585878d6e08fef5a8337b4c0cb036fa7c130
x-chunk-cache-v1/chunks/data-000025844713.z	40715	8e2fe9d89d532bee41006ab0a99c6274967014b75b2ec1f742225597cd8a4ec7
x-chunk-cache-v1/chunks/data-000025940790.z	42012	73eee79cf665afdf7dde5b20f75d72d5728bd79ddb0f9fcf9456f907d324128c
x-chunk-cache-v1/chunks/data-000026036867.z	37324	7b8a4d7b2f1db15f450fe17e2f0748056b64864e1439a9617f19b92cc1f3d278
x-chunk-cache-v1/chunks/data-000026132944.z	38428	59c962aa67f59b8395ac9d0c0f5cef8919019ba1000c8b708d44eabf7c0d7a85
x-chunk-cache-v1/chunks/data-000026229021.z	37785	b798cd3a4acf3c178489bccc0b9a8f72d62db350fcc258c1579253d5e03037ba
x-chunk-cache-v1/chunks/data-000026325098.z	37682	3137fc4f78c93b28e47ba559b340dd8201ba69bce4301e3bc350d3c3f188fafa
x-chunk-cache-v1/chunks/data-000026421175.z	38402	23bb365f8c1d4a844ec9c9e38b7ad757673c742d1b08ab53ea85f4dcece0a9b8
x-chunk-cache-v1/chunks/data-000026517252.z	43022	ded432716c87e4c264a9d260da3283a43e7a344163bfb6d2cb3e892e6eacf566
x-chunk-cache-v1/chunks/data-000026613329.z	40834	c264b9f52581b2860c8400008f3d8dbf99bde195d208b85bbd052b1db765840b
x-chunk-cache-v1/chunks/data-000026709406.z	43690	3b2a5960f532dd97f48f5a2940138a1444390bbaa463b92e984485aa11dbda6a
x-chunk-cache-v1/chunks/data-000026805483.z	45201	81bbf45eab1a4c2c8738bfd9911bb52b2cc4069a76118302125693c1d6c83ebb
x-chunk-cache-v1/chunks/data-000026901560.z	40259	caf7547026f65b1ee2fbc4693f2c48ecbfaac7fa9eab2ac779ed4bcd41466217
x-chunk-cache-v1/chunks/data-000026997637.z	42281	a60d24e73a1d2a3e3f38f0339ef527b2fa0e5dc6c79e397855bed28818ef1fc3
x-chunk-cache-v1/chunks/data-000027093714.z	39444	43750cd3133f44a94ad2bd651384f2e268c9a1cd413d77175e66557b4f68cab6
x-chunk-cache-v1/chunks/data-000027189791.z	38705	3453a4412f3a467cc4901f5d235b441acf765b4087dc3c7c3a866e932395212d
x-chunk-cache-v1/chunks/data-000027285868.z	42191	f98d27326357e733bc9835c8fed3dcd904706dcc98d80096d2d1823b83e7a6be
x-chunk-cache-v1/chunks/data-000027381945.z	40824	96e7116033f4e03b854f68bc70180a01cfe769a294fef343c70ea3872087ead6
x-chunk-cache-v1/chunks/data-000027478022.z	43441	a440fb8ba0bf153e5cf4be5f1e6f6a89784caeb7fb3aede2cc9c2a39b0b91bf3
x-chunk-cache-v1/chunks/data-000027574099.z	44140	11c6a1a2d60ea0168641d7d1f1ee881ac4f5194480798948f96a9fb689de7ca2
x-chunk-cache-v1/chunks/data-000027670176.z	41809	4822155675ebb706488e4148e279621f0538d907fc957d70c73d0b8a005a1fe3
x-chunk-cache-v1/chunks/data-000027766253.z	40178	7e544064e8bde57eead7ba4ac4a0f54d9a5af9527ebecb86c7820a5268ca1113
x-chunk-cache-v1/chunks/data-000027862330.z	41838	9953f8bdbfda74dc4fc96d007f3e26788d72308fb732f44087f61c75bc8f0cdb
x-chunk-cache-v1/chunks/data-000027958407.z	44766	03c943831ecc918c85eaf8d5d9409aa26c3ba2b870267c1fb6625091f61ad4dc
x-chunk-cache-v1/chunks/data-000028054484.z	41675	7a9e3170a7c17d4d2ae8943efac00309877b54570bfa95da53bdabf7bf3befa3
x-chunk-cache-v1/chunks/data-000028150561.z	39365	8556e70872c4f26abfb041a3c9f2f90b327bb428f3a5f36eff03000a5c7b9ede
x-chunk-cache-v1/chunks/data-000028246638.z	41643	5bcdac09d7a89e165999ebbf616aaa388efe702ff93e852e012b0df9815a87d3
x-chunk-cache-v1/chunks/data-000028342715.z	42839	ba84ba52b17fa5ddb87af88d5d9e4ee4418b2d065f03e85c7844b84602596620
x-chunk-cache-v1/chunks/data-000028438792.z	44339	1a64ba300f060f7bb5a0641468ae24bde7f199c0240a906bb61aabf04d186ad2
x-chunk-cache-v1/chunks/data-000028534869.z	42556	ac1fbf3e05e8e0334617454113adc40b5b01540e08cf4cffdd70c31ffedd8485
x-chunk-cache-v1/chunks/data-000028630946.z	41324	9ab4bbad508eb3613b2e6dc40399fd2be0989b8bcc1b682ade4b34b90a230755
x-chunk-cache-v1/chunks/data-000028727023.z	44724	efd65c377cfe632e327d56e3a39b99e70562ef1693a235fc06ea354dded62e52
x-chunk-cache-v1/chunks/data-000028823100.z	40812	0096e94ce99bbe9e8662d8b2c88cf93e1412633a7374a73243de41f958444ff3
x-chunk-cache-v1/chunks/data-000028919177.z	40254	f8804fd1b0974a97e031f673b31c179dc7e262efdd11cc09f197b0fa45db28cd
x-chunk-cache-v1/chunks/data-000029015254.z	40039	f8e0c2de9b1bbc6a7365bcc223b86db0de2279ca6823caf9d914a30b959f8ba3
x-chunk-cache-v1/chunks/data-000029111331.z	41967	412112e862558ef306f7fc0b74aed6d36dd811d67a170f2eacda98fd4e54ae67
x-chunk-cache-v1/chunks/data-000029207408.z	37278	336f48602ecf0021387fd7ce992d2820ae36c88d2d198d0223e9a24b8655aaa9
x-chunk-cache-v1/chunks/data-000029303485.z	39803	1793c342998ed0c586c6ffa097cd6b9fbff39775432eb0f4a6a0abc76f066bbf
x-chunk-cache-v1/chunks/data-000029399562.z	38368	5be2819deae9e8c58ea8a76bde13620b81a34b87fa1c69ee76a7e2a6cadde464
x-chunk-cache-v1/chunks/data-000029495639.z	38248	5b5f37336b72a4dfa75c83095958c671bf943d54265e2273e7078c72d8172431
x-chunk-cache-v1/chunks/data-000029591716.z	37498	1e23a1ae53f044f64938a64fb29446bdea5b9e855e2bef24d7a055e744a9c48b
x-chunk-cache-v1/chunks/data-000029687793.z	40915	4893b486bc0d79503d481db60db1258ed51a7a2d35ddf8d172b3d18a392c6b36
x-chunk-cache-v1/chunks/data-000029783870.z	40766	1bdbfc6b3477d81573133eccfbe3197d3b104d278fa15da4988f7cd43e60611c
x-chunk-cache-v1/chunks/data-000029879947.z	42555	afad6decab095d6597d19329d370d4669f0918065daad7268ecdaaeb4ea07271
x-chunk-cache-v1/chunks/data-000029976024.z	40656	5e3a75152f10753342c62cde233e449fa500e072cc6eb5a7f5c7f24f7ba4c4b3
x-chunk-cache-v1/chunks/data-000030072101.z	41999	9aba297ac82729311f0bd0dc69ed6b45d860347166c237e7393ce833980a619d
x-chunk-cache-v1/chunks/data-000030168178.z	43736	25bc075a7bbd02d7cd4414f82416558141b91f4b317dda5591bed47a4e6f9632
x-chunk-cache-v1/chunks/data-000030264255.z	46756	6f71c5b2de9943cd7e0ac5b703cb1946a19a72f5047713054365337c24da05bf
x-chunk-cache-v1/chunks/data-000030360332.z	40061	4633df4303b0005aca1aa0bc98f20a56fae93d90ae25c782e9ef7f316e203a75
x-chunk-cache-v1/chunks/data-000030456409.z	38983	f836cc8d38161819b1e26a084a03e13f5f329e9dd16e5355a02a14626aeabdce
x-chunk-cache-v1/chunks/data-000030552486.z	40642	235a5b5b8eab4d0236400a808385af2ccec92fa076ed0ae7ecb9a6d130bcc890
x-chunk-cache-v1/chunks/data-000030648563.z	43605	1e4ba34f05b16b80e1ea1b1e8e2d0310f1a1a2bc98c25557ab20e0f8491ed237
x-chunk-cache-v1/chunks/data-000030744640.z	39193	46e59f0267ee58a23e5dc3864bfb56b322ce6fbce2388fb3df36e8c79355cf76
x-chunk-cache-v1/chunks/data-000030840717.z	39829	8f6498517fdd249be142805a5a3d08823d267c2f545e8ff33fb0ed7df6eb6c4d
x-chunk-cache-v1/chunks/data-000030936794.z	38049	455e6db81e69428d626ab98d1691bc570e8baf3997d3762277e80e282a57ce3b
x-chunk-cache-v1/chunks/data-000031032871.z	39361	3d7b5efcec4ff4e9933e9afb7d5fe46910f3f06f33fba6f70ad76d211d4f985b
x-chunk-cache-v1/chunks/data-000031128948.z	40488	62064d47d3e2188bad6cdaa317fe5b44d0d8c1a4f187a432a4ad881617e626a4
x-chunk-cache-v1/chunks/data-000031225025.z	40323	2d56d671828fea50576af6a221fe454a081d353332d9b09bcb162fd7dfbf4dc2
x-chunk-cache-v1/chunks/data-000031321102.z	40456	95514ee4c2b4477e0a7dd66de4255f69137368c8012bd48bb7eff198343b959a
x-chunk-cache-v1/chunks/data-000031417179.z	40387	f7faedea5b1a74d3131d78d1cc5e9018b38d0e57545458fa34f7adccb23754f9
x-chunk-cache-v1/chunks/data-000031513256.z	42088	a3a6f77cb44958151e5bdbe424378b8fb55bc4cc1bc44384f3c847046dc29bb2
x-chunk-cache-v1/chunks/data-000031609333.z	40556	134e39869c5dd39fe0b0683b87739f48e7e9b8dd5fd12afb2efc21874bc32c27
x-chunk-cache-v1/chunks/data-000031705410.z	41555	bec336136d9d63ae991983b0f1add50b9965d07ce9ae19a9e5a2c2d0809adc79
x-chunk-cache-v1/chunks/data-000031801487.z	47318	9ccff89c8f026c0ffd925d634768712a8810b9aaa844cd8b73472b73ee8da30e
x-chunk-cache-v1/chunks/data-000031897564.z	42327	135ff221f51ffdbfce6420e97de1f795ee5ff4da1f521e892d47559d94270bc3
x-chunk-cache-v1/chunks/data-000031993641.z	43276	c9a7d36c5d96bcbc3ac0580575afe97f832c7a8fc9ff70bad8c11ffd6f13a068
x-chunk-cache-v1/chunks/data-000032089718.z	43719	701fd858d5c7dff1fedfeef1d26c82de552a31013bda34f19f348a6d7c6c7605
x-chunk-cache-v1/chunks/data-000032185795.z	43635	c5be64ad62625f0e549d826d67d5ad02eb41ce0c9ff8e17162b0599a07ea71ae
x-chunk-cache-v1/chunks/data-000032281872.z	44062	6a333de2b8cf98dc22b46c36c92e419036e3d85a7cc31a09bd7781a07c59e8d3
x-chunk-cache-v1/chunks/data-000032377949.z	41385	b81f1019fcf0f6163fee7f5152f17e9c677221431a84d82973de880a5159a548
x-chunk-cache-v1/chunks/data-000032474026.z	43615	eea210cf81a6fc651f14ce3b13166c2ae5be7b4ccee1ada6be571ac0f583c2db
x-chunk-cache-v1/chunks/data-000032570103.z	40932	672d5bf3106ebdf795936be78fdfd5c03fd8c65b67217222e6a22681e8237c25
x-chunk-cache-v1/chunks/data-000032666180.z	38416	cf4ebcc14bb03b055eb00cc211011c10f37409afb1deab29c29c01c7233d8e6c
x-chunk-cache-v1/chunks/data-000032762257.z	41526	2360f67dcc04a2e3b37be18cdcb6bd0058c64727b03e827a00b5e89fc34b3065
x-chunk-cache-v1/chunks/data-000032858334.z	44853	75000ad95a950797fb09afc61b64da7cbb2f43621340437de6e908c24c5199b1
x-chunk-cache-v1/chunks/data-000032954411.z	44640	ca234f09be263d8237986de2ff9d658837dc63f2855bb87960d7cad6a3c32c54
x-chunk-cache-v1/chunks/data-000033050488.z	41641	3803764983a967bb1bbc273cfd61bdfaa8a1033a6ec933acf054d74477b798a7
x-chunk-cache-v1/chunks/data-000033146565.z	41671	8cb8251789ed842648d3439f1e0b235d8fdf25229e96e876d3f7bb8dde2e7941
x-chunk-cache-v1/chunks/data-000033242642.z	44449	b5f07c3600369e2f789716c1068ae0fb8c3d67921f918c5319e9f16bdc3b9cea
x-chunk-cache-v1/chunks/data-000033338719.z	39710	625f80937e4f6dff9480c3ed9139d63bbc6d67696c499def13355da3d0bfcd01
x-chunk-cache-v1/chunks/data-000033434796.z	41945	d7e5c4125e1c56679576559da96cb150f7030c57c22e7f94040ad2c2e2a7d2f6
x-chunk-cache-v1/chunks/data-000033530873.z	41241	403ebfea9cf0d9eb59b036d295cb5f79b88e1a8a5016d357195ce6e44a7acee9
x-chunk-cache-v1/chunks/data-000033626950.z	39109	e744a2f96cb44c65b09b7a51e44c098515a7d42a25bdbcdd8688ddc5e73cb1b6
x-chunk-cache-v1/chunks/data-000033723027.z	42419	b1d7f7f6a3a44133fb6d2de6c157441f7fd744bdd44285b111b1337edd02fca0
x-chunk-cache-v1/chunks/data-000033819104.z	44891	25bcb39b9d21d187915287741e27498e6c0e67ed8fe90e38f3a730a24de1a20e
x-chunk-cache-v1/chunks/data-000033915181.z	41653	4393b02251f2aa88d78b526bfc3a7e880ed25551ec04907bca821db117e0b18d
x-chunk-cache-v1/chunks/data-000034011258.z	42538	cb3bf091908e9b567e126273eceb212c0d9038b7e40c6ca5f38adc079c5fe36c
x-chunk-cache-v1/chunks/data-000034107335.z	41205	bcb45a67008a7e6fa3bf8caaa18e55e8993dfec11d88c9cc1b459f6afc8a8a83
x-chunk-cache-v1/chunks/data-000034203412.z	40317	e460bf3f440c282bda693c2184484917643bcb23322fb6a2b7a41d3dbcba5f38
x-chunk-cache-v1/chunks/data-000034299489.z	43147	b2fcf877816329da245434068ca6a18b903907fc88b649cd71e0286ad81030e3
x-chunk-cache-v1/chunks/data-000034395566.z	42247	04c8f5f32dd9bf49852d599faf6e2aac0c4504bfe5fb84c677b1a1c8f43f0719
x-chunk-cache-v1/chunks/data-000034491643.z	42354	9fb143b53b55a4a4e38a7450432234c3f986997fd900cfcb48aa13d44a69aa8b
x-chunk-cache-v1/chunks/data-000034587720.z	39889	3802b989a23078d92e2f6a77de281156f623d378f36216de191406be4b78e434
x-chunk-cache-v1/chunks/data-000034683797.z	41548	3c655536d61ccc4ae412c13cfd18e25d7e7b1d922d86e9e0f34e5f7b0f8596e9
x-chunk-cache-v1/chunks/data-000034779874.z	44036	700dcd438f2644d973084da7de1b238d3defb7a0164e4c22bfb89faaba292af6
x-chunk-cache-v1/chunks/data-000034875951.z	44292	d5cc10af2cc3c59fc7767e73346701c64d29bc39a30ae8edd9a501ba9061b434
x-chunk-cache-v1/chunks/data-000034972028.z	43436	039ed398582cbcf83b90b2754dffcf08ef9d42364656dc03607552ddfbb708a3
x-chunk-cache-v1/chunks/data-000035452413.z	41165	d9f2869a9ef289fa7a82245567b909f0df193b33a6935433b816d41e10fd63f4
x-chunk-cache-v1/chunks/data-000035548490.z	42697	9cf36f2b5c1bec6aa9c94b7c9d3521db5941f832ca6d5588fb1b50dcd7e58262
x-chunk-cache-v1/chunks/data-000035644567.z	45258	346a9b56819730801d48c84322731db24cbd2c4f0deb662102dc0241ff81430e
x-chunk-cache-v1/chunks/data-000035740644.z	44689	3286a499af99bf54ea5a10818a598042e3a3f35f3b5b1f35712dce1d38436d00
x-chunk-cache-v1/chunks/data-000035836721.z	41221	7bf589b67646e3e37276b7d2e65873e1ae2f199cbd4b42e532cab4bab2b29903
x-chunk-cache-v1/chunks/data-000035932798.z	40649	0dee6d900398d74cace2d0032c609e95de2dcea0a0ccdf97e226ed6c7d1ba542
x-chunk-cache-v1/chunks/data-000036028875.z	39989	0453eb92a00e0f773c14efe2a6c41d15d11313085c50928edb324f7a274cb990
x-chunk-cache-v1/chunks/data-000036124952.z	37270	32bddbe464927ef142ef976b6dbfb306bc73e0e2d1466d83fee4b1ae95b6948d
x-chunk-cache-v1/chunks/data-000036221029.z	39025	7ea087604ee182e23540a736fd754af08f9193a396ea439831d5084dc7e3f4de
x-chunk-cache-v1/chunks/data-000036317106.z	37953	152d77d069bbdab0bc82c72cb9d22b97be0cf64d786a3556eded2f980503019b
x-chunk-cache-v1/chunks/data-000036413183.z	37874	21e443bbbcc8d76c8fabf1ea28424af7d6c046d7d3924281c67f6f43933ab380
x-chunk-cache-v1/chunks/data-000036509260.z	41731	ca720b844dd524699cdf4f064f47ed550ba1ae835511d3d82d7cca7a411f6f63
x-chunk-cache-v1/chunks/data-000036605337.z	36549	036c9d2ae7731cae4e94369b3409632bfc73eac6df1ee2ae73181fb49ec332aa
x-chunk-cache-v1/chunks/data-000036701414.z	36571	dfb5a2c4571c16156f0c583644c586626889c9487ac687246abcf36ab686b2e6
x-chunk-cache-v1/chunks/data-000036797491.z	38225	e5fa3b68a41e4c63aef5b2c7e27c071a54e905b26b7896a51e34b6b3a49ea553
x-chunk-cache-v1/chunks/data-000036893568.z	41331	4321bb3a3ccb473686f6ef47de1fc845eb6f9b2b2fea1ab2c27fbcd9b97c1a46
x-chunk-cache-v1/chunks/data-000036989645.z	40516	36ad99964c44e83ad2a104ccdfd819509fbed21aa4a7a333932fb4a5cf7237c9
x-chunk-cache-v1/chunks/data-000037085722.z	38753	66130f9958df82862430229e9c25a4fb6854b03da4a6252ccb1460b1a2169c72
x-chunk-cache-v1/chunks/data-000037181799.z	40081	1a959aefd35bf24f3fd48339c5a7d8be7c8b054ed0e9a20ce21e753bb6cf3469
x-chunk-cache-v1/chunks/data-000037277876.z	43529	b3b2b9aeb9b8d7d6e600ea62de221e009f06d5b9461659491166e0bc12ff26de
x-chunk-cache-v1/chunks/data-000037373953.z	42115	e0bb3ec01049709b12a51cae89e3d0eaad45ec1e8ea95e083520cfd2fa13de75
x-chunk-cache-v1/chunks/data-000037470030.z	36671	35a3e946200f304bdd17a694732aecd5cf9638f7efa616e52b70bbc6edbef77e
x-chunk-cache-v1/chunks/data-000037566107.z	41014	87a6dcdab717febe9ea6f85f9653a65cf5854d5c1d1afe596eb35fbb94a46b3a
x-chunk-cache-v1/chunks/data-000037662184.z	39533	eaeff91c699edee9fea01aa50b49f6865b96c46c648518ce92cb26cd8dd9cbf7
x-chunk-cache-v1/chunks/data-000037758261.z	36160	0c1cc93bad8f3af4aeec107343474effb394ebeac7d61ffb5d2336db1ff27742
x-chunk-cache-v1/chunks/data-000037854338.z	40458	3061d04747d0dd06bf510c813057d87767f8ee7690596d39b29ab93a0b385eef
x-chunk-cache-v1/chunks/data-000037950415.z	38854	e8c3296c54d431c94efd232bcb399ee150b103ff4a120a1ff676379a52ec88ca
x-chunk-cache-v1/chunks/data-000038046492.z	38008	705ac3352171a841f96a764e5b23fc7a608fcf215809f8492838894dcdaa9346
x-chunk-cache-v1/chunks/data-000038142569.z	40865	dd25a7dfe80b8be218e31ae72b7fb886976edf49cf47893f89ce7537033c5e9d
x-chunk-cache-v1/chunks/data-000038238646.z	36370	1cf9625cb2a7b3da9e6fefd2d7f92f042b0a28bb2c25667557294f056b52c661
x-chunk-cache-v1/chunks/data-000038334723.z	39803	6d44788a2230571807b39863e2489bf4d0e118d61c23424b6bae65d80b00d0d3
x-chunk-cache-v1/chunks/data-000038430800.z	38873	8003ac02db37dbe50bfdf0f5a962efbb9d4893191df71830a69de973ff702c06
x-chunk-cache-v1/chunks/data-000038526877.z	39833	b2f8e3a1cb686e7df143db2d5ba6aa92c4f7faa103917a9966cec3903ce3f35e
x-chunk-cache-v1/chunks/data-000038622954.z	40227	2ac1dd951816e19dc1f96fb4f0ccccb31f3d9d82d592db2154957dacc3febf9d
x-chunk-cache-v1/chunks/data-000038719031.z	43973	deeaa3b583f6c4184c97d17bff991e556c022427fc0a1aac07e68d27ac5b11bb
x-chunk-cache-v1/chunks/data-000038815108.z	40761	9d49e144f6bbfb02e9ee5a73984f1df040412c37671d150eac743c845c6c05fc
x-chunk-cache-v1/chunks/data-000038911185.z	48718	66c40c408cedef5dcb0956adb97ba28b65619827f4af0c62841911369718a071
x-chunk-cache-v1/chunks/data-000039007262.z	43207	1b52896128da3845220bdd4621d3f57ec6c47fbd8fbe84aa35b7ffc9b5f5f0a4
x-chunk-cache-v1/chunks/data-000039103339.z	39777	093b1b9806936fe24a3c893f092603880ab84a643c1247dcc76ce2d89647b4f3
x-chunk-cache-v1/chunks/data-000039199416.z	41125	7c786a7c960d3da702a264af711e33f8db8f198c89701bd4e9de38790087d5fc
x-chunk-cache-v1/chunks/data-000039295493.z	43103	5f1a00f5b43495a47a8004dd6c8c37b4f1863fb257f7b635cb5849a56da5b75d
x-chunk-cache-v1/chunks/data-000039391570.z	40755	d7678ca1c7dee38eada34eb4cc909b4d3e9b98eadf6c863508b7b9d82e55d8de
x-chunk-cache-v1/chunks/data-000039487647.z	35195	d15526378da38c9caf957df48e39905431d6679a55f43c5337ed9e2addc204c0
x-chunk-cache-v1/chunks/data-000039583724.z	34674	04b5d13d0760dc0ec914c19ebf63aee2b2f12b557dffbf2498f50905b702a67c
x-chunk-cache-v1/chunks/data-000039679801.z	36109	7c62bead6327ebf082ae2b5ac4f1c1606aac0b2de0eae91b415a778dbb4e0904
x-chunk-cache-v1/chunks/data-000039775878.z	38310	13884fd05c3ba9fa832d48bd27cdf2c280cfeb27a42068d7a8bb8e9f08b1de68
x-chunk-cache-v1/chunks/data-000039871955.z	36335	8290f65c4a61923e7bb347964b9ab0cbff641841fcb4b981cf5957d084cfecbe
x-chunk-cache-v1/chunks/data-000039968032.z	35364	9e455ffa910a6ad0ce1dbbc2d30c1bf8ff7da902a1e80ececc284b5d64427529
x-chunk-cache-v1/chunks/data-000040064109.z	37814	cefda8a90b29fa604351157d0cc7ef65cdb53ccf8a64749c8bf2ac80be87b3ca
x-chunk-cache-v1/chunks/data-000040160186.z	36344	5f56af33cce4ab3a2a6a60b2a2334058b0e5db6c82409d104e0a73ee7a33b6d3
x-chunk-cache-v1/chunks/data-000040256263.z	35689	bdc4dcbca32ca3fc6541f5a2b16a0db9621b7286c08885176f72cc81b7b814f5
x-chunk-cache-v1/chunks/data-000040352340.z	38333	63af780d3fed67444a926e98f6df2af5243bbca4032cc508c2128e737d99149e
x-chunk-cache-v1/chunks/data-000040448417.z	32248	9076e9d92441fff6771b7667add55b753f59297bf5fe547c3b4bd27e6a1aba55
x-chunk-cache-v1/chunks/data-000040544494.z	33146	f2bab6ae1b8c593e641d0fad78cfb38273bcb31d8327d0f3004cefcd3f5d20af
x-chunk-cache-v1/chunks/data-000040640571.z	34712	9ca272e67eeb6a0be1c06fc2267e1c236ec3cba0200544c2c8ce9aa74508fb62
x-chunk-cache-v1/chunks/data-000040736648.z	33350	ebc5f3a1eeb7bbce9f59d5d80d4dfac3791621a90a9d18b4eba32300a4636364
x-chunk-cache-v1/chunks/data-000040832725.z	33928	d51a42842bafd20ab04294d06db59f5bd24c23a01deffc13274d8c0cc7b1519a
x-chunk-cache-v1/chunks/data-000040928802.z	36054	353e21c321a44639b2824b159cab796042ae95973431a6a5fd3f755c8f6121d4
x-chunk-cache-v1/chunks/data-000041024879.z	34430	4249e9e853a497f9f55b96019881ed501977367016dcf32a5c1fbd8472127b8c
x-chunk-cache-v1/chunks/data-000041120956.z	34841	d73b86434abcb35769ecb528bda8a2957161284a0fd3e938c8f04a5b2a9e502a
x-chunk-cache-v1/chunks/data-000041217033.z	35666	cc5fd262fb7a1fe9a696900c1f121cae4024d5d8b154e480847b6f8cc0560f3a
x-chunk-cache-v1/chunks/data-000041313110.z	33467	e649df51fbe341e36e7a9e0774ecd739b42279d0fcadda88726c0823a316cd41
x-chunk-cache-v1/chunks/data-000041409187.z	36292	9a6ccc68d20dc762f86f7fcd104fcc410c145e272644e3ba2c2e373c27c1b3c8
x-chunk-cache-v1/chunks/data-000041505264.z	34624	b6b978e83dcf2fa38ca29e1aa46dd3ef8410729154b65c6764a13ae57550d5ba
x-chunk-cache-v1/chunks/data-000041601341.z	35058	1d1a5c17b063e67d85347f46b483689ba981776612678d1740ea04bcfa75f7f2
x-chunk-cache-v1/chunks/data-000041697418.z	36741	352ec35d44f9f5645ba5337f96c2a76f332eaed5226ec570ea83fdce1c9f6945
x-chunk-cache-v1/chunks/data-000041793495.z	35037	ebb8c4fbf66db16578bf75e4dfaa4c09c5ca280830417a4ca38c3a0fcceb321b
x-chunk-cache-v1/chunks/data-000041889572.z	36782	cacea54bc3531fc675abe87cfb4aa9c63a2f1b770cbcb6e264a995fb1410c543
x-chunk-cache-v1/chunks/data-000041985649.z	38075	a904beb5c7a1913827e3150c23fad5a54a3ad6a39d4b1fa5f6dac4c2f7973b5a
x-chunk-cache-v1/chunks/data-000042081726.z	36993	1ada50c6210c4ae860599fa33032bea35d7b4e2b2cd3c3f69acbfe569d77e23b
x-chunk-cache-v1/chunks/data-000042177803.z	37141	2ebc38c9bb790772cdc6c3866c8479a8d7748dea4f7060d4e48b01e9388d5a74
x-chunk-cache-v1/chunks/data-000042273880.z	35821	755804f3483cd1c8673744dca8eb555dd17032c71efeeb5c368e5079fb6f55ea
x-chunk-cache-v1/chunks/data-000042369957.z	34172	1fd41e860b1c96f9598097c9a46a936caf2499fb20e4eb28090244292e19b7d7
x-chunk-cache-v1/chunks/data-000042466034.z	35865	81728a1ad788faea1f216f1693cd9ed8d919f88be2229e81e16e204aa80f4b1a
x-chunk-cache-v1/chunks/data-000042562111.z	38057	4ccc157d00eb7ad9d131c022f7a1b2a15160d5e10d79cfd8af13cee6719b077f
x-chunk-cache-v1/chunks/data-000042658188.z	41499	d827225e359d5991f8ab6b530894cc1f7951dc0137a94836bb6442e2f2570f9c
x-chunk-cache-v1/chunks/data-000042754265.z	31984	0d2b351863bf0baa8e6e153038b71027104a027af88bb9e8b6bb9df31d69a8d5
x-chunk-cache-v1/chunks/data-000042850342.z	35721	b1117e5240cd69202d1cada3208ec0af504f44bc2372f8109fc8c46cccf5a743
x-chunk-cache-v1/chunks/data-000042946419.z	33860	665509de426c038fc964134c0b02486d95cb455417b507d2c49c2d73b79f624a
x-chunk-cache-v1/chunks/data-000043042496.z	37331	e96c18f4c28db98d8c06219ac9a074cc5d5421bd35bfb246a7b538ea61356cac
x-chunk-cache-v1/chunks/data-000043138573.z	36119	89580d77e738b8406fbdbd4ca6e7544d662e8389e4b5f8be58c4a2c6f9bec8fe
x-chunk-cache-v1/chunks/data-000043234650.z	36083	025019577e03b9a523b295d6bace89e89aa8ed1b42987c43b9f53f3a7a4a00df
x-chunk-cache-v1/chunks/data-000043330727.z	36132	0b94d92e74b9b8c231838039f368e318ceb09479befcc80c35ac374a49949f0d
x-chunk-cache-v1/chunks/data-000043426804.z	37892	f202ad975edbbb504d25268dcffcc954ce4216c5f67a3a69445f28269ac38539
x-chunk-cache-v1/chunks/data-000043522881.z	35972	33c23383d9eb7a1687f42a232d39ea9ac5be1c576ad1a404ad1fbf751f50243e
x-chunk-cache-v1/chunks/data-000043618958.z	34226	5866889ec519dda7b44af63454a18f62d5917a5fe5a5b2a5b746a8d80a297439
x-chunk-cache-v1/chunks/data-000043715035.z	33286	e0544620222531b1ecaa53004a5068a8f786d5b6a4239f6ed84c79cc488b4cf4
x-chunk-cache-v1/chunks/data-000043811112.z	33368	5372a224f75e41fa1a29f3f863dcfd89a571b05c88c4a17801c7599bd8417444
x-chunk-cache-v1/chunks/data-000043907189.z	37646	907e8a3fec9585dcc949f08008ce86d3a437d3d5c9c58e51839657fb6540ed13
x-chunk-cache-v1/chunks/data-000044003266.z	38054	cf43735a655d1f6e8d00ce38737c0c6c4d86cfce7fbe159514e164ac5d11513d
x-chunk-cache-v1/chunks/data-000044099343.z	37551	17ba9c42d2a59d9f98c84c1d3da912e2a7af227c660886694eaa1370163bd844
x-chunk-cache-v1/chunks/data-000044195420.z	36185	5579006c0e39cc1f710b3f40d06d9ddfe947a8c3e640b9f9917a15c3858691a8
x-chunk-cache-v1/chunks/data-000044291497.z	37539	859719a148f46a875e65d4cbfb25dd4cb505f2ed104a94d373fe04881cfc2b44
x-chunk-cache-v1/chunks/data-000044387574.z	34816	2c79af9598e569510186a5b7ab79d1b7524b6e391dd52bbaa8b4fcb79aac3059
x-chunk-cache-v1/chunks/data-000044483651.z	36623	e2111bb248b7d999d49ec70643a0423ddbf5b6e9b4a06d30aa4e9e8e42e6ea24
x-chunk-cache-v1/chunks/data-000044579728.z	35329	68ac7ea7dfd47cdcd65582dd8198bcdef996aeace1e6a370103b1b412d1fb250
x-chunk-cache-v1/chunks/data-000044675805.z	31671	142598803ea26e2422cdfa5aba5f9cba770d92e9632e0bed9b704b7d3de24658
x-chunk-cache-v1/chunks/data-000044771882.z	32356	6a3cc654931e25626ad456a414fa90c5d91c33e2727061a0898d3c8053e9b871
x-chunk-cache-v1/chunks/data-000044867959.z	31523	2c0e3839aeed51dc1448c782b7008798777e4bf9f2c13eaf07f6f45fbf74ae1e
x-chunk-cache-v1/chunks/data-000044964036.z	34714	15c32ef7e39079190e4f8b2e76949fd942101469d84b0a8adb4ecd5737f7848f
x-chunk-cache-v1/chunks/data-000045060113.z	32276	77c5db4bd0e100198a221421373c4c5ec96d722212be5c6f74da17b57dff6d55
x-chunk-cache-v1/chunks/data-000045156190.z	36554	c62b06c8dc7f277251ea5ec6e183b57f45429f7371122fac28b300e34eb6c36e
x-chunk-cache-v1/chunks/data-000045252267.z	34040	1c8e99326a9454508b7ad2b47ff128006241ddeabc3b2cd0552b54b92f581c8f
x-chunk-cache-v1/chunks/data-000045348344.z	33150	bfdb7c17b6735666169dc81ced1f13644361d813e2b4aeef51584eaf66c02fad
x-chunk-cache-v1/chunks/data-000045444421.z	32547	d0777b3828f3232d42e446650fb54550ede199cdde81806789ca6b48b9037af4
x-chunk-cache-v1/chunks/data-000045540498.z	34064	ca2f47cc1fdbc8d5bc5a267231ab80a4e2545ac7f86bc0fb3e41a590dd623bf3
x-chunk-cache-v1/chunks/data-000045636575.z	36762	4b58b24e4437f8401f7e7ef43df927b2aff2e3ab5016b928e261019b28496054
x-chunk-cache-v1/chunks/data-000045732652.z	36059	1c6215c779d89b9b940e5814ac13411799ae3b23f514a109d6abd2610b5aa11a
x-chunk-cache-v1/chunks/data-000045828729.z	34472	75d65803ca057158dc9b6fc5895097b24213819794c6baec14ca4ab8e62cb21a
x-chunk-cache-v1/chunks/data-000045924806.z	34116	8383f726e8c61374fb2bdfc0c40710d60f6df09f941fe663f88dfaff3b1a6c33
x-chunk-cache-v1/chunks/data-000046020883.z	35104	075ef64f198d53f2a237811b955cb62fad2cfa037456ca926d8b8380cba5aa2a
x-chunk-cache-v1/chunks/data-000046116960.z	37351	4e37250321b3769026827f76cd0d5a5f7263a4e2dd8da9eb8c22720905b7c768
x-chunk-cache-v1/chunks/data-000046213037.z	37650	b0cfa2e7cedb177387f210edd92c988416ff79fa6ed54dcd62bee739afc492d0
x-chunk-cache-v1/chunks/data-000046309114.z	38566	f6f3f678cf3e5df4cd4f89813d067414e8278b374c962810531e29b2ef419e68
x-chunk-cache-v1/chunks/data-000046405191.z	35226	b7db9309a7d0e60c776f55bf7008b6672004786338343bf352987ccb95236c99
x-chunk-cache-v1/chunks/data-000046501268.z	35643	b8781275649dc04b81ca79f91f128653052c518a483c3263fca1a66203f572e9
x-chunk-cache-v1/chunks/data-000046597345.z	37673	a0044c93725448baac75a6bf274675df39e8b4b7c570e5415287e106e6a4b1a4
x-chunk-cache-v1/chunks/data-000046693422.z	39205	c4afa0a8fb606e579476e55cbc9fcb56241b83e09e8e740341edb88dabbd4077
x-chunk-cache-v1/chunks/data-000046789499.z	39037	7b4681272d772e8fa51cca09c964cb668d2157c2b545f8e17be4c01036e4d76b
x-chunk-cache-v1/chunks/data-000046885576.z	39720	42bb94de3a6037149aa6758381e314ffaeaa5099dbc8c198f2de313061c53bed
x-chunk-cache-v1/chunks/data-000046981653.z	34382	f78cb1a1c688c57ad33571e677a8086a6385736fecde27cdab4283d817d1ba9b
x-chunk-cache-v1/chunks/data-000047077730.z	44228	958b8e1aa9afff5c69ed6c4d501b1611fdc1d73617b1628fa30b2229e93dd1ba
x-chunk-cache-v1/chunks/data-000047173807.z	37428	f3a421a430a23728189097c423e8e10841e55f4b19fd8e7cf16530ee290b03b3
x-chunk-cache-v1/chunks/data-000047269884.z	40784	9e7a2aa95ebbf33b4af87e29c84a082211f1edb8ab652ba8a0e26698bccc1a40
x-chunk-cache-v1/chunks/data-000047365961.z	36613	902234bf2cddce71f3b0ab4011c2cf91b9f1d03d4cc40d61d5499340cfd6b4c8
x-chunk-cache-v1/chunks/data-000047462038.z	37652	90f253e823f8c0f3707722b1fd53af9af6f49baada3f0cd278ca606b497d6f06
x-chunk-cache-v1/chunks/data-000047558115.z	41908	0b1af17bda57f75dd2e389990f0b283cca9f5bd5fcef1088012dec9b2f13fbe6
x-chunk-cache-v1/chunks/data-000047654192.z	42789	1252379a655b2746f083f338a15a80a8eb048da0b3c9f52f5001bfa2ad11d915
x-chunk-cache-v1/chunks/data-000047750269.z	39024	d023771935eae510fe399eb774c69e94c5c7fe7419eda3c35ba95ee47b3c74c9
x-chunk-cache-v1/chunks/data-000047846346.z	38572	2332fce095b8dd8cf3b9236bcfd8b645d0c6ec58f0b1b46ba9382bd5ab97e86b
x-chunk-cache-v1/chunks/data-000047942423.z	40974	4043433201ce2227205e1655cb89e285cd3e66d66aa4c07c580a035d360b38f7
x-chunk-cache-v1/chunks/data-000048038500.z	37807	917a8a41983a867a4a74fde888e3099441f64f8bb157810364ea097905cf563a
x-chunk-cache-v1/chunks/data-000048134577.z	41306	f3bc506258381cb2d909b296f8c59eabe949323bfb62e8a6eaad372641233871
x-chunk-cache-v1/chunks/data-000048230654.z	43374	db4bb42b3568b6f77ebb71293af3190974571c1ff840b1dea50c1f5d8c148f76
x-chunk-cache-v1/chunks/data-000048326731.z	41760	480e6a55ad1a92c7be92f30706425261fc2f14a5ea14105f80e0d8e39333558f
x-chunk-cache-v1/chunks/data-000048422808.z	39604	a02faa736def23dd95c120357beb01ef45ab541f4f2ac9839c54d65bab807f62
x-chunk-cache-v1/chunks/data-000048518885.z	38053	0ffc70a82865374624ebd6d36525fab35f9ca850e079d49cc42219461c1fe51d
x-chunk-cache-v1/chunks/data-000048614962.z	39614	6384801cbb803470a47b1893f1355e00b6b8a9d554721b0fd79670939c5009d0
x-chunk-cache-v1/chunks/data-000048711039.z	39718	3ee5ea9e2c7ab863845222adff4263e04418d0ed949ed408731acd4b00a487e2
x-chunk-cache-v1/chunks/data-000048807116.z	35942	9147937c4133903f8d361591e75453fa2b7c8b5e3121bf8c3390e8878c1c0ff3
x-chunk-cache-v1/chunks/data-000048903193.z	37553	7077d51cc9261b27ea42b4f0d50485058b7a80aab23af4936d2328cfb15026c6
x-chunk-cache-v1/chunks/data-000048999270.z	41539	34bd0b85a45b64f7ecb7e1670fe32b59d3040ccaf7c8a4cc0cff930d7298d46b
x-chunk-cache-v1/chunks/data-000049095347.z	40751	d82bca5d25fd2fd150963349617b9959bc6ce8fa0b7196fc03dd021cde09092e
x-chunk-cache-v1/chunks/data-000049191424.z	40197	2f09051750dffd6794896ad38574a658e376a6b39e38cd575fd41d4a7f7c2dc7
x-chunk-cache-v1/chunks/data-000049287501.z	40376	4213f889073416e925032542e1be4490a980860d4f07334773e90fd473a9b778
x-chunk-cache-v1/chunks/data-000049383578.z	41490	4d4aa4749462b848e4b0f04fa714cdba72b57e18f76dfd01d42d234b9cb3bdd2
x-chunk-cache-v1/chunks/data-000049479655.z	39580	6118e3edaaa086d20f9bd229edb570d779ce959efe356dd9b8bf56caf273c13f
x-chunk-cache-v1/chunks/data-000049575732.z	39084	81fdec537d50903beb59fb964ca10f385a6f1bc2679c8b3a373dca999ede80b3
x-chunk-cache-v1/chunks/data-000049671809.z	40023	72b2ba6dac6d0a34427b39e8377398d5426197d02bd14a191460bd3afb90f749
x-chunk-cache-v1/chunks/data-000049767886.z	42526	ef72e9dbec8bcfc67a3fc21b80a0f7cad8907d8af0471b1358251d9c34cb31a3
x-chunk-cache-v1/chunks/data-000049863963.z	40148	ac498a3e5d6479c11078005b2c1159d6fb9cc319d7172e7316925bf6b3aaee9f
x-chunk-cache-v1/chunks/data-000049960040.z	39550	2cec97694ae82e466e83198164fda87f221a275ff44acbb0387227b707288fe6
x-chunk-cache-v1/chunks/data-000050056117.z	41898	eaeee6cd5f09ce015ba0740402f3e44aa61a3cda6bedceedc6bc43403c9a702a
x-chunk-cache-v1/chunks/data-000050152194.z	38466	9a2c0ebfab20285d5e8428a444db77e5e77b638244a48cca9933d5b44359f065
x-chunk-cache-v1/chunks/data-000050248271.z	38560	d05436f5d46de242c07ce810ad43dc7971f3667f48a34e85ed1f09686fd8cba1
x-chunk-cache-v1/chunks/data-000050344348.z	37652	ccba95d0cc7688a2b7b726190870e18b9e63bc754152742de0d6946b84f2599e
x-chunk-cache-v1/chunks/data-000050440425.z	38100	c393a30ada2fc59cb38ddb49c89508e11bb8c394dcd7672bb0c5581fa3c0b353
x-chunk-cache-v1/chunks/data-000050536502.z	37203	ab8ed9a702fdbb24fcf87831a984b880ca80d26e5e2c2dfb51f2cf728234f491
x-chunk-cache-v1/chunks/data-000050632579.z	36842	7f1b7534c669a88a64a1783297f1cdceee952408e0fa3c5cf149f13fe44940db
x-chunk-cache-v1/chunks/data-000050728656.z	41284	1d0266892ab0c7263d9bbd791d26962c158cf8305260eddd80b2148453d4262d
x-chunk-cache-v1/chunks/data-000050824733.z	38619	9eafa5ac4d870b9ae33f3f7922395b427934cd655ad716735974290f30e06fdf
x-chunk-cache-v1/chunks/data-000050920810.z	37368	188ddbbcfc0be6b3ef42a3e1acb25bcbb1a5b7868e132f12370d6df80a39acb5
x-chunk-cache-v1/chunks/data-000051016887.z	40100	e259d2cbcfd9f0251786dd75be99f486d1d0afba9df4c81bbb77ef493e39372d
x-chunk-cache-v1/chunks/data-000051112964.z	40333	9565fc65c84fbe9fe397e5619f0c10721d9a73b567318c07c7d1c4943fbfced2
x-chunk-cache-v1/chunks/data-000051209041.z	41122	8eddad86fad08d78a10412cf02f0ff655bf9bb8d68bde652aa916f72117c360a
x-chunk-cache-v1/chunks/data-000051305118.z	41237	3e186b7a030fc67d1c1849c4c63798e7e2db1c5bca030b2690b54651608bf05c
x-chunk-cache-v1/chunks/data-000051401195.z	37949	47376f684801cf76e3ce979644c3d193bb51230e7a22b7f4615a886eedf25de3
x-chunk-cache-v1/chunks/data-000051497272.z	44414	590c2a9d48d4a6856f346dcfe46dc07ca453c81a54dc218d6c6f3f3de52f9dae
x-chunk-cache-v1/chunks/data-000051593349.z	40395	fee5e5ec0d98317434ffbb5e5e4169dcf0304359f411e741cd019cf50ec5661e
x-chunk-cache-v1/chunks/data-000051689426.z	39808	4834f1191c053888283ffcf6c96add76703440948bcea98096a8273e50d746c7
x-chunk-cache-v1/chunks/data-000051785503.z	43286	e996ad036171f74c5b57adf62548ee02a63c0cd6b15e0de7fa26efb73d2a2b4e
x-chunk-cache-v1/chunks/data-000051881580.z	40291	939f5bf96b74309ea9c774b6520790759fd03b4799e62f794a825274d34b5491
x-chunk-cache-v1/chunks/data-000051977657.z	40072	d74c0709d4234a43f3fdd795336dbedd0a9f8e7491e7032bbfc61bf118a45eed
x-chunk-cache-v1/chunks/data-000052073734.z	32480	8f2b66814e0ace3017d24673683a63a374c13622827c2b109ce8b8a06077bd92
x-chunk-cache-v1/chunks/data-000052169811.z	38603	4dfbef0791a5c8ea2c5298fee1c915e38dff9cff7fee07b950dea36c24d2e9d5
x-chunk-cache-v1/chunks/data-000052265888.z	33222	546b3d3614023aa3950d0dac3b8008fb32dabdb79a74964ad13d8fd54c05814c
x-chunk-cache-v1/chunks/data-000052361965.z	33796	c1db76df8d855c2c7a3c2b3120532ba52b5a813d56171bd427295096c0cbe879
x-chunk-cache-v1/chunks/data-000052458042.z	36808	01371fdf45793734ba4740a2e739c8e2e275f34fe43278cd6629ade241ebb43d
x-chunk-cache-v1/chunks/data-000052554119.z	35568	323c7d3a7b008243f844877e201bb55bd7c4b8446f36076f9ad972c6aef2fdf6
x-chunk-cache-v1/chunks/data-000052650196.z	35814	b613c1ec58875064097a5c160389b5f40d84882dd1bf30b3c6741f757a1a6c55
x-chunk-cache-v1/chunks/data-000052746273.z	37340	3ad5e4f1b46b78b3d238a84b970a6ba747315cb42b6ad6219c51217ad80a7c58
x-chunk-cache-v1/chunks/data-000052842350.z	41537	968922d43cc23d3194457ea61cd5d52e68f04fbda31355be1c3493193fb9a4b1
x-chunk-cache-v1/chunks/data-000052938427.z	39928	1dead153ad5aa482409e96ccdffdeff6f794d7107c56c802e576e0c97126224f
x-chunk-cache-v1/chunks/data-000053034504.z	42078	009c165786f12d1bfffea944fdbb590e1d8a25eb5b04a665064afd6b717640d3
x-chunk-cache-v1/chunks/data-000053130581.z	41275	cf8c372d210109fb7ee3d07f8509b88e5a6863e7a51eb88aaecb61f80ea48ea7
x-chunk-cache-v1/chunks/data-000053226658.z	42681	ab308ca3b2dac54f32141b4007d4ad9458c6d88cf06e3cf4d8aa36dee3e71004
x-chunk-cache-v1/chunks/data-000053322735.z	40269	0842b727c19b8e12dce7c2141df44fbd3fa30bc40e959b5721be06a560e57ee9
x-chunk-cache-v1/chunks/data-000053418812.z	39016	383ec25f8bccb69d21a2114f17ded54917481b9fa43ae1e51e18865fe7197e44
x-chunk-cache-v1/chunks/data-000053514889.z	38175	03ebcda5847f0a5022907e24373674600ea8f5637d0309d56761d9549446a3b2
x-chunk-cache-v1/chunks/data-000053610966.z	41968	07b47d4b2f85d558d83ea5460e9d6c6dd078e7205f45ccc215920eda825f6898
x-chunk-cache-v1/chunks/data-000053707043.z	40154	49c8c6be36e757c0c8fc156d3efe299d47a124391575d59aafd5184590f43a8c
x-chunk-cache-v1/chunks/data-000053803120.z	40273	bcaf24156ecda91d35a2c6ec5c059d512c1d17ca69ce62f251fda26130c134d8
x-chunk-cache-v1/chunks/data-000053899197.z	41434	939911d8fcdb8d59143a16576b444c197c331cd5ce99e063019201428a8a5158
x-chunk-cache-v1/chunks/data-000053995274.z	39026	0a4992a9d3497017201a57b1dd58661b6f5266938225f81de31b9e5137e39b27
x-chunk-cache-v1/chunks/data-000054091351.z	41683	203e7fb91fbec70e950f1c0db5095bfd17fc3c241e408dd06fe3dd70d3bb0df7
x-chunk-cache-v1/chunks/data-000054187428.z	43530	b7bcb27e9c747915d339134931e7d5694f6e9fade6277fa2bf3d39caa3244e95
x-chunk-cache-v1/chunks/data-000054283505.z	42966	37b26f8d0596c90715f6cf8695953245c7c839905edebd54f86fbe6a4c61e008
x-chunk-cache-v1/chunks/data-000054379582.z	39341	c2e9bfffa583fa8394838aa6952e274ad7f6fea03fb6ce24002158a8b8520fd4
x-chunk-cache-v1/chunks/data-000054475659.z	40187	8904928339500b6ae5fbfd32daf96373bf84756404300cb7a32b520bc0f781d6
x-chunk-cache-v1/chunks/data-000054571736.z	46866	47b7bfaa512a2a1eb50a09d082cd30ea0188c6300204ba67fc475e8555de98ad
x-chunk-cache-v1/chunks/data-000054667813.z	40133	e26877b176cd4ab39dfdd9d632b6b129951641862460f958e8d95fd40c4a4618
x-chunk-cache-v1/chunks/data-000054763890.z	40453	07d61c71070727ed5be27506ca49b202c589cc9c11540216997181a6dcc48926
x-chunk-cache-v1/chunks/data-000054859967.z	39185	c73d2939e244b239f9fe2a5384452cb5bbc5d91ada28665f2e1717a105254e47
x-chunk-cache-v1/chunks/data-000054956044.z	32215	8cc8cb5ef94d5781bfc4d28f583a92aff345ace4859dce5d7ea123996e5e61b7
x-chunk-cache-v1/chunks/data-000055052121.z	32369	3b62922aae6ba8fd431f157bea9e68787bdda0e1931c19e182548cc8756da109
x-chunk-cache-v1/chunks/data-000055148198.z	32474	65b024e57477d1ab680839a522a189609d9b5c2df05d29fdc0ae4251877ae44c
x-chunk-cache-v1/chunks/data-000055244275.z	35726	f4642a14ef4e78a8647c5ad7ff0eae5aa14595bb3c6c8c1934c89f7a8d285f82
x-chunk-cache-v1/chunks/data-000055340352.z	33281	abb775286143c3d43f3c8d812d51cadfce8423497c23963d433221f88018e7a7
x-chunk-cache-v1/chunks/data-000055436429.z	34198	130ed42a32459a453aeab33f1a3c76cb9485a6fd7d9b2ce3fe958ac8b2040386
x-chunk-cache-v1/chunks/data-000055532506.z	31932	108a28858011a717168ca1a2ccbd299a4258e24070af3a5db1df57523c274d1a
x-chunk-cache-v1/chunks/data-000055628583.z	36025	da0479719ea42ae9c59481784cefaea9adc3d74b2f94c9b5fd8294b8189daf55
x-chunk-cache-v1/chunks/data-000055724660.z	31704	f520502e9e740aec4ea03b2b47a1b85c4859e83d1b231e15920f474c715d640e
x-chunk-cache-v1/chunks/data-000055820737.z	33261	de6e9dbdf9c1604dbd9af68d99be03848b43e3c9aa497e3c2003667bc0d1a095
x-chunk-cache-v1/chunks/data-000055916814.z	36114	2cb1b1dfa0875194e881a3b61234b0b321b736e410f6748910a028e9ab8a688b
x-chunk-cache-v1/chunks/data-000056012891.z	37284	46eb11359a2e326ba742431e55dc7145faf55c6d5efc354f273099b72ef71f45
x-chunk-cache-v1/chunks/data-000056108968.z	36781	6e9e7c9e5d46bc6ca429d91618cd2b2bf12a2bc9d0bcbf983f8f908d4f2dd03d
x-chunk-cache-v1/chunks/data-000056205045.z	38901	58866ff917dc8045f67333338990faa347f2441e0f3c892c1c553d2bb79429a9
x-chunk-cache-v1/chunks/data-000056301122.z	35833	25e84894df8b48a8435b6c4ce6f1e9aedc85b5ae7f7353c4bb51676a94decfcb
x-chunk-cache-v1/chunks/data-000056397199.z	29940	da3f73751bb16d72e5f248232d358d941762694ea4af30d43e3f7d89a5c7e5f9
x-chunk-cache-v1/chunks/data-000056493276.z	32716	b4ab8884e23b143b3e813c01320aea6fda72443b7ea5099b020199f0e9365e18
x-chunk-cache-v1/chunks/data-000056589353.z	30918	f2397e7f313709c2f70b80e9ae18a8c2c16bb2ec6b48b6acb8e4a44dcf2ba3cd
x-chunk-cache-v1/chunks/data-000056685430.z	31849	97cb08f10787a9e8b6020d4d6e36bd6e463d18ce81f9b1c2598f90ba469bb916
x-chunk-cache-v1/chunks/data-000056781507.z	30371	26beef30af5c3e9c9b54db9347542b52119404fe4516dd07928eadbf4b7d52ef
x-chunk-cache-v1/chunks/data-000056877584.z	32583	68957412dd746692d9d297ad7e0007aee78a6faf2744d2e74773b22df4a93205
x-chunk-cache-v1/chunks/data-000056973661.z	35233	83efeb9c6a5299fe19e71925da40460478a7734e900514cef1de4a61abe3b5dd
x-chunk-cache-v1/chunks/data-000057069738.z	34885	0e66744d5179358abddae7b43ef35d2433e6cd716c07d5598a562e39987d0841
x-chunk-cache-v1/chunks/data-000057165815.z	37344	8a4d5c48cfd7299b9c4b3e7e4201a61cec62bbd8a8039c16ac2befe699a0d381
x-chunk-cache-v1/chunks/data-000057261892.z	36663	2b212898db1c343b9d76f8df4ee90d624eb70413e2ae3fe2dc715e7940764332
x-chunk-cache-v1/chunks/data-000057357969.z	30957	87e34d3581ec2e1546589c3f7ec11c22b868cfde6ac86609671a8972f5bde3e2
x-chunk-cache-v1/chunks/data-000057454046.z	29900	2ecf50dce23386c5e33228d31b62eb699591a91767f95569a03364138d6d68ef
x-chunk-cache-v1/chunks/data-000057550123.z	30075	3d1012cf490ad749607883abe1aabeb35c087168b2c673acae19a3b29a8f1fb8
x-chunk-cache-v1/chunks/data-000057646200.z	30028	d72e4d1a5316d233e3987dc05f07a5120d04e5ded144acb5d44c90afbdbcdd5f
x-chunk-cache-v1/chunks/data-000057742277.z	28982	9a0b0af27760820da3bd4d8de49f5e4c33cc082e4239b1ac4b089729eb59ab6e
x-chunk-cache-v1/chunks/data-000057838354.z	30951	7d80846d2ee0beb63a253f7c64f26cb7baf61833c58d5e16e6ef124098c34cc3
x-chunk-cache-v1/chunks/data-000057934431.z	33629	244fe1c11ca10398a7b35b965f230840e59de9bbebd4f161fccd598e03aa5117
x-chunk-cache-v1/chunks/data-000058030508.z	34010	d26acb9b2334695b7664ba6d516a8fe2ebde8c13ceec76d6cecb800a4a1be52a
x-chunk-cache-v1/chunks/data-000058126585.z	35328	3c8c8c78858700bea56e128b6456811d55055dd24219aae8e13036672ee180fa
x-chunk-cache-v1/chunks/data-000058222662.z	37076	e2dd856894e697b58f35241fa55f5489f2c7226cf78eead6784e69cdfbf5ae89
x-chunk-cache-v1/chunks/data-000058318739.z	35852	c0eb5ecc4aa300686ec2bd10be255dd5c11bc0a039c5143ed7f1c913830b3bff
x-chunk-cache-v1/chunks/data-000058414816.z	39463	f4ffe4e53ca1f60c89a2da20f0b041c360da226fa86f8690574e46aca67434ec
x-chunk-cache-v1/chunks/data-000058510893.z	37135	df0a8d30e2387fe2c69a589abadecabd5ce61ab1f7e058d33300b962ec9dd69f
x-chunk-cache-v1/chunks/data-000058606970.z	33615	394c75a5ceec2cadf7fc97a2fcc3a31416f76f05705809e9ce68c1acc2727d2f
x-chunk-cache-v1/chunks/data-000058703047.z	31346	5797aedc8f6d784749f498b02fcade7d8ad10d996ec9004fd0a1c3f149e4a0f9
x-chunk-cache-v1/chunks/data-000058799124.z	33109	2cdb44b92d074232b059b2d908c07040b1f71cb3f2979cb78a61ca72863c7a01
x-chunk-cache-v1/chunks/data-000058895201.z	31062	f3b2fee07c56abd4cce0acafad04e542618084df6c6b26648337169db0360c0a
x-chunk-cache-v1/chunks/data-000058991278.z	32022	8772533204b7b75b2927b7bb774055458a36f961ad102ad79040d8481d219beb
x-chunk-cache-v1/chunks/data-000059087355.z	31875	c46405374e54e2954166ee3feeb781eec9bdd683417ac77f40e4c0b75305d2d2
x-chunk-cache-v1/chunks/data-000059183432.z	31735	038054408f8e40069bd891f74975f1b868fd89e1ce4c9253d9d4e60f92a04580
x-chunk-cache-v1/chunks/data-000059279509.z	33205	ff14bf7b5f0f1a80549836b28ae29de373fb178c801b101cce6871ee5a9650aa
x-chunk-cache-v1/chunks/data-000059375586.z	31088	bf68e036cf04ffd18d1cbd4e8258055d81846ef7c14768fcd320430fddaaf131
x-chunk-cache-v1/chunks/data-000059471663.z	31355	390af2047b5555bc87396a9d8e386c08a991ce21f3b9bba4059b7d63d861ba89
x-chunk-cache-v1/chunks/data-000059567740.z	31538	98b7aabfdb695117a2583ee1460248bf3d281f7450401ddf0a35c53463f4a8af
x-chunk-cache-v1/chunks/data-000059663817.z	32264	06027bfbd6e7b94e905bea672bdc405cc0ad28ca5a8ed18b38a24bb10951e32e
x-chunk-cache-v1/chunks/data-000059759894.z	32951	57407b913def274bed3b5cdcac521176b5e1bae8e2c71bb0cb7c71157b249618
x-chunk-cache-v1/chunks/data-000059855971.z	33329	83808e35f0ac798f071d648e68a5723f5689fe0bd2c464ac97149777b4a21057
x-chunk-cache-v1/chunks/data-000059952048.z	32957	05396acac21144401e700e284005a432b142ef36878e66ad07390c2934319b68
x-chunk-cache-v1/chunks/data-000060048125.z	33375	cd0f2d586d36c3770f1a7671acae23e5aee9e793cb48905efd2cf846bdd9362b
x-chunk-cache-v1/chunks/data-000060144202.z	33528	58fc4a764eb37827d11bf3f2e29b6005c835d8c1c1d56172c2dadaa00961f2b1
x-chunk-cache-v1/chunks/data-000060240279.z	31803	71d4b1b52abd2fa24f6f761cd01f99d1783cbaac31524349a3db77081a7c6c5f
x-chunk-cache-v1/chunks/data-000060336356.z	31562	359f373dfcb436d53f5bc4a8b84d2e21a84ba99b29f00696134a74030deebcbc
x-chunk-cache-v1/chunks/data-000060432433.z	31446	29738a8953f18a935195a59e285d7475c7c7717f504fd14fe05d3c5025e1e044
x-chunk-cache-v1/chunks/data-000060528510.z	33830	9eb516b8f47613f0a1e1ab2c231614552ca1876dcf232a3c0a429e2ab484266d
x-chunk-cache-v1/chunks/data-000060624587.z	32847	6bad9f72bfd5e0ba16c7cae1c0611738aa1d47f2f2a422bd4e804b3314b8c38d
x-chunk-cache-v1/chunks/data-000060720664.z	35820	e17a9fa4723af190f3e29e4ed9f473606fc8bbdd4734bd6631401b887b5f7ce1
x-chunk-cache-v1/chunks/data-000060816741.z	38192	9c72feccb7e088e318c7d23142e0cd05c503501284e4c1fa337183daa5f23088
x-chunk-cache-v1/chunks/data-000060912818.z	38021	73926a516292094d3267107dd44905c0022f2f2e6ff20e36c3bdbf184f83f1b8
x-chunk-cache-v1/chunks/data-000061008895.z	34817	3841f9198c5cd1f33be04b511690d27fd5928835c86fa2509ee8bc3c0c75e816
x-chunk-cache-v1/chunks/data-000061104972.z	36637	8963b59dc949a9c9ea8240791f47a705646fa0d35fadbd0624f5bb7b8164248c
x-chunk-cache-v1/chunks/data-000061201049.z	34902	8a76534548b3c286289e971e77b3f559a1575f47fc372fb7075289d8b575eb2e
x-chunk-cache-v1/chunks/data-000061297126.z	38284	bdd6c04f2652fb68c66bd1cb6eb5c47873085cf96112f12c55747a87275da7ae
x-chunk-cache-v1/chunks/data-000061393203.z	38066	8d1cc4c534a4c490e8b594f95144aa91f8b3323ffeb34f56ea36b173a69ba061
x-chunk-cache-v1/chunks/data-000061489280.z	38228	8e5216caf84e2765b69eb20a586d916f4790c27e45d5efc07efe34f94aa31858
x-chunk-cache-v1/chunks/data-000061585357.z	38483	2fca43e5fb8ae379d47e243b7cb326a6e2c8e7a1059776bc3b8dbe550aa6d2cf
x-chunk-cache-v1/chunks/data-000061681434.z	34951	7c64ac0680837422f332f6caa5eb1fe061cc1dac3de2ebfd89c6663f07f459ce
x-chunk-cache-v1/chunks/data-000061777511.z	34097	d9d9c04a4620ac4c72f5d0884f8eb7b9677b66714ea8370cc649de44390544d0
x-chunk-cache-v1/chunks/data-000061873588.z	33272	d7d398a8372de35cc0ad5a9eeabe236d71a9cd5f78d5026885cb14836fd6d108
x-chunk-cache-v1/chunks/data-000061969665.z	34672	b92720fcf1b00e631bd67f3de188149ad9bbb046412874b538b02caa4527c611
x-chunk-cache-v1/chunks/data-000062065742.z	34723	ff80570ef38a7a84a8c8b79809677337221f344b0cd8702bc54fce1cef99f6b6
x-chunk-cache-v1/chunks/data-000062161819.z	37378	f57ad518777c393d707f3b03a97a1411122657c090e795f92c9f75ea533812ca
x-chunk-cache-v1/chunks/data-000062257896.z	37309	f40018cd95a8cfe1901c9313234a55e3c1ddd17a4de5c0810f54ff0818d5419b
x-chunk-cache-v1/chunks/data-000062353973.z	34407	37c7e9c0aee9fde8b535c4c4e2b47015ab093af9d10ea878fb147bd3675a9ff2
x-chunk-cache-v1/chunks/data-000062450050.z	35960	ccc44d1087b9824782dea2206455358440de5de0ceee9c1d5129656ef947903e
x-chunk-cache-v1/chunks/data-000062546127.z	34097	2aa3226c4e8ecf6425e4abbaa9261c92d6ae03e8c5a77489e96f11c3169b9d99
x-chunk-cache-v1/chunks/data-000062642204.z	33912	817e2a6c2a3810e3817893bc2789384ad717e7a67e6fd6dbcc0f66610d31ac12
x-chunk-cache-v1/chunks/data-000062738281.z	36660	36b58958cf3f3fffda71f814a9a41896320fc8f0a1a61045fa21b44b064142bb
x-chunk-cache-v1/chunks/data-000062834358.z	35597	faafd46e7d5a3d11150f670d3aa9295177125860eef40b0c22dfe76c02a9c3c6
x-chunk-cache-v1/chunks/data-000062930435.z	35277	3f0fa0f0bcd9d3971f7c8106a1ebba1cad93dec2190e8e36da351c7abca6f444
x-chunk-cache-v1/chunks/data-000063026512.z	31827	e6e24941897458fa635cee550580688e2d0d6a7d2306db4144e90169c7946728
x-chunk-cache-v1/chunks/data-000063122589.z	34026	a02d25afb85c1820645e1169a05a74982781a33792f8a5789b6d769daef46aeb
x-chunk-cache-v1/chunks/data-000063218666.z	35037	3200e87b14163b430c1bd1b16e439743ded50f3f268c5f43dedd69d62179e204
x-chunk-cache-v1/chunks/data-000063314743.z	37056	fbf91669bd7bd620b87d2d04b3d075b2e4ed047f3379f842c29557d1188a0aab
x-chunk-cache-v1/chunks/data-000063410820.z	33287	c256b3f9b75cc30997596a81dbd07b0c33ea2c13f22db39815b4bde22ff19b97
x-chunk-cache-v1/chunks/data-000063506897.z	36965	2c879ae17d9b0ece0c07e7ccbc48e9437cd7599162985f58e9b0d7c2bfe6627a
x-chunk-cache-v1/chunks/data-000063602974.z	34702	d1ef7a8783f10f7fbc75cdee262abf7c14b73d279abe0acc0bbe14af0d9e2277
x-chunk-cache-v1/chunks/data-000063699051.z	35959	9e6af097dbfb8af95633428ac59dcc89011e7e0bb8880014fff7d321c8a1fece
x-chunk-cache-v1/chunks/data-000063795128.z	34386	b6e00be4cbff44f94d0d641c05c40e10a1b80870bd40049db60cc16631d2ad63
x-chunk-cache-v1/chunks/data-000063891205.z	37131	f677bd0b373c17765ca0baddc1d1a908fa68b11bee57e8c5c67969047c31b625
x-chunk-cache-v1/chunks/data-000063987282.z	36228	b0dc8601da26e585abdf411276ee0c67023cbb2c0800fde956e7e35898b8289b
x-chunk-cache-v1/chunks/data-000064083359.z	39538	ae5b62344b0d095f33a9704d0c8fbff9cb27a0e9b60028f55dc9d76cb961023c
x-chunk-cache-v1/chunks/data-000064179436.z	37106	f70fa40c82a20633e27697ac30ef00f49d433ae20537963555e0dbaba346a516
x-chunk-cache-v1/chunks/data-000064275513.z	38865	96265e7059ef86a3e346bc847245ab3f8c87225f4676450bcc37c4d23f38614f
x-chunk-cache-v1/chunks/data-000064371590.z	38189	96a667d78fc7a34b0d79903a02f434d427914b94e8b30471908f70af61758e00
x-chunk-cache-v1/chunks/data-000064467667.z	36899	a993e26ee6b959be997febe5dc85d805209bfede120aa01b2fe72e0a0bda4a9a
x-chunk-cache-v1/chunks/data-000064563744.z	38620	3082443707997fd97856ac4dc30a0f8df82242afa0f4f3ad6d19d0d23892352d
x-chunk-cache-v1/chunks/data-000064659821.z	39822	0db7a4dd765bddf8a1d42f288ba92c290ef8c9808c630741d68e13f2309f4e40
x-chunk-cache-v1/chunks/data-000064755898.z	38597	ad9989e530dbb138d103217a3b2faee24042301ced8d3f0a6a0ea4c1177473ce
x-chunk-cache-v1/chunks/data-000064851975.z	37681	f331babc78c48c06bb59796404c9a35020c969d947fb7c66c1b210147c8bb31f
x-chunk-cache-v1/chunks/data-000064948052.z	38490	8d6b5f3fb9171598a67cd05647bc06d99112972d5bc8144101451e942a0c1b5f
x-chunk-cache-v1/chunks/data-000065044129.z	41248	a9c1cf2f9c1a5abbcde0df252df59a4426d2a70a048558a6158c2da24407a2db
x-chunk-cache-v1/chunks/data-000065140206.z	40740	4ffe91836943533756667832f86a3c85f8e9f2bfe5c8b63b691c1266380f36a7
x-chunk-cache-v1/chunks/data-000065236283.z	31592	0dcc88265b6af5e02e7b5038f7050bc8a33e619c648ddc3a3da111d4ecfd62bd
x-chunk-cache-v1/chunks/data-000065332360.z	32201	9b1bfa093cd73d5b8ecad095301aaa5ee89bda2912959f62ab343d9f15256472
x-chunk-cache-v1/chunks/data-000065428437.z	34742	2b1775c8d85419a4ce405785285999b82c1ac6c4f8412ad860277e26f2ba20aa
x-chunk-cache-v1/chunks/data-000065524514.z	37568	10e88ad7e16208dcff840c7b4cbd8071264548cd05336d07de78abfa416b2590
x-chunk-cache-v1/chunks/data-000065620591.z	31728	3bcb5e58baf47629a2ca9cc50fc44e552644e956126e125634ba5bb07861900a
x-chunk-cache-v1/chunks/data-000065716668.z	39700	497c23c97d9dfab6cde8943e8cce27b144cdde26c99f972338ef2bc48db3f6cc
x-chunk-cache-v1/chunks/data-000065812745.z	33972	87daf3806696bca8ecf5e32bb5c76f97102cd4ce681f4bc18b35b4a67e59b211
x-chunk-cache-v1/chunks/data-000065908822.z	35026	ee81aaed372b65ed4766ad7cbf5b17f5adf3ca12a7e56609e985f283b3d75176
x-chunk-cache-v1/chunks/data-000066004899.z	34973	ddc7b93c0df1244579db492a1df42f31d6a88f7d3f293eed089bc89a19db21a7
x-chunk-cache-v1/chunks/data-000066100976.z	36175	f31ea000efd42a6f532224bfc1485ca3675dd5a1ccc95a8da7bce4c8d1c5efeb
x-chunk-cache-v1/chunks/data-000066197053.z	36143	8517e1ce2a483534a6b3a2b154772968b08cef156119e07c6188f54dcbc6a49e
x-chunk-cache-v1/chunks/data-000066293130.z	38344	363b8c1a2fa7bd3da145d9cd156b0294fba8a3d8ab55aa3032a68e998f9b18ea
x-chunk-cache-v1/chunks/data-000066389207.z	33562	e7d43187b6f2cbe4d25b94319ab8a87832c47e0571bd074357ad25b765b6f150
x-chunk-cache-v1/chunks/data-000066485284.z	34933	8582686630e713790c9c90e00ed6687d1cdee515a1c7765c4602eb95e4357d30
x-chunk-cache-v1/chunks/data-000066581361.z	34541	eb8ec45ffdfd5b09fba58051cc8a724c7da0c453f3521889af8adae188c83c26
x-chunk-cache-v1/chunks/data-000066677438.z	35522	7c3b93621fa3d7c816b540f8dc63556133c308b665ca24193bf728eca4cb8712
x-chunk-cache-v1/chunks/data-000066773515.z	38514	9097d47f30dd27b0285108dc5539e1eaab231f504a2cb51b94bfd469e12a3ef8
x-chunk-cache-v1/chunks/data-000066869592.z	36647	623d742a94eeac131d9ce5e048f44ad2dc5c74de09cf060ecde7dff16ed2ff09
x-chunk-cache-v1/chunks/data-000066965669.z	34302	823709c9bb3abb1e863a2e7dd7d3e54fd7126c3eddb2160ba0808894882d7825
x-chunk-cache-v1/chunks/data-000067061746.z	36874	61408f48d81832c41df4810a7918d69eed7dc8a0e3b6202943b0a534f89ba707
x-chunk-cache-v1/chunks/data-000067157823.z	35181	9f8089f72bd13bb8aab5537424aed52d4383900c4e8c9ebed1c650baed46fea4
x-chunk-cache-v1/chunks/data-000067253900.z	36712	3af1fe6472d7370a497b6241b0e66452034f05fdccbe1661514a15d0d5304569
x-chunk-cache-v1/chunks/data-000067349977.z	40018	61f438771001c7a62c7279c71b04416bd8f9d253e4476188cfd6454512c11559
x-chunk-cache-v1/chunks/data-000067446054.z	39003	e35bb3c2be933b47bb7ce7689b9364f51b5766c073823d265bf6bb3c8aa847dc
x-chunk-cache-v1/chunks/data-000067542131.z	34649	d27797327c841f62ceb0b008747cdbbe3faab0c8ec6d6269179de32e5c6f0384
x-chunk-cache-v1/chunks/data-000067638208.z	35491	a9c50d18d765be42163d23fe53e6ffedddbdc5fd83bf9bb15fd974b9efa4ed43
x-chunk-cache-v1/chunks/data-000067734285.z	37521	df5c6744499781d243273caf0223ea4510c38246f28e2b1f0d0b235cacb755fe
x-chunk-cache-v1/chunks/data-000067830362.z	37575	35b90e7617fc8a7d62e0203822d2d22a7da110e2827a147f71e249ccedca11f5
x-chunk-cache-v1/chunks/data-000067926439.z	35882	607c6d53fe74ca7bc5013eb165233ec18d126bde3e44f4720c3598546ad38a11
x-chunk-cache-v1/chunks/data-000068022516.z	33562	0af77ec3b037813445c922b9d875e5f2e4db7d6bb3095e15f40cda0b08bb9e1c
x-chunk-cache-v1/chunks/data-000068118593.z	36343	8db81236b70f86a71688db432dc45d5a35ba7a6d308cbbbaf6817ba7769ca6c8
x-chunk-cache-v1/chunks/data-000068214670.z	36322	dec9f10360efceeb15dc2fd67e684197ed0968b891e88c2756292fcc6d72674a
x-chunk-cache-v1/chunks/data-000068310747.z	41804	d41c465778648523ba9c7d66e18af1fb1e14fee4e74e998d0bc5703f01d5d9c0
x-chunk-cache-v1/chunks/data-000068406824.z	35767	db0a2bf87d55e8db55db7b21d28ace27b14fbff1dcc500816a71a44284b81a00
x-chunk-cache-v1/chunks/data-000068502901.z	37266	903e1b560543439e84cc85b217d0f5ea9f2c42a53a2ea2f3bc1819bba0636693
x-chunk-cache-v1/chunks/data-000068598978.z	37946	e7b992b27cacbdacf4e628de805ea05004e539a756f358e9435409084215a605
x-chunk-cache-v1/chunks/data-000068695055.z	37652	3a84bfa961c9b8766e33e34e9cfd5bf127b5b96d592d458e32846c2254bb0f58
x-chunk-cache-v1/chunks/data-000068791132.z	38149	00332a9bc970bcfbd18ea099df3441ad4c33c0d3ed9423716e3ab2171900b466
x-chunk-cache-v1/chunks/data-000068887209.z	37025	39783d34f307abdcf8c6dcd740ef661c07213c3a652739a17dc57eee3b68e3b1
x-chunk-cache-v1/chunks/data-000068983286.z	35333	7ad090c8e168fd6c65e9b1cf022265a39becd692871538038e4acccb958ba698
x-chunk-cache-v1/chunks/data-000069079363.z	37885	de240e7056fbb2e872ffcc085c3fd5733d3f3250da43dff960d516a12d7a13fe
x-chunk-cache-v1/chunks/data-000069175440.z	35358	34673e1eb9b294df39c48bac43d56d53daa165184ee41ff3f861b3ca4da69bd6
x-chunk-cache-v1/chunks/data-000069271517.z	35477	805ac2915bae93ab6328903d57dd638118a816d9c0cde079131ffbcfc95ba816
x-chunk-cache-v1/chunks/data-000069367594.z	35912	14f6a7b250b03661a3447365b844579050fe8e3b6954e98a8bfd907362858bf9
x-chunk-cache-v1/chunks/data-000069463671.z	37555	8a4b869de8e410069179bbc1135b33e70ea708a7b0dc6ec7739e9912d15d4669
x-chunk-cache-v1/chunks/data-000069559748.z	39634	b9bd38059564f63dd6b7119a1ca8ed6c7d3e47bd257ba5bb4a0bfb24b00c5985
x-chunk-cache-v1/chunks/data-000069655825.z	38875	699587d4ee51152d1c5c0764387bf936f5732b67ed843b5c1774fbd79e68c59f
x-chunk-cache-v1/chunks/data-000069751902.z	40295	686f8dec190f06ca064bd391b525d802cd4f94f77b9e596232bea6022699fc8f
x-chunk-cache-v1/chunks/data-000069847979.z	39973	8d452d5c5883061c0b33b529be3cb196917e5a8ad87abff34e5c5d909dbb07a3
x-chunk-cache-v1/chunks/data-000069944056.z	39495	5823edf719f67a424c44e71c9b29403698d8c7106f638ab9940ce22bfd438805
x-chunk-cache-v1/chunks/data-000070040133.z	39200	7ce4ab5638ecd4bd40264bb9934bd750e6bffdf2ebc5c673c4f04d1e2072c3f2
x-chunk-cache-v1/chunks/data-000070136210.z	39180	7e5b80ea8b49dea5faa9794b13182a85238aea6c7ed2901aab88d932d1c9df6f
x-chunk-cache-v1/chunks/data-000070232287.z	41307	67608ed4071e225ab19fa39139668f477bfdc0cdcf565ab2dbca065aceb9377d
x-chunk-cache-v1/chunks/data-000070328364.z	37563	f924e36b151f43b6ffa8b2d214dfc51a221900463b53e1d03aa34dd8140b5e59
x-chunk-cache-v1/chunks/data-000070424441.z	39617	0468f3d71629d2120f232d47872eb2c34938d7644354fc433a561dcd681af5cf
x-chunk-cache-v1/chunks/data-000070520518.z	36492	c3c02d394337df837f095ba09ac1ee70b11254fdb5ee7ddd68dad324e73fe1f4
x-chunk-cache-v1/chunks/data-000070616595.z	39488	8986701e3549275c58cf93d1e27c46635f8d607026fdcd79e71ed5b020487741
x-chunk-cache-v1/chunks/data-000070712672.z	39027	ee1c579a006699ef4970b4d1db0eb06bb3af5e2d0b11601dbca7a13d3fb6e9a8
x-chunk-cache-v1/chunks/data-000070808749.z	42154	f77bdd7c3d0a86aad103717c7e2a7263d3f59a52bbba855bd1fa0c71b5475e54
x-chunk-cache-v1/chunks/data-000070904826.z	36702	4f261d1c24069e51b3af8275d0e26f6b194b8765d207f13855b32ea168072dc1
x-chunk-cache-v1/chunks/data-000071000903.z	37709	09e4564b7ed0133ce2abfbaa47b43c7179051c5a5d347eb30e8f609b0794e7ac
x-chunk-cache-v1/chunks/data-000071096980.z	36949	f333251435f2fb1e422950c36932be312240f1541c254893442546a2fa354a24
x-chunk-cache-v1/chunks/data-000071193057.z	31461	6325415c8f688b8d87b3671ff5bddc13af5ea8860c5d9aa5daa69329978dbf00
x-chunk-cache-v1/chunks/data-000071289134.z	34395	334c536b9fdfd79d0cab2023fb84759d35e203cbff000bb9df5921d069ec7f48
x-chunk-cache-v1/chunks/data-000071385211.z	32875	35ab39963aa197ff7e222b8dc5930c9a4ca7a3a3df2c0e2ed1f28f058704f58d
x-chunk-cache-v1/chunks/data-000071481288.z	31219	8361133a5456025f7c7fe110d98947b3d47dcaab71ba6ddbd093efa6bafe1b79
x-chunk-cache-v1/chunks/data-000071577365.z	32398	f43567e97f3a6c4eca9098d66e193a9ab09c9723222356b4f78703a905e9d7de
x-chunk-cache-v1/chunks/data-000071673442.z	33644	47cdb6fd17a8e9368d5901eb199ceeecde0165632def03ac98af7a9d5a02e266
x-chunk-cache-v1/chunks/data-000071769519.z	33519	af6c4cdc7a4efdddc0a2015f35b831f1a063a4f8f6bfa7ea855054837a94bd44
x-chunk-cache-v1/chunks/data-000071865596.z	33911	72c526ec54329c901de0ee1c1cccf6d1728ca11c325fe32322cfe4a37567f05d
x-chunk-cache-v1/chunks/data-000071961673.z	31797	bdab59d8339966188ba8712fa63c9a697baafcbdb488fe610b28af355f2d27d2
x-chunk-cache-v1/chunks/data-000072057750.z	32600	4e9c77d04aa22106b1d305c52c937065236101bd8fe66be056554b6538fc8cc7
x-chunk-cache-v1/chunks/data-000072153827.z	33784	93a8eb2d6d0bb39dbddac76ceaceb790f68418747fc06e76f904867dd41550cf
x-chunk-cache-v1/chunks/data-000072249904.z	33028	574cd2f57db559c57e455d4f806a6cc854b5051f76c56d652ae453eb641690a8
x-chunk-cache-v1/chunks/data-000072345981.z	40760	c02253ea364d39a176f0fd4e010060e871717101aedb641168dbe8484ad36557
x-chunk-cache-v1/chunks/data-000072442058.z	40506	fa7a24b8e3145d42950faf2176056bf68ee741608319540b26fbaf465b6bce56
x-chunk-cache-v1/chunks/data-000072538135.z	41860	13dcb40d0df2a510317cca285f165d69709b106a21d26479a4e5ec96cf11cbae
x-chunk-cache-v1/chunks/data-000072634212.z	40764	28f279258513c548be7c35ee1935aa003adece1e41edd3f066add7d17cc84077
x-chunk-cache-v1/chunks/data-000072730289.z	41644	da1e03fd0eeec761b3003d768da8ea432f3328c40426b0fb0a411580feb564fa
x-chunk-cache-v1/chunks/data-000072826366.z	39199	f696085b8ef712070c39a60556e96aaf603df1a93a9f856208071c5decb958d3
x-chunk-cache-v1/chunks/data-000072922443.z	47664	2e10fd923241a41753fecfe3c92cb82e8d8267252c611ec4dfb1fc76f1f485f3
x-chunk-cache-v1/chunks/data-000073018520.z	43978	a5de4cd665b84266ad640d5ac8eeb3828786fab20de1edb2d42440130df0ef31
x-chunk-cache-v1/chunks/data-000073114597.z	43365	4838ce6ca606759dce6f9c91b275a38eda2663a90054796dc40e01967ef1c657
x-chunk-cache-v1/chunks/data-000073210674.z	43583	911d4bbba35875cd095696c342a12383bee1d53d3ce23f28ec3c586e41a73399
x-chunk-cache-v1/chunks/data-000073306751.z	40765	52439501e8316154982e67b4100e997a2539e3dfa10e9fb984e43f88d9960b44
x-chunk-cache-v1/chunks/data-000073402828.z	43120	8c5d6c2143e5ef0a0f35e8609f938098dac4c89ef8c0bd6a3647a5cc5f0b6c51
x-chunk-cache-v1/chunks/data-000073498905.z	45584	d56a8b690f9933af9c406a492a686eb482246d80d75e9687c6ce785b2631e88d
x-chunk-cache-v1/chunks/data-000073594982.z	43615	60817266901c2186819eb1e8baf50b5ebe02124e18d18d2cdf2aea5d3e44e66f
x-chunk-cache-v1/chunks/data-000073691059.z	40014	3a2c585403b833b927b9dcaf38a50bd8def84e16b6b434df9a6d50bd618dc6c8
x-chunk-cache-v1/chunks/data-000073787136.z	40834	cf851dc9e5af7c880f33bc14b4c09b9563ddf711c5bac930435c233d24673e66
x-chunk-cache-v1/chunks/data-000073883213.z	43887	869db7b718fe1b209287bf5409f67d0f335354e2075375bf6d0c6d30fecaba41
x-chunk-cache-v1/chunks/data-000073979290.z	44174	d2e5b9c6f901f2a836a8293b71b6da1e97637a7a6ef65b88920c0a0d525f1414
x-chunk-cache-v1/chunks/data-000074075367.z	45354	96d0e75880a2efb8bef26f8802c6c62a92f99f20953aa932b921607f34f916b6
x-chunk-cache-v1/chunks/data-000074171444.z	40155	5df32936b41497b8cea752a424b85dd4bed6eca633f664fddb07b5d313e1db32
x-chunk-cache-v1/chunks/data-000074267521.z	35353	6d2510f070d0c785f1380a6a84dc93518f71249466dcdc8122ad9fb95f12f4fc
x-chunk-cache-v1/chunks/data-000074363598.z	35634	607c6dc4cacc03f4534ad6f47211fb534add422f71334e1dd1272a015ae493a3
x-chunk-cache-v1/chunks/data-000074459675.z	33920	bc24ade9a11da4c77a9c3fc5f58bf26a95ed5217c6b48708a57b61b4e6d4ce59
x-chunk-cache-v1/chunks/data-000074555752.z	34931	5d3a363313e533f5e110e3f0cbd7a44b361fa72a3f0b3cdab8f05f97e394b396
x-chunk-cache-v1/chunks/data-000074651829.z	33824	84e1e246bc1fc5079cabacd69e9d34b415c9c1a74728db2874490a9a0cf68983
x-chunk-cache-v1/chunks/data-000074747906.z	34856	bb095cf971250da16131f568752a49dfcd333ba8c6cb12ec7bc3ee04115ad9c3
x-chunk-cache-v1/chunks/data-000074843983.z	33991	9040bc4c91eeeb2d8a55d93ea6ecfc529238c1b5049859c852380a133d885800
x-chunk-cache-v1/chunks/data-000074940060.z	35242	cedcd1c96f8d003681c8d14f4dc41070dd2701357cac68f93e72109d0ffa80fd
x-chunk-cache-v1/chunks/data-000075036137.z	36476	82c02ee2e6a723cb55dc041cd5ac70e7ca42e50b4b073100ea04c01dce74affd
x-chunk-cache-v1/chunks/data-000075132214.z	37438	8071b73efb0a57896d3b268a24776e514af34d9fb5d177b92b641a924a3a2d2f
x-chunk-cache-v1/chunks/data-000075228291.z	35612	354d7e5e93f61618712b333cdbb7ec1510bc56250da263f5d0fb5d3c734051cd
x-chunk-cache-v1/chunks/data-000075324368.z	36103	165aa277e591b9155b9d093a1e855af3740c473e1b10820d90ea4b8be27d64c2
x-chunk-cache-v1/chunks/data-000075420445.z	35669	a8ea2846b95a62306fcbf4b14c687f3cc97ac4787644e9b260eff51a4ae8fad1
x-chunk-cache-v1/chunks/data-000075516522.z	34316	3eb0ca8b1f922fcac5160c0ef993438fda3660e885201e68da448d4f2d8112a1
x-chunk-cache-v1/chunks/data-000075612599.z	38217	fe9de760aae2eb1e082f7cc208c1049e7b912830c25e09e2d0e43618073702f5
x-chunk-cache-v1/chunks/data-000075708676.z	40090	7d0cc8713bfb511fd83191f4fb559de1377142aa24b72edbe8c333f5f78f4078
x-chunk-cache-v1/chunks/data-000075804753.z	36772	c3b76badcea6b6888870537b21c1a290e8033fd9c7cf7b37e900a4c2b4ce6308
x-chunk-cache-v1/chunks/data-000075900830.z	38368	cf429be4799b52210c994ab759b4857facca3c75e83cb6b46c65678a16c79c87
x-chunk-cache-v1/chunks/data-000075996907.z	36172	a65490bf75da972f2824a83bdc4c653f7db6b7b9764a3a09a990eff904ab1ea7
x-chunk-cache-v1/chunks/data-000076092984.z	38949	9bb26d050f1245f0f807b85df06ba85911f62a43ef62d37f92b24dd7564178a5
x-chunk-cache-v1/chunks/data-000076189061.z	36292	4365a5e1425f7426ebb563682eaaacd2a06cf6d15dfff397d39f5829061703ac
x-chunk-cache-v1/chunks/data-000076285138.z	38323	ebdc10864491b7af889f4448ecea958932a8d41b4c4354f25951ddced0a5f015
x-chunk-cache-v1/chunks/data-000076381215.z	36895	f9c24f7a423d9c15a3c08073d488ce68872843f911652f414ac079ce128d4e78
x-chunk-cache-v1/chunks/data-000076477292.z	40895	1091820174a9dd27a4e2266d24f2b86b6d8c4907a921adbc5e9b9b8cf7ca6817
x-chunk-cache-v1/chunks/data-000076573369.z	38461	2868255920337beba9c1d78274313d0c2a33825e83dd918535559a45ced8c11b
x-chunk-cache-v1/chunks/data-000076669446.z	39372	73868b8276b9ff617ad38d3a867000d6e0e6b365933dda99488beee4125cae13
x-chunk-cache-v1/chunks/data-000076765523.z	43250	d7375304e0f8953a6932a9ce9512711f3fdabc33366e72b6530d46fd5bbbbe1a
x-chunk-cache-v1/chunks/data-000076861600.z	42215	c115f9d0ceecc5d4f9d5cc9ae0ef455de80d38c006cd02b3676415f388912c08
x-chunk-cache-v1/chunks/data-000076957677.z	38836	165c64beae3c7ff0b2687befa6175320c7ba3a52338f7538483bebfae2f330d0
x-chunk-cache-v1/chunks/data-000077053754.z	39887	891b60a63638ec3ced2e23559f3ed4659d7e9af33a155c377588b3f3a9d4187f
x-chunk-cache-v1/chunks/data-000077149831.z	42686	7bf0690d8ad1551393315023a14caffe534c6dbfe93c998f0fe709b2e484fb82
x-chunk-cache-v1/chunks/data-000077245908.z	43588	6e889c76c8e589750567f7b43ed6a34780a7f43d8d23942cbdf4d6db08652d2f
x-chunk-cache-v1/chunks/data-000077341985.z	40611	5f1f1e62322c6cb7da43a79a644225856974a4ce7021d7ae16cbc271b08e9e3d
x-chunk-cache-v1/chunks/data-000077438062.z	38511	dbd557a14d04f0246dd8d2768c350d5a2a954b8ff6911ca24bd8745194fd501a
x-chunk-cache-v1/chunks/data-000077534139.z	40258	051e158b5a77c270913495812b119f1e72e8f63f47c31a7d2a4babd337b52f86
x-chunk-cache-v1/chunks/data-000077630216.z	40883	d216795dad8bdacb566eededbb14ef8c44d6d18de8e8225ad9f4ad7e9e110fc3
x-chunk-cache-v1/chunks/data-000077726293.z	41443	8ba5c8b4d58a5f57d9526847dceab619203315311c51b6c5d78a49e6b7f13eb1
x-chunk-cache-v1/chunks/data-000077822370.z	43027	8a2d961cd975519b1cea1e10d09a0353614f0711525f2e4bbf18774b878b679c
x-chunk-cache-v1/chunks/data-000077918447.z	42053	aab1b5e60333144cfe90a0ee0a46f68e42fbdf29ab381168fab828144f40bf66
x-chunk-cache-v1/chunks/data-000078014524.z	44373	7de9e49536d22cd7a82525a1a24bdc9cf86802f863b2276eb23afcbad7a86f84
x-chunk-cache-v1/chunks/data-000078110601.z	45462	9bad7a339a8b028bbddfb5dc6db773fe0958a48a5ee1065ef1f52163bc21c6b0
x-chunk-cache-v1/chunks/data-000078206678.z	42690	902741fe6a6357f34556ab267843fa9278b33447e615f2ed0006ab503be86afc
x-chunk-cache-v1/chunks/data-000078302755.z	44239	517d9b5b03f114ccf5ebcffbbc72d697c876cc0ce1a1a368e1255ca8aa87bc9d
x-chunk-cache-v1/chunks/data-000078398832.z	43358	8b86fc5c754ffc75459f892dc2385d552aa04b92761cdad1c9dd518b725fab69
x-chunk-cache-v1/chunks/data-000078494909.z	45160	59f6acd65c40fb30f5b6b628db07b774be1e69b327e48d4670f2d13a8e9ab093
x-chunk-cache-v1/chunks/data-000078590986.z	42879	3bbda12cb35afbd497be0cc57dec850ccc7fe01b4159fcc4bcc9035347f04266
x-chunk-cache-v1/chunks/data-000078687063.z	43571	ef196e6cf1f4af38ea8aa3b90704b1ce4d25e7735284c754184735076a6db10c
x-chunk-cache-v1/chunks/data-000078783140.z	39975	a4f58a7de028ac2d4201aa03c153960d6616667982179f06ac5d11d21d4ab0c6
x-chunk-cache-v1/chunks/data-000078879217.z	44309	e78de49637151a4a8d40ded2e87b0035d7cacf07e58270862179bb21ea8ea706
x-chunk-cache-v1/chunks/data-000078975294.z	42715	10fda76231b10c52d46987788229207d7a3c4a5ac83d07cf0d93ff9fe083fbd1
x-chunk-cache-v1/chunks/data-000079071371.z	37814	38a1eaee023ad8e9f04b9b7c31e96e91a1d8f128975217863b78407a9449fb29
x-chunk-cache-v1/chunks/data-000079167448.z	37671	ec2ffe4050075de368e769063a04c1b4a2c03033882c7084bde77073ec99fafe
x-chunk-cache-v1/chunks/data-000079263525.z	38136	a36dd212f6652cd86bbfc14e24b3c5c795ad56bf74838d95d35bd6d01c09f81a
x-chunk-cache-v1/chunks/data-000079359602.z	40988	52d4fb3bdad0e35bcc820fa6b367cd912da5553b780186f5a635095daa4c3d2a
x-chunk-cache-v1/chunks/data-000079455679.z	38921	e69881687afe0d1842fe78f4c564444450e5cd3b017df04a4fff48aad1b0f75f
x-chunk-cache-v1/chunks/data-000079551756.z	36715	dc99a3c99f3a42470967d1e032f40165b3516513245b53f0fbc9ac69daf76742
x-chunk-cache-v1/chunks/data-000079647833.z	36445	49139b63df30f8fbd067a2f72a3d2b10311bc4c7edac39fd442d9e90d396389f
x-chunk-cache-v1/chunks/data-000079743910.z	37864	780e7d4f951e3da378c3b2b0787c871164088734b45a3d709caf3f3e1ed7ef38
x-chunk-cache-v1/chunks/data-000079839987.z	36447	d09cbd3e66f6dd8fd3a8b255457ac9517d1b94ff4082792f3c966b3cacff1a0f
x-chunk-cache-v1/chunks/data-000079936064.z	41367	64c5115da387f65374fe8a2ab34bbecc8cb9cc8fe62a62960838c3c16c7facb3
x-chunk-cache-v1/chunks/data-000080032141.z	36951	096147f044eb5e8447a3bf72f1fe260ed1fa3e52382efef9e32a33dd2e30089f
x-chunk-cache-v1/chunks/data-000080128218.z	38061	98dbd8bc625761027615b676af28341a1b43b0dc2f81151f6f337a92ed938ddb
x-chunk-cache-v1/chunks/data-000080224295.z	43077	32a656ee27ba3c8bf5fce87f1c736903e07b1c6aabff38c837d4776aca6845a2
x-chunk-cache-v1/chunks/data-000080320372.z	42340	9a6979fe8c6228f9d5f347c2f422c04dd7099fff1e99477f971ef883369bcfa8
x-chunk-cache-v1/chunks/data-000080416449.z	41404	2bdd2200fe2d4b878346eca4707910c4d02f1b9c182e49b86e87a4ae06d7fa5b
x-chunk-cache-v1/chunks/data-000080512526.z	37859	8a67b1b3373a54003b3bd056324bd2d0aa1c6d28e4e4e3dd408e82cdc72242b3
x-chunk-cache-v1/chunks/data-000080608603.z	37630	32ac99e41ef2123f2018e118ffdca920438646d87a98332b45bb84b33708f84c
x-chunk-cache-v1/chunks/data-000080704680.z	38132	9fc8a46f4ece8d121712566806dd4f12d6d51ca7666ec8b61fa50b2c3634598b
x-chunk-cache-v1/chunks/data-000080800757.z	42004	6a1f477639a4e8a926abb1f967ba2b2d87c9144138d6fc7aec3c00e10219caa3
x-chunk-cache-v1/chunks/data-000080896834.z	43508	6d1a109a3ce980418cb48d7b390a1b335101f8f645874b119c43c0a05f749c95
x-chunk-cache-v1/chunks/data-000080992911.z	41308	421e4815d32e22a96e49dac0fc368ef39da956ac7ed95100c8bdadbfc036323f
x-chunk-cache-v1/chunks/data-000081088988.z	43007	103ac6e5e5899c5ca912a31242cf494e010636d210cc66436ac9611cc7088c17
x-chunk-cache-v1/chunks/data-000081185065.z	44476	518f1d08b3baaaed26eb2db98751e2fc16758196656c27ed2b3b9b25ce6d6af4
x-chunk-cache-v1/chunks/data-000081281142.z	43811	3f0d612560cba5a765a19c9996ed0a2e93e692d650511774c25ef42823be69b4
x-chunk-cache-v1/chunks/data-000081377219.z	44838	ad8babbff442d51cb8df44239c244c54e5ef3862f97555dc7cc5f19065693136
x-chunk-cache-v1/chunks/data-000081473296.z	42902	047f2e5993bcb3ce0ecf3f73804f67630916dee18fc0a9cdc3036d53398c2359
x-chunk-cache-v1/chunks/data-000081569373.z	42802	b9c2653f19f33db683edf74a7505f4ea61d692975e1bcc8801362d9cedaae4d7
x-chunk-cache-v1/chunks/data-000081665450.z	42983	613079fb7a3da8bcd907f8b79b47e1a228db660c403b4a4759f76015cc68e267
x-chunk-cache-v1/chunks/data-000081761527.z	43815	da0b4658f043125a792e1f7731429d215126cbbc6e21b56b60865975d8bb9220
x-chunk-cache-v1/chunks/data-000081857604.z	43383	18f96c7af43316ed02df229445eea2d7fc0f8ee88075460f005048192a3dff43
x-chunk-cache-v1/chunks/data-000081953681.z	43231	f2db806fc668a5b97c8ed63b588dded51a71558d501ebb899cb0415efa3197b6
x-chunk-cache-v1/chunks/data-000082049758.z	45558	68676570f91c9c5b24b9a3dfc2268c7096e2393b499a420f349651f22b4ed358
x-chunk-cache-v1/chunks/data-000082145835.z	48713	4c93000c072db0de90136b4041e3adbd077c521fd0d9c9610615354f54f53674
x-chunk-cache-v1/chunks/data-000082241912.z	42274	bb80495cc430e94b27bc0e3fcea7b49ffe2f0617d60a8154407afeb368d96a8f
x-chunk-cache-v1/chunks/data-000082337989.z	45961	50465f6241323b197de8f7e1cf2b4273aaed2cbea1e554d911bd53aa63278dfa
x-chunk-cache-v1/chunks/data-000082434066.z	42087	72bd1e463c5f097f923e70704737236465a5a7f1c6d4a80f057478b3cc1bbf45
x-chunk-cache-v1/chunks/data-000082530143.z	44939	fd4a14e9b482ad3ae1085b9401039ceee6986ad05954e342af301db5ffd03eef
x-chunk-cache-v1/chunks/data-000082626220.z	42624	0eef66210ba07dd5630493535e6c86006c286b4f833e2ca37cd8d99a22dbe367
x-chunk-cache-v1/chunks/data-000082722297.z	45743	11add1e9c9062d695c9081fbdc68d7b16a48ba6e34d0ffb0ded965ef10f9e377
x-chunk-cache-v1/chunks/data-000082818374.z	45677	da4f657ddb85f1041273a5f666d0f264d2212ee23f9124d5315c3998175b933c
x-chunk-cache-v1/chunks/data-000082914451.z	44048	c17de20e6246e4b1496860343fdec59a7d9d34641d85f0b457d23db1a1c67f4f
x-chunk-cache-v1/chunks/data-000083010528.z	45216	545e098cd56cd8b6b3496cb53f15dcd3461182feb50dd5754d63b15dfb2a6d1d
x-chunk-cache-v1/chunks/data-000083106605.z	45488	189d4cfc0f909fedcb099b8cf0a641535fce14bb2d7462be83e16e902d7cb2e3
x-chunk-cache-v1/chunks/data-000083202682.z	37402	9ad94ea7fb3cf54a8e907dacb5f430d4a8e9c35c38621befb6fea549c3b836e2
x-chunk-cache-v1/chunks/data-000083298759.z	40408	6079921d153d0c50d9dea6e92610f1c72b5ccbf6e69ef85e7670b23dce45209c
x-chunk-cache-v1/chunks/data-000083394836.z	35737	ee7cbe0e058cb44baa62ba50e94bdc4c827526e27e2b6da19a7ee181a91097db
x-chunk-cache-v1/chunks/data-000083490913.z	36527	16209bab094222c41a973cb5f48dd512763c342913745685e2fb7444dc138297
x-chunk-cache-v1/chunks/data-000083586990.z	35062	9c2a4e9e0a98564f8d3beb085c07f00f6cb95a1e1234b78d4042f2ea372af26e
x-chunk-cache-v1/chunks/data-000083683067.z	33764	c62c81cccb939ac3cba928f3d2d0614f3f0804c0c37be9b08ea0a6890b087620
x-chunk-cache-v1/chunks/data-000083779144.z	35031	604f46ff7e12df972ec789122ad9cab3d2d0cfd0802a2a30d96cf20dfb5929bd
x-chunk-cache-v1/chunks/data-000083875221.z	35329	722d0edca9c7dbbcc26b2493fa5fa068fdef2a68aee6c49fecce41fda4ce212b
x-chunk-cache-v1/chunks/data-000083971298.z	36709	1350deb5583e5545a330b4476476f9905e84a6aadc171b4298681259a95b2cec
x-chunk-cache-v1/chunks/data-000084067375.z	35898	244f222ccdb0a2a08fead4e284e34751ca8bebbbfebd897826146185a072db0c
x-chunk-cache-v1/chunks/data-000084163452.z	37027	ef9d83f61edfe223c04254bdcf3b97a96185851cecef5beed9af130ba0a84f2a
x-chunk-cache-v1/chunks/data-000084259529.z	37991	e58ed9fff4a945c533c847b75cfeec3b22b408a7990f5e6919a76f23f48f24a9
x-chunk-cache-v1/chunks/data-000084355606.z	40793	825917fd00364cbd602eed25464716f33289d8e69663c7431c8e6535a8ed4372
x-chunk-cache-v1/chunks/data-000084451683.z	42395	164d24b8544797c8153ba44fd79a382b0b4ec7e65ae9be5cbf872d835655d44a
x-chunk-cache-v1/chunks/data-000084547760.z	41191	5b9d002cbb4c0230acd7e560838e1e061cd5677555d80101032aa8661780859e
x-chunk-cache-v1/chunks/data-000084643837.z	38313	5e8a9fa49416177b77cd72eaa51ff8ec04cdab6ebea4280d0efbe27c004a2988
x-chunk-cache-v1/chunks/data-000084739914.z	39026	a559972dc9cab94f158cfbef4a5e65c1b8cc14add40c267396d67b1ff176da41
x-chunk-cache-v1/chunks/data-000084835991.z	37603	9164cb7c5782066a052692d104206d52dad8d0396f7a2566e0aa26f60c2364fa
x-chunk-cache-v1/chunks/data-000084932068.z	42363	cce2e694f6e43d5b11fa6e8f1fd9851f0d85f2ed86bdb34c4327291cd27260ee
x-chunk-cache-v1/chunks/data-000085028145.z	39653	38b31be63661866cf73b85ad761867dea7ba820a272f54f256eae219e8b06a6e
x-chunk-cache-v1/chunks/data-000085124222.z	38755	50c87c301d577617a707217537e3a8206b9b4d061ae5cc9025daa9f16889b207
x-chunk-cache-v1/chunks/data-000085220299.z	39172	076d29f0acc78fe52064f54d4e38fcd77ef09f9c71c6cb8d7e8ec9b419655950
x-chunk-cache-v1/chunks/data-000085316376.z	39055	f28e1292ce54bea52fee74779802aab5801d3d0b7f713b91734d23df10d005dc
x-chunk-cache-v1/chunks/data-000085412453.z	41801	19e0ccda9f032f1f5f4f4ee05e6439c79248e14623daf3da763d729c8c9589ab
x-chunk-cache-v1/chunks/data-000085508530.z	40848	d4004c6c7c49ecfa2c9b29cafcdee72b0d3a535f6e0b33780e4602c3bf833f4e
x-chunk-cache-v1/chunks/data-000085604607.z	40753	163fd58bb94238ffe7259c739a7b493c4ab333b9aa066916276160fed69fb13e
x-chunk-cache-v1/chunks/data-000085700684.z	41414	c8e05573d26f2905c19ee6505f58b7516d4ce3a66804fd7327d3fb5584f12b49
x-chunk-cache-v1/chunks/data-000085796761.z	41387	1cbef09a5ec30494a8eb43b6f872756a5a7028904df4b6eb919ccab1789dec45
x-chunk-cache-v1/chunks/data-000085892838.z	43068	9673f1d6ac7797e1f8f5d8e911d43e5b440057bf13d2d54f2e21b557fe6d6198
x-chunk-cache-v1/chunks/data-000085988915.z	41382	6048e55febf8711c4bbe18cd993139dd96baccfab6f65476b6c6d9e621b2223f
x-chunk-cache-v1/chunks/data-000086084992.z	39512	e6013ac416aba209883fafd1750f10a2b1e89524ad4df4e76b0acb185bf6a056
x-chunk-cache-v1/chunks/data-000086181069.z	40052	481af8bbd786007ac8c77f1e3bab296b5b81b0fc6097e25ead64ca22ac9d7fde
x-chunk-cache-v1/chunks/data-000086277146.z	37974	8a00ad828adc765c04a4251f1090c1a035ab4ae6e5e03b55dbe32b7d5d1bf043
x-chunk-cache-v1/chunks/data-000086373223.z	43608	69375b2747ac43c1fc2252e2c45e449e88e4d38993b0eabe3b950444d08ab10b
x-chunk-cache-v1/chunks/data-000086469300.z	46108	9a1908de1f36937a3ecd4c26dd56e43ab6b5534aacafc602c46ac83bd0c763bc
x-chunk-cache-v1/chunks/data-000086565377.z	40623	34797892ae4ca67eaf40fd41921f5edde3f5a4b13bc06c4e9a88367b8ffc00e7
x-chunk-cache-v1/chunks/data-000086661454.z	38061	0b8c5719903467c5b66f2f18bbaccdb67c51b8e22d85d8331953f8c5c440744f
x-chunk-cache-v1/chunks/data-000086757531.z	40087	08622ca2917e87d5cf46ba8bbd0f89c2209fc8dec0c18ede34d8702923d64a75
x-chunk-cache-v1/chunks/data-000086853608.z	39858	f287c635148ab3776c2e4e901772c09021a72c8e77bc8006040d314fe45ff9b2
x-chunk-cache-v1/chunks/data-000086949685.z	41324	1402e48cd559d4faa0b8aa822c47494281e2281285483014d1d404c18d659338
x-chunk-cache-v1/chunks/data-000087045762.z	39686	4d4b5900f0bcd3f04e2d9f5cb663a63b7d73820c780afda723eb9bab5c69ba29
x-chunk-cache-v1/chunks/data-000087141839.z	40507	0053f9f97db96627693d7bafee52ced0e81f269d3444f1b26c979fd3f47913cb
x-chunk-cache-v1/chunks/data-000087237916.z	36145	5eb1faeba290115ffc2ce9d7a200998d44d61f31b15a10110aca4e864eb1fd20
x-chunk-cache-v1/chunks/data-000087333993.z	37907	2527eb5b1b5f23b4c4390b1cba2e51c55ecc2377ed46f277bbfedd41673bae3d
x-chunk-cache-v1/chunks/data-000087430070.z	40507	8106ac9cfe830feefaaf0361b9f33d494a45cc2120c108d969ada2cdd1161e2f
x-chunk-cache-v1/chunks/data-000087526147.z	40015	b0a4a1a8ea738fc30269410486f973352632497804b1a8101b632d138dbe8cc0
x-chunk-cache-v1/chunks/data-000087622224.z	39031	56bc1d4eb9cc3f10e8307dee3f624ab3dd5b95197f94a20d5141c8320eb8541b
x-chunk-cache-v1/chunks/data-000087718301.z	40081	a140f7f16b65d1150962f2a0c9d89b4849d0ad2a068141d0965a917c536b45a8
x-chunk-cache-v1/chunks/data-000087814378.z	42711	70299ffd4dd687f0ed009071adeada95c86f4b34e806a5d6ae7a8a2f69b6d215
x-chunk-cache-v1/chunks/data-000087910455.z	40304	75cb2af1e7bc9bbab954e99c144c8c0c4b4c4fce1d1ad4f77e19daa4ff76fe85
x-chunk-cache-v1/chunks/data-000088006532.z	42574	f1fa5acc08ff1aed4a63e1796392cb1303e756cf3050e64fc8c447d5c390e2ca
x-chunk-cache-v1/chunks/data-000088102609.z	39708	bf76ebfbb19df84e8d841454bddc6bbf58fa7d64d75ee24690250ac06c99c201
x-chunk-cache-v1/chunks/data-000088198686.z	38678	41c8b32cd8565f174ef2281ae02fa1f81a88fee40b4d1ad518ab019218d8f72f
x-chunk-cache-v1/chunks/data-000088294763.z	40483	f54a49464d5bcc8e1b1699edc8a68dbf2e957ec13514f9d0e7a22effa390dc18
x-chunk-cache-v1/chunks/data-000088390840.z	38872	61c41170bbcc225bb234af0f4e67425f6f1b9943e49ea4d4152ce4fe3ef225f4
x-chunk-cache-v1/chunks/data-000088486917.z	38846	ee305a719aadc33b31c3fb0608082956c543ab898b908766eaede6db623f8e58
x-chunk-cache-v1/chunks/data-000088582994.z	37965	06731267f7e9d99b92acd2cd2e14a06d3844a2f05138d4116c151d1eb24a0d05
x-chunk-cache-v1/chunks/data-000088679071.z	35483	d583dfb376a6050ae919c735b251a8568210ac195e68aba45053cab036fbb7ac
x-chunk-cache-v1/chunks/data-000088775148.z	37248	38242153bfff0a2da0fd502c8d0ccdd9e042566519c00674a9528133d38be846
x-chunk-cache-v1/chunks/data-000088871225.z	38954	ce6b3c47af477bee3361eed69c79982671f2835ffba99491e4327efe1c5fd364
x-chunk-cache-v1/chunks/data-000088967302.z	36024	2ab5dfe7973a90ed36c44ca28966444b4c6a5d2ff3e8b0c9b51cf47c79b52645
x-chunk-cache-v1/chunks/data-000089063379.z	36517	7b70a120ba697577c74c2ecb94b4d1ad2f71674e6b7793c05d7430c323b9f895
x-chunk-cache-v1/chunks/data-000089159456.z	37238	993e4a4e230262b540b1b6b4b8c133919121045b58b359f9f5e9f7ff41cded05
x-chunk-cache-v1/chunks/data-000089255533.z	35932	b8196e0fec22bb8575caf0e4ad18f24639f22bf8e7f83c99c512057cc053e599
x-chunk-cache-v1/chunks/data-000089351610.z	37878	298ef0ad5baddd3e3f08c5b772767e728a462e8cc74706f6f54e9a199481f6f6
x-chunk-cache-v1/chunks/data-000089447687.z	38654	d78c95be5376299c1b849f183683cc0b4f8f0f07de3d249c6543a99f14074eff
x-chunk-cache-v1/chunks/data-000089543764.z	41540	61cf26c2eb249e220f22478e20aa898129174f658bb2d39b6d9f98311b9f990a
x-chunk-cache-v1/chunks/data-000089639841.z	37971	14629cdbc79b007021ac711ff4acc4a5b7e842c0b790c016c8d81f324dd2edfd
x-chunk-cache-v1/chunks/data-000089735918.z	38855	e66157873bffde663d95451fa67f040b613b886ae5bcd26ff93d00b200caa079
x-chunk-cache-v1/chunks/data-000089831995.z	37466	17ca20c16afb6890044219e93cbe835ce0381e4801a5fd6c641672440d3f4858
x-chunk-cache-v1/chunks/data-000089928072.z	41880	027f35b3fa9681d58407250a74cc1e86fcbf23f191ae2560b0ae10db7a87b6b0
x-chunk-cache-v1/chunks/data-000090024149.z	37937	993ef83f963472b54be68831281835391c8943597b934ac914b032dd9cb0065a
x-chunk-cache-v1/chunks/data-000090216303.z	38702	bcdc056b0a69a839911841ad2bdad9129e52fce6528a18962fb85d54b5409437
x-chunk-cache-v1/chunks/data-000090312380.z	37484	fe2e57afa620c406f65fbae4d883af45af3347eccefc6d13f3051e8ef8f1d96b
x-chunk-cache-v1/chunks/data-000090408457.z	35961	a52bcfad0645033fbdd88428b39cd56cf9555abd2b9aac7712b2ba00e66837e7
x-chunk-cache-v1/chunks/data-000090504534.z	33769	9f4d4531ed8a2131b1ee0e67063a017cd726dc6f7d64477f15fe9401e785147f
x-chunk-cache-v1/chunks/data-000090600611.z	36994	fbbeb158ad160c132f1a25a6ea82d77e2556482318500145d6cb165e1ea211b5
x-chunk-cache-v1/chunks/data-000090696688.z	34417	5d6a8c858aecf39fb6a4ddd92d84dbc8d772e9946e60a12cd0c03c606de50b54
x-chunk-cache-v1/chunks/data-000090792765.z	33838	877148e11824ba4a08b944e877378cd18ef043e169d98b6402bc3e98d84924cc
x-chunk-cache-v1/chunks/data-000090888842.z	34861	832e2be50cf54e1d93414ab799d717912c761203e424458c43ed640a81d7f0dd
x-chunk-cache-v1/chunks/data-000090984919.z	34899	cafdec2f58b722361f572d9c6d9a542342deea72b6e890b60e81ce91eba75ef2
x-chunk-cache-v1/chunks/data-000091080996.z	35918	91df6f1d5dbed02b5dba56fc0176937002a3443b1781aa7ce9da07c6b8ff1dd2
x-chunk-cache-v1/chunks/data-000091177073.z	36579	961236294b1e6d670b173a6eb0d5b80beaeb0ded8bc3dd4d8ac61404d55ba89d
x-chunk-cache-v1/chunks/data-000091273150.z	34746	0d09ca2dd5318fb468942c6dc94ee5722818557babd07761e699e569c9322a0e
x-chunk-cache-v1/chunks/data-000091369227.z	34741	c7f9a4404f8d44b1fc275e9c69a68b08fac4e8b2d1e31c4cab2a2263e970bde8
x-chunk-cache-v1/chunks/data-000091465304.z	39983	4b6ed26f316f9f244e88cb5fd50a5fcf38797502cdd3d144df39e90aee83786e
x-chunk-cache-v1/chunks/data-000091561381.z	40222	6771b818e478c7b697c936fee4fdc523ff7dd37987605390230ac52b8d41c73b
x-chunk-cache-v1/chunks/data-000091657458.z	41683	a18fd2b1928c6bb518ec1062cd7f6afcbf7b84fb4eeef113ef923f0699dcd09d
x-chunk-cache-v1/chunks/data-000091753535.z	37860	6d8ea65e645fcfed166cce9f2490e7b7a218af6be560b4f9af555be13c204180
x-chunk-cache-v1/chunks/data-000091849612.z	39915	080347015ccc6eaa01af373a3f2238fcccb783bec523f041513216eb582d4d20
x-chunk-cache-v1/chunks/data-000091945689.z	40509	35aba3a35c41673ebf40df729700b6a6ecf724e6fb54eeb5629b4beef32da149
x-chunk-cache-v1/chunks/data-000092041766.z	45256	38023dd76e7313885b92496945894a51a97ec0c537048d7082f407f1d075b17f
x-chunk-cache-v1/chunks/data-000092137843.z	40883	68f0b778234f4ccd918103398367f7874587a2e883dbc3e5a0112f083f3e9d05
x-chunk-cache-v1/chunks/data-000092233920.z	41063	415cb6e7c2d9753234efac3266cdea817f494b352a967ea4e77505169eb000a0
x-chunk-cache-v1/chunks/data-000092329997.z	39416	3f3fa620ce535b4c5121b093d1fb151a3dfe96e2d9fa23f1d9c77dfd59bc5ffb
x-chunk-cache-v1/chunks/data-000092426074.z	44037	26aaa8a51987aca81c725ae6a8ccdccce794692b85f91277090a82b5e8fd504d
x-chunk-cache-v1/chunks/data-000092522151.z	40371	4aaabb0f887aa3f1020b1b4127b4d33c043ca54c0b01343e1ea2ccfdba0402b8
x-chunk-cache-v1/chunks/data-000092618228.z	38733	f4834ee09c448d77b940769684c1cc2cd1d11c003407800c8d3551680dc2d760
x-chunk-cache-v1/chunks/data-000092714305.z	40567	cde88bb290ee176f0bf631c5d5c0db085d612eb05b07f93c287e4f868681437d
x-chunk-cache-v1/chunks/data-000092810382.z	37918	083f68b91dc7333f4606c6f53822c4005cbbaa99afa2bc01a84e3bba012fe2d4
x-chunk-cache-v1/chunks/data-000092906459.z	36954	12d64f9be897cf9b413c339061d7deacbaf0cc1a3d7b3b644137fd8e3f87f9e8
x-chunk-cache-v1/chunks/data-000093002536.z	37579	b8eb01b45cb344812ce142b4f3b13958a83674f051a817e2767f53377a44d303
x-chunk-cache-v1/chunks/data-000093098613.z	38274	e10d21056dec6f0b5976f0a595c230ccf92cbdbfacd07e9c0e7ca081cc4ad71f
x-chunk-cache-v1/chunks/data-000093194690.z	36861	300f89bd9d479bdafff35640982c41e9150672c6951c18993f3c6a14922cbf0b
x-chunk-cache-v1/chunks/data-000093290767.z	37714	608f07a8157b83f91c82888ba3c2495af79bfc18b4a9f85fbfb9bb99ec4e51bb
x-chunk-cache-v1/chunks/data-000093386844.z	40366	5a7b7663a3cc5f678d09c55b16f3c2876fd8658097dfa9f7a13b83e5ae90cfe9
x-chunk-cache-v1/chunks/data-000093482921.z	42913	88e8cdb45a06fa6c53c9c35399fcdc2bf21dd513cda132af2f29e3918a025e7c
x-chunk-cache-v1/chunks/data-000093578998.z	36275	353491b7f6f9a854176d1bc2b35b715fbc18998913992a0d8a82044565f636b6
x-chunk-cache-v1/chunks/data-000093675075.z	41129	e9160f71540ff5743efacda91231d3bb4eee80f798fe43397e8909a296feb3a7
x-chunk-cache-v1/chunks/data-000093771152.z	40553	f036e0e0c9261ae4e047c366341a72efaa380cb7e75992db0f54bd6d9e25e491
x-chunk-cache-v1/chunks/data-000093867229.z	38211	1b28572a843398ada9c4266fc9cf71cbcebd07331f35cfc2209bebae4947abdc
x-chunk-cache-v1/chunks/data-000093963306.z	40761	65b174d4d4471a696d28d38f152e050342d2937eac9c5c423d0a5169de4bcab3
x-chunk-cache-v1/chunks/data-000094059383.z	38908	f92fb6d0beca4efe41983f219ad28b4744ef81e7ddb3b38fb303e0f4ac6b7dfc
x-chunk-cache-v1/chunks/data-000094155460.z	41026	b94b287c536fa22861cb12d5024704c62aba4dc493f66d77798d5d2799a8e44b
x-chunk-cache-v1/chunks/data-000094251537.z	40539	28c9b05f6a857d5b673ce104d0752c2a310482ac8da44fe03de51e0ef8f11630
x-chunk-cache-v1/chunks/data-000094347614.z	33688	5dc347f72908116626ed0d36062b4caf76dacea4c8281342fd2c3945fa0b5017
x-chunk-cache-v1/chunks/data-000094443691.z	34420	3ab4d7b7c8d53638ee6ec8e0484ae6504f0b204689f4bf35d8ab47906c21a6dd
x-chunk-cache-v1/chunks/data-000094539768.z	36371	275d34a9ea5d63aae3c878db6715b94b426eb8fdf72c0c8772bb10c987e2c670
x-chunk-cache-v1/chunks/data-000094635845.z	37712	26f2850d3394823dd09d9afd131487bb11777707fbe4c47315fb9a43ec47dfa8
x-chunk-cache-v1/chunks/data-000094731922.z	34789	6172a465b7aa923578e786df1e0bd59bb891af9ef0d6a6c876807195d6ac46d1
x-chunk-cache-v1/chunks/data-000094827999.z	30717	f06e2ff4358e99df3d2144e73054470bffb395b59db9a2c3fb5e72bad9ad5c0c
x-chunk-cache-v1/chunks/data-000094924076.z	31655	f18d1030fac22fbbd5178b8971e4e00a719aa292f372e08ed48e7cda529bf38a
x-chunk-cache-v1/chunks/data-000095020153.z	31845	30d99bd74ae9717877371d16b0ea62ffd5826e412b16c754e807c469d1514f18
x-chunk-cache-v1/chunks/data-000095116230.z	35993	59145045959a786a31e39cc69e9669a8784850ae261858b9cdc1dae57191fec1
x-chunk-cache-v1/chunks/data-000095212307.z	29805	15178f1aea332ec1fc4a1b21537f1c82d03322011a8385881103662885e00bbb
x-chunk-cache-v1/chunks/data-000095308384.z	32741	d344a28aa8034030fc4d9bdda106719fe4c606943fd6e56668e8c6cb42c8ca87
x-chunk-cache-v1/chunks/data-000095404461.z	32614	437b79fcfe2b62a2699c9209fa96ac89f5603fd012a144a690a62fc75584c5c7
x-chunk-cache-v1/chunks/data-000095500538.z	34024	c7376c040da7e51746d2c01269319e3f37b85a318615d3a822a80711605eb065
x-chunk-cache-v1/chunks/data-000095596615.z	35879	cfa7c34b7c283cc0f18cf179dd7181aa2aefbc5562bf63481a20e62c3052fc34
x-chunk-cache-v1/chunks/data-000095692692.z	32835	674be745ff969790d2ac6181ae77303e65e14c2526082760a043f914cdeb9208
x-chunk-cache-v1/chunks/data-000095788769.z	33783	87c5777bce0c60edca396106204e69833681410d46e0f188abffebf7eea5d31f
x-chunk-cache-v1/chunks/data-000095884846.z	32158	716f6a5ea6243554cdd6d3d5552c376bdc406f1b4d073bed4ab2f96921836be0
x-chunk-cache-v1/chunks/data-000095980923.z	32912	20ac2f7afc59a2e31445d0b3c1f5bc04895c17b6fc7f3ec4f5abb6738581a376
x-chunk-cache-v1/chunks/data-000096077000.z	31718	e987edacfcdeffa90416982c17be84d6c9781c01bf773fe2bf1c415755d1baf9
x-chunk-cache-v1/chunks/data-000096173077.z	32816	027f945685a64ca3a2ceb1fb8283eecb4611ee42d577ca90214cf11de2cd0429
x-chunk-cache-v1/chunks/data-000096269154.z	32147	0863f764a29d52835778452131a54e3cbc5e292c6a757f69dfd0b74fffbd6ef3
x-chunk-cache-v1/chunks/data-000096365231.z	32710	9520342eb860f7d174eb0d087708c20a3a25e1194c82e4a13abc08d5dd697759
x-chunk-cache-v1/chunks/data-000096461308.z	32181	b93db97b3786332abc8ef57ff0e508e8528185e1c5e65e39e18452fca5f01d38
x-chunk-cache-v1/chunks/data-000096557385.z	32166	2d8c88cb3358f35f547877f37a9a62f8b4f79f6d38afde5634fe46b91b74a50a
x-chunk-cache-v1/chunks/data-000096653462.z	35073	203c4f64da5b955ea137dc26ca8d8bf7f22975b06c67dc1679fb2a58c084cd0d
x-chunk-cache-v1/chunks/data-000096749539.z	36089	a46c4ede1e5da7ad22a6092010b7c22066579b2ce95173583e8f47d3910baccd
x-chunk-cache-v1/chunks/data-000096845616.z	38608	a2a25d5c1a57453ec81b6aa7b52d95df718393ecd51f12f08baacc347e1ec072
x-chunk-cache-v1/chunks/data-000096941693.z	34627	a110e85572ae76dd1ed842f885af37448f2d74fe973d4da2b27d570357bacf22
x-chunk-cache-v1/chunks/data-000097037770.z	37862	c36ab03bde1f4d4d4e43c085305bbee4451758b9a14512b19a8b84ca8c929875
x-chunk-cache-v1/chunks/data-000097133847.z	33470	8e853b9489f4ba7296c7080bcddd5b22146113c3f6bb8fcead9826dd93db854e
x-chunk-cache-v1/chunks/data-000097229924.z	38268	df6d6c926b10df9636040bdbbb903d254199774bf077f885b8bf21de93951b54
x-chunk-cache-v1/chunks/data-000097326001.z	35675	36d58c2c25a750874f07e3bae6b851376f1ae6fe62ece15dcd7a0950beb8fb77
x-chunk-cache-v1/chunks/data-000097422078.z	35465	ed162c1372c3fc609230cfb0c4a249f8d473d3354f122d37b24050d83255a7b6
x-chunk-cache-v1/chunks/data-000097518155.z	37776	4536841a65cbddee88a4ad0a13d4c3a231565bb2178aba7c4f2715f4cb0da9db
x-chunk-cache-v1/chunks/data-000097614232.z	37779	4a33c1dfcdcbffed2ac96bab94d08152799cd9237efe4cfe0ae2938d45a17344
x-chunk-cache-v1/chunks/data-000097710309.z	37105	00780ac6765ab307a5c441d5e3c9a4e2220c7d35f7e04ff1692d1fd34ef294b1
x-chunk-cache-v1/chunks/data-000097806386.z	36533	be5926c7c751cae58ddfa26555aea6cbabe8eaae6323973fe32f79092d6bb878
x-chunk-cache-v1/chunks/data-000097902463.z	34860	3649de296ca2bd0742994f1eb09b0939667628f6d779199cb7c8ad757d967f3e
x-chunk-cache-v1/chunks/data-000097998540.z	41868	d0585758b79d5442da795fd593b1909698169ce1d3dd0cdda1808998ff672f46
x-chunk-cache-v1/chunks/data-000098094617.z	39840	5e3474241b0fc3ea54ad1c65cb20a45322e3e17ea34fc5d446a507c3475515ce
x-chunk-cache-v1/chunks/data-000098190694.z	38198	cbefc5009e2dfeb716e5f297246fe23659bf4e1b002e251f2d1358d4af3ee8d7
x-chunk-cache-v1/chunks/data-000098286771.z	42192	3d40850e6073079f9108cf9875e72cfa214fcef5de798fa5b24abd9d93c31da0
x-chunk-cache-v1/chunks/data-000098382848.z	35097	0aa75001a5e95a1d6a9e81b41e370454eb0ad791e2e3fe3b2e22106fbf14b107
x-chunk-cache-v1/chunks/data-000098478925.z	36775	0ae75ecc25ba16e3be6d8535d335f7fbf70cdc45dbac16e52e19e715ac331ef4
x-chunk-cache-v1/chunks/data-000098575002.z	35719	aef88c60a6220a715bae243bc9d2cec5df5eacf764ca65a1229124f5bab16cf8
x-chunk-cache-v1/chunks/data-000098671079.z	36816	eea7479ca432d027748e2864d3d201949a1e04881eac62316f27090eeaac3169
x-chunk-cache-v1/chunks/data-000098767156.z	40635	6110cd6f5e5eab6c413f9da60db1e77015a9b2f634482ee10df5694da1b2221c
x-chunk-cache-v1/chunks/data-000098863233.z	38477	0f8ae8d4cb4de4051e50921869b18a7af1f117f84b77602e944d75ecc9ba6c71
x-chunk-cache-v1/chunks/data-000098959310.z	39057	6aec3edb204b29070bcc44043a2b3a2032c5617b9f97617d505a1c4dab2d145b
x-chunk-cache-v1/chunks/data-000099055387.z	40211	9fda38bd0733b2c39019937e1179b223348e334079b49f25c1d27a3cc6bbbf85
x-chunk-cache-v1/chunks/data-000099151464.z	38304	b0d05d7f080b4a57a686e641d0be18f3b57395c998fb9db9230de7c4324f5d21
x-chunk-cache-v1/chunks/data-000099247541.z	39230	66c8e5065bbdf981b1bdd0fb2a5baff6a75a59b0552ba9be759043b5c6537093
x-chunk-cache-v1/chunks/data-000099343618.z	35943	9cb9f854b2340aa08c8ba15ce3b2ddd9534ea17501c74b0a2b28c1f7d2ffdcb9
x-chunk-cache-v1/chunks/data-000099439695.z	38436	9f566ab98e39af91592cee3a706b6a0e451704eab9e3ba5b130f3db76fb05080
x-chunk-cache-v1/chunks/data-000099535772.z	38367	48fbdf9dbd437346a47f6a9101453fa406de081644c5b7c3c08a44c9a49700a8
x-chunk-cache-v1/chunks/data-000099631849.z	40068	323f59a7062a11178a7690b1757e2fae990bec406b648d8b23f43e971f47eb86
x-chunk-cache-v1/chunks/data-000099727926.z	41960	2779563686ff8eaf2c007620e3482f7a82962dffc9e9c0c9cf49972aad44d354
x-chunk-cache-v1/chunks/data-000099824003.z	35582	7f4d230c0c6dc74eca7b7112f97b1840d7ad84892e3c30d676b8efa8b7dfe9fa
x-chunk-cache-v1/chunks/data-000099920080.z	38145	e7ba75d556244ca9a92d094d5c35d1b639b42ff6243e40c707ab3699841a956e
x-chunk-cache-v1/chunks/data-000100016157.z	38313	baad4c14e709f6c7dac5ec3a6483755073fa1733cb371e28106d29fd91eddd6d
x-chunk-cache-v1/chunks/data-000100112234.z	39597	604402a0a0d0ca08559d3329dc5132908eb97d463859c3120dc34d68e97cd94f
x-chunk-cache-v1/chunks/data-000100208311.z	37414	3e3b2fce261a7c4efa575b40ae465762f961c971b3253149011ae8585f453c16
x-chunk-cache-v1/chunks/data-000100304388.z	39939	50c57441624963c37c96f58b492544bbfafdc71ea29c6f2f7a6dc4559a24b707
x-chunk-cache-v1/chunks/data-000100400465.z	39990	3275208e0eba6450d7b6f71fc1158771049c1f73903736b00a289647c8e23982
x-chunk-cache-v1/chunks/data-000100496542.z	39401	a0c7987ebd4a7ef2470d07de77b3f3a64241c13e728c08271b668a787c7a6639
x-chunk-cache-v1/chunks/data-000100592619.z	38603	5c5f00dd4bb042e09553c2e63ae709bd717027bc085b269fcc7aff825e8736c9
x-chunk-cache-v1/chunks/data-000100688696.z	39155	bcdaacd23684fd5b8d399e7de947cc94da2d57f2c5ac97ebe8c754738a5e3783
x-chunk-cache-v1/chunks/data-000100784773.z	39169	192bd8e4d664efd43117858dd2cfebb104d955d73275dd01504bc6fcd4bdc0f7
x-chunk-cache-v1/chunks/data-000100880850.z	39907	30e4c08c057cec0811f58323278f33bfaf39ddca888849ac5e1c060ebd363869
x-chunk-cache-v1/chunks/data-000100976927.z	37901	18db33fe163bdbb328b1bec84e6f030b1361f3bc15310de07a03580de8a795fb
x-chunk-cache-v1/chunks/data-000101073004.z	38838	e14ec71ec330be27d60d09b62f4bbe43c316123120b2ee285cc07a59d341dd7e
x-chunk-cache-v1/chunks/data-000101169081.z	40804	802cf60969e5c27f16e210ff03a0c0d11299397c54496fceef5d29fb5ba412ca
x-chunk-cache-v1/chunks/data-000101265158.z	38198	259d08f4a2d8ec3322bf53b2df044160b097ccc3440f7ddb07515bbf77e51dbf
x-chunk-cache-v1/chunks/data-000101361235.z	39629	2eb6650403c7c25f6fa37d87ec23c4af47c2ea32f8e1a98f316fe78b63fd1af0
x-chunk-cache-v1/chunks/data-000101457312.z	38317	0faf2a39bff49138db8402a45452e14146793cc6728a4e9b7a1aa7216941e2ee
x-chunk-cache-v1/chunks/data-000101553389.z	39007	f2dc796760438284a4d2c5bcc1184333bf4c7b4799231a57f4f2b5119b8e005b
x-chunk-cache-v1/chunks/data-000101649466.z	37578	f511b2a45696d5f231731bf40a6562022bc6a744a53e1d097e9120e1b71bd8b4
x-chunk-cache-v1/chunks/data-000101745543.z	37593	c08d19068ae9eca995be6ad4e0542bca544a8f9a7f15928a7ca2ddce1e6e47bc
x-chunk-cache-v1/chunks/data-000101841620.z	34969	b218d79ac747096af68bc7e49f08dfb0e54e76aff86cc63c37f2f5c2a4b80769
x-chunk-cache-v1/chunks/data-000101937697.z	37189	0ade98664686b309e0ee64370de99d40914cdca8a3b1848f65d27aa04f4c8bc9
x-chunk-cache-v1/chunks/data-000102033774.z	40642	3888c18236026567fdbd6ce2a50847e38873779913eade2cbb6e5385aa62da10
x-chunk-cache-v1/chunks/data-000102129851.z	41006	1cd73ef04c4f25a31e2f235914e1fd4b067bb9a15e624f74fe513b7dfecba592
x-chunk-cache-v1/chunks/data-000102225928.z	37878	15d134b8d1b2f938560eb7172ba659bb21540ae224a35e5f4d733dc5c8538a88
x-chunk-cache-v1/chunks/data-000102322005.z	38941	962d57a2ffecfbc7c854754ab55de4cbd00cea6af22180565495da200c36b856
x-chunk-cache-v1/chunks/data-000102418082.z	41395	11aba72c6e65b06143dc789d5f2a021d49b90ba80ee4ab70d328f19ef682c557
x-chunk-cache-v1/chunks/data-000102514159.z	39247	33a8afe9e539cabc1c4d25b0b25eac26f982958a2da8b4626ee72123aa3328f4
x-chunk-cache-v1/chunks/data-000102610236.z	37690	eaca199b6a7be63ac0e7497b4235c830d6985b26e6205eb76bac58104af82b15
x-chunk-cache-v1/chunks/data-000102706313.z	36671	9e1995066afa5183651cede3fa2406e1f69e637074c38d29711144bb7b734c22
x-chunk-cache-v1/chunks/data-000102802390.z	36688	541848f3d6f7da8ee3bb8dc287289038737f25e02592fa2b848b53522610fd20
x-chunk-cache-v1/chunks/data-000102898467.z	39100	71b8b908e0cc45957276bd8007105ce9bdecabc1ade0e2fd5d86ad13cab8ca64
x-chunk-cache-v1/chunks/data-000102994544.z	39084	0e456d7d8d0e46e1d22b61555e358173cf8ff736a6711c05b2b16dd48d65bad1
x-chunk-cache-v1/chunks/data-000103090621.z	41786	dabd00d06cbe5dbd245542584d4cb17de19cec6cc4374a0deddea3da01a955bf
x-chunk-cache-v1/chunks/data-000103186698.z	38895	fc20578df6529ada38e67ed8ad726bdee445635274288ca895c66eca7d69806f
x-chunk-cache-v1/chunks/data-000103282775.z	38100	7866433f3576c277768ed001de9c5c361c81c782a16d46dfccf0ab767f12c6c6
x-chunk-cache-v1/chunks/data-000103378852.z	35920	bae61378cfba5ef4e81cf640afbc6444106895b23ba92949784bfc33fc01ad91
x-chunk-cache-v1/chunks/data-000103474929.z	36867	253f63955faaa6e473bdc37401cc313926ce8b0bd7e765d0036b1401ceaba1fd
x-chunk-cache-v1/chunks/data-000103571006.z	41209	2078956cae098bc47b05f5d64fdc6e9698f56bc428f8f1ab4151a31835824b25
x-chunk-cache-v1/chunks/data-000103667083.z	37778	8255b70cfecd4ac90157aba21e35ae983e045ba160c54a1bc9cfc219e64361a6
x-chunk-cache-v1/chunks/data-000103763160.z	39140	5c86a799bccf93d92f6cc6179e90110bca846c6d23f1caca27e6fac80b062dc4
x-chunk-cache-v1/chunks/data-000103859237.z	43048	d467d37498459da191a890a9c1f96ca79eb0ef1302a8ea179fa8a28ea6af232c
x-chunk-cache-v1/chunks/data-000103955314.z	37837	f7aab7a45dc3fcc3f298e8c1c23531089c4ba0285293b36c41a040425dc9a091
x-chunk-cache-v1/chunks/data-000104051391.z	40208	20e07cebeb7042c289b0783b0f8fc609e6785aefd460926235f50de3e7f0ff66
x-chunk-cache-v1/chunks/data-000104147468.z	41992	9f4d600e0789292bf760493e01069bed2354b753bcf3fd5e10312e29b604f7e1
x-chunk-cache-v1/chunks/data-000104243545.z	40130	27ccd5dba27c3e13d33d37e100cc4cfa89b4f0aa3000d3622dc5b13a2a655a9c
x-chunk-cache-v1/chunks/data-000104339622.z	38855	9de352c32d46f5520a87820054c499584c57d0f7efc405f439d9797faf846b08
x-chunk-cache-v1/chunks/data-000104435699.z	38258	57372f5807af421a9a3beade297379d5cb98dcd101de260ac72ddd0dcda14aa8
x-chunk-cache-v1/chunks/data-000104531776.z	39920	ab8c15a98cb9545a4a01c7804a4e64ae71c8f88f6703500a2fd52f00360b97ea
x-chunk-cache-v1/chunks/data-000104627853.z	40581	2be4bf9a7b753375ef335e614a254fa3309dac56b0641017056dd57c10a101b1
x-chunk-cache-v1/chunks/data-000104723930.z	38782	b9445015544e77de59633d64050d20eeb07e9604b9abc09999824fa2c7263ad4
x-chunk-cache-v1/chunks/data-000104820007.z	42362	55dcd8f5cf43e66cdd3c3afcb8869540ad25fd7a3ff45884b74c45641bcbb735
x-chunk-cache-v1/chunks/data-000104916084.z	38124	c5db91d7a5b3f2acf48260ba2de56b40ce14bd9b9045cb90712e1373269c12d2
x-chunk-cache-v1/chunks/data-000105012161.z	40583	476d46caeae03aa34a8fa1fd6b6bc557f2b063a1614433956db2de2e3954c24b
x-chunk-cache-v1/chunks/data-000105108238.z	39105	984d492ba2b8e36d99b140924384c88f21bf1c53559850883f3ef5f3e7260aa8
x-chunk-cache-v1/chunks/data-000105204315.z	37338	698afb805772b8067d59f256dd3d5ab3ea29fa573ec00bc1c695f52756e815fd
x-chunk-cache-v1/chunks/data-000105300392.z	40134	db086d643bdcba3123269352d421b5f6a907a925fdddac8223a40dcd236bcc90
x-chunk-cache-v1/chunks/data-000105396469.z	37115	5d2049312ad8d371832d31840ed6c4b1a183870ed028e7fd84c54af7bc8d8a57
x-chunk-cache-v1/chunks/data-000105492546.z	37827	e3978c9669072a0656c45b4fb347bde38d760956372e417cb93031cd6737a476
x-chunk-cache-v1/chunks/data-000105588623.z	44182	a9ab968a03a4d6b884b7250be204b0bf238cd21cbd9706a337611c6caee940ea
x-chunk-cache-v1/chunks/data-000105684700.z	41085	984168d663eb59c60a42c3d7dabce63f4d644926bf1dd02c6d4c1e6fe4d95431
x-chunk-cache-v1/chunks/data-000105780777.z	39409	10a1c16718855b73860906c3aeeac44a0e50281f6e783523c7b72798355192b7
x-chunk-cache-v1/chunks/data-000105876854.z	39987	3e6039725b310c14056f4a9d4a0cacbeabe340f2a7e1da558a1e3b42dfbf91bb
x-chunk-cache-v1/chunks/data-000105972931.z	38673	157f34bc6f71bb5cddcfaf89635015861de81a58c4d5dee6d591157140422364
x-chunk-cache-v1/chunks/data-000106069008.z	40142	1333dd278b98ad57dc731a214b8e656249057902f7cda6e0aad52a1cc46a3f54
x-chunk-cache-v1/chunks/data-000106165085.z	39373	7c204e41da3e29b5ee1371fe46ab2c7a100e5f2030e79fb58a7981007a9ea014
x-chunk-cache-v1/chunks/data-000106261162.z	37863	0b48432456cea369a14e08d88d08547954294baca3156bc7f9e2582827985a2d
x-chunk-cache-v1/chunks/data-000106357239.z	40048	fd881077c0c8bed559a3801ac24703e478dffcc420d56386270b6b21e479ea27
x-chunk-cache-v1/chunks/data-000106453316.z	43451	8f80c2167763d56907896cc35683d41f261956ad48739d0b8f5d0197b531e89a
x-chunk-cache-v1/chunks/data-000106549393.z	43265	3f3f28c6886a7e3c8f0bf64846e2ab679d42c00e5d92e1938ae15a3a83fbd7c0
x-chunk-cache-v1/chunks/data-000106645470.z	41103	a11c3e19305237a03023f8aa087760d2700be7a9a14d68394b26e8db539365b1
x-chunk-cache-v1/chunks/data-000106741547.z	43395	1459318b89b0046afacee34dd56fb1729a2c7c42074f19d3ea3a39e405f51505
x-chunk-cache-v1/chunks/data-000106837624.z	38601	a84ce60f46576ef042de8437e6a58f170def2f24bfdb7362f7d1e2ac57dea6f2
x-chunk-cache-v1/chunks/data-000106933701.z	45019	50bcaabaf06162f9f40c64894ccd23df3dab52293fb9e1b6c5038b39911f8aad
x-chunk-cache-v1/chunks/data-000107029778.z	39689	5f4410a3591872a77c1a2712038feaa89a51ab824571d6d0304560ee8c296fee
x-chunk-cache-v1/chunks/data-000107125855.z	40697	5d967ab4e0c24cf12669e9c84af19d857a654440069b39f91fea461038ca1bef
x-chunk-cache-v1/chunks/data-000107221932.z	40968	09d709c64bcff401925e0ec238ef094c9e4247cc11668554a648bba3668f84a1
x-chunk-cache-v1/chunks/data-000107318009.z	46238	7a77e57bff624b1b3f7b9e29749e9c13b05a059d2ee1f0efc03c858535952d1c
x-chunk-cache-v1/chunks/data-000107414086.z	41256	fce2208158b5e4aa37ea8ebd78e2e6e23f8c597c5086fbe89c00c4608d428ccc
x-chunk-cache-v1/chunks/data-000107510163.z	41863	feb0ab4bbbdb438eeeb4d2c1f9ff02c9d1738ff7adf8f3c62767cf8573f1f255
x-chunk-cache-v1/chunks/data-000107606240.z	44087	e85b4bf55fcd88ab45d706c963d527b74a00046a96bb72102052f46c9940a47f
x-chunk-cache-v1/chunks/data-000107702317.z	43181	a90c6caa554d519c9d5056a1a0a82077d0d56ea9d54470c03cf71bd26bd50065
x-chunk-cache-v1/chunks/data-000107798394.z	42565	1191021fb1f97156b0d693723816df80d3ff92873cbfce6d010d98e392577dd6
x-chunk-cache-v1/chunks/data-000107894471.z	41104	e3631d12fe7b701b8c13742ffbbee5776c6eab2d112d5e1c06ce2ea7a13dec2c
x-chunk-cache-v1/chunks/data-000107990548.z	41501	c66b97397c7b186a696d300e6bf1fb52d94d14eeb615b33312549c36cbddfdfa
x-chunk-cache-v1/chunks/data-000108086625.z	43603	6a3d7440b86b20ba8b5e5f2ceb8bd8a4cdc6eb37ac1b9e00a8834cc22a192c6e
x-chunk-cache-v1/chunks/data-000108182702.z	43824	b5c30f74ba0114763170c2c567cbb4ee5fe2a8b4c404c5db3bc9e7bedd517aff
x-chunk-cache-v1/chunks/data-000108278779.z	39385	3757cb5f7161ed1a23f77850b5516351f7723c60e6d506134c6436a1394dd771
x-chunk-cache-v1/chunks/data-000108374856.z	43238	dcb42204dcfe8a9010b2f56e3752c5b7c2b29502567847dbb7ea7b384525ff25
x-chunk-cache-v1/chunks/data-000108470933.z	42593	d092dd439f6d611fc1467c0b5ad02b6744efe16df5652912034602e956cb9e96
x-chunk-cache-v1/chunks/data-000108567010.z	39950	dac9d6e628f8462496a83a2ed77d8956635a083e9fee4bc8996488c3075df331
x-chunk-cache-v1/chunks/data-000108663087.z	40483	f6e19ac965723eb5d5a4e1bd2e565311750d98d7d37a01058653bc79fc3541fb
x-chunk-cache-v1/chunks/data-000108759164.z	40816	2c86f77b8f57df4f8355d2313732e32a80551430775f13e2b4c99a024445e13f
x-chunk-cache-v1/chunks/data-000108855241.z	40386	d734137985600cf565792414f949eff638c266b485356ca31e4a3012f321f4d1
x-chunk-cache-v1/chunks/data-000108951318.z	43296	bc6e7560e02622b0d51b083c59053e22d74f837d75a269dd4b04293b0d462a26
x-chunk-cache-v1/chunks/data-000109047395.z	38856	5752c240247f425bb4d226a3a4eee29579bbb8c067bf2b7d9b05e58cc30fdb29
x-chunk-cache-v1/chunks/data-000109143472.z	40080	67d1546be03d5efbd39f1a0985eec3331b850e7a53dcf60359d37da2f8480588
x-chunk-cache-v1/chunks/data-000109239549.z	41966	909b5e04d67561f68215d42010d0f35c1bcfa4055754cb7f2eaa00eca11d5daa
x-chunk-cache-v1/chunks/data-000109335626.z	40981	8ef910f4ff2853898bb166c2b0bb1f036d90f45d85bc338992903affb52d0202
x-chunk-cache-v1/chunks/data-000109431703.z	38959	b3b0cad4549dd7fa41e79e2a03f70604e1b8912a13c36cefb9490a2f0eb9f421
x-chunk-cache-v1/chunks/data-000109527780.z	44034	35f068e719b08d605e90174a7ca25bd3c94bb384445d2f21afb793764011cec7
x-chunk-cache-v1/chunks/data-000109623857.z	44047	797c503bae07898e5c6a91c731d72cc9646851d39978ee4923632a28cab1dd40
x-chunk-cache-v1/chunks/data-000109719934.z	43165	0d5e2f18bcb31f6245d3f8815581db5051fed0ca46f2dab30d510c336aff7cd7
x-chunk-cache-v1/chunks/data-000109816011.z	48043	898b4fea20d02157cc93364e93687a6e0d19d83b1867933830cb3add7d3a0c88
x-chunk-cache-v1/chunks/data-000109912088.z	42179	7f875e6e408a90c7257b73130e6a28bbb578a2af7d9e819f11b7bdfec53f9ba5
x-chunk-cache-v1/chunks/data-000110008165.z	39549	04b49bd8e5716842a9fce778cd8d552adbcaf9d2c5803cc2a954367557ffa7ac
x-chunk-cache-v1/chunks/data-000110104242.z	41200	820e5da3673a56f95e545c17f309b438086f6577ecf73aa6560e521028cfbba0
x-chunk-cache-v1/chunks/data-000110200319.z	44480	274ec7552aa0a0c2d7b68b652bebffffb583dfc830379ecf6b5359da1cc11a10
x-chunk-cache-v1/chunks/data-000110296396.z	44876	fb514ed6707e73301c0b31c5cc6670b959701d56599f6e927cf8550ecc10e67e
x-chunk-cache-v1/chunks/data-000110392473.z	45995	87d7fc03514e939dc3bd9bcaf8fc6b16a9652f6d9d2d17ace7c9c714ec222172
x-chunk-cache-v1/chunks/data-000110584627.z	40172	9f4e9343369413863eeccd7b5f8cfbd34de458d0e19140af16ca35ebec04b7ea
x-chunk-cache-v1/chunks/data-000110680704.z	42703	efc624a45bf290c872107859d985d9a1483d92c32c5337911ff2d9af4a71b506
x-chunk-cache-v1/chunks/data-000110776781.z	43083	27b14f33a6f8a8c46fa1d34a963d421a25a73d212399a01518aafc97db39969a
x-chunk-cache-v1/chunks/data-000110872858.z	41227	2813ed88f49b7375acd434ec52697c0d715e743994c1af00db16ab0cd4a98b19
x-chunk-cache-v1/chunks/data-000110968935.z	46134	5f594f7745d54f8bed18d6d0c0b0034e5fc69a41119627009a22acd11005c89a
x-chunk-cache-v1/chunks/data-000111065012.z	40382	10eaa6f009cbab9e39efa8d8e7444e8a61855817ba0828a61902c79490663a9d
x-chunk-cache-v1/chunks/data-000111161089.z	42415	03af4348569dbab852deeef1b6c808fe9c4ea9a5ac1bfbf9565ecf49e131f528
x-chunk-cache-v1/chunks/data-000111257166.z	41128	6eb8469ded52835221e0921d8f9701997499c20da6ed4a387353763978a42d28
x-chunk-cache-v1/chunks/data-000111353243.z	38667	0cec8cf611af8bb40c09b3253df548a9cc1a803d5b4fad066de8d3bde13c1b1b
x-chunk-cache-v1/chunks/data-000111449320.z	42723	84e92e1e14d5b4709ef325f553465bc9b00527811f573e36a0281cd9cf2f4e86
x-chunk-cache-v1/chunks/data-000111545397.z	40797	5e7a2f3bcbc911b55b84a686c7d8c97406059b58168ede07383509fa79f8939b
x-chunk-cache-v1/chunks/data-000111641474.z	41577	76236b22cff7ca23d93305f562819b650bb2297cf871b9afa87f9cef667f31e2
x-chunk-cache-v1/chunks/data-000111737551.z	39217	4e8dbcc6b0b443a669eb084deca2c2df0f92a449b6d743010ce31eb7d9e6a879
x-chunk-cache-v1/chunks/data-000111833628.z	41005	bcff6a48e6f6d1fa36a9ea3c06765c030233b18858d31a3029b2d5289933786a
x-chunk-cache-v1/chunks/data-000111929705.z	42928	0d25c07ba225fe3a5c50592f1979457ebce77cc03ad9b979441601b00735db94
x-chunk-cache-v1/chunks/data-000112025782.z	42740	590cc4f6031235eb887a3e8b5d990f1af041c0dcd17be7dba1f2e0ac21cc1c83
x-chunk-cache-v1/chunks/data-000112121859.z	43820	677e4bd86ed342b9106e9b514353bd5391179e8933f2bf12b0bfef93278d02c6
x-chunk-cache-v1/chunks/data-000112217936.z	40543	608704bd02ee26f131a3334ba0e4bd7fa0aa690407b4d99e7526858e0ae8a298
x-chunk-cache-v1/chunks/data-000112314013.z	42339	80952c52418a8a1df140160424a4bb48d872df531f243885895b620d7ce21bf4
x-chunk-cache-v1/chunks/data-000112410090.z	42785	54f6990585768aa8c7bd57d80c369ba3cede661cb58c1a79f72a516623c04706
x-chunk-cache-v1/chunks/data-000112506167.z	44129	8f210b3ea68fcb3cc9d26625ff6aeb211cf06b3baeef7145cfcf6c8b63302431
x-chunk-cache-v1/chunks/data-000112602244.z	45180	dd69e963b98be5969779507ec5ff65477628eab5be3df6f73263f3f43e48eb10
x-chunk-cache-v1/chunks/data-000112698321.z	44374	379412f5a0b2659227b8c7713b568a2af2c0b5c284ec4abef62f507a175daddd
x-chunk-cache-v1/chunks/data-000112794398.z	40118	7a2638566c132ce07d8db2dd7687700c954975efb80495bb8bb381c27df6eb70
x-chunk-cache-v1/chunks/data-000112890475.z	42340	04b7fa2b122bf7038e3232549f01b0b3572fad3eeecf928c54d661a41ac31d26
x-chunk-cache-v1/chunks/data-000112986552.z	43670	bd3bfcf55c5b5da6754acb25df82d15b272c2eea5b0e752222f6cd9146a35a03
x-chunk-cache-v1/chunks/data-000113082629.z	42705	8434ed4be737720586326da13e857ed87502e84df047ef683770f8332edd73fd
x-chunk-cache-v1/chunks/data-000113178706.z	43173	cd30143b8c35b15e1f602ea3fb70ffd06a967a6db5f8872adccf973081b716d2
x-chunk-cache-v1/chunks/data-000113274783.z	42462	fd849462d9a429e738f9ee069ed724914e28c101b5d44eef16b41f7c55a909d2
x-chunk-cache-v1/chunks/data-000113370860.z	42026	de7538b8a329d8ed93ca368c8749af83be0b03e550d57259346f2a8de0ab1481
x-chunk-cache-v1/chunks/data-000113466937.z	43878	5ac7b5c2c457263b422a47b520ed8e894fcbe5f7480a904187c6ad9a4b03e61a
x-chunk-cache-v1/chunks/data-000113563014.z	42961	2a64d7617693f7ac0a66e64befef81a049b7fe034b5b5c52db4d34939b1edd42
x-chunk-cache-v1/chunks/data-000113659091.z	39691	c67732aa262d943eb024cb3b21b66f57f5a20a00988763d69fe95320d7c32937
x-chunk-cache-v1/chunks/data-000113755168.z	43506	071bef2182b63e0e77e1cfd80a76352ba20619c86aaef772748933cde8cdafa2
x-chunk-cache-v1/chunks/data-000113851245.z	43619	610b4506fe59f04d4311eb419874706f1cea72c18096a7e744f3193c910f13ce
x-chunk-cache-v1/chunks/data-000113947322.z	39961	ff9405066dd59644d8c9d98adfe57007eb95783c848cbf211c09f012c5b171c0
x-chunk-cache-v1/chunks/data-000114043399.z	39939	67fdc74213b53db325cb7c121b9ca1ec8fdd2303156df840c2f58b7b055d3576
x-chunk-cache-v1/chunks/data-000114139476.z	38109	1d2575d25ff637dde8326059cf77b8eddd2859497af497559c475de833f44b01
x-chunk-cache-v1/chunks/data-000114235553.z	39014	6a1e14ace3561c0074bbebb63521c37db291c2cdf16cbe6215e92b28f0488cbb
x-chunk-cache-v1/chunks/data-000114331630.z	38128	e01766d9c4bcfc42980bf916b16492ccb4950d8498bebfd0b977ee05d853bd05
x-chunk-cache-v1/chunks/data-000114427707.z	38072	c18c6acca252b05012b5cac566eab08583c41af618c67bb1c6326eb9fc4c0256
x-chunk-cache-v1/chunks/data-000114523784.z	38608	195b5d03470a8f353f4e0a7a437e76f657d00d19ddd8577b4295c26c608d5277
x-chunk-cache-v1/chunks/data-000114619861.z	36201	25d739a4b5f761e9c44c1b8149f138114251a2f93b6239c22b56b8c88ec77072
x-chunk-cache-v1/chunks/data-000114715938.z	38000	4431ca574e6b51139707eea432c7b1101b527bfe73c3919a49d35cfeac1ece01
x-chunk-cache-v1/chunks/data-000114812015.z	39488	b69a7f30f086074e4267b92cbde00634de1cc026be9d47df81ea0b1ca8d72525
x-chunk-cache-v1/chunks/data-000114908092.z	36199	7021ece9cd71b5cd33f9b3f95a768f7353bd596bd484217b08617200a382ea27
x-chunk-cache-v1/chunks/data-000115004169.z	42592	39dc8da36912778d1891f17270640201ef7b73712e739f4d953df1f05527b721
x-chunk-cache-v1/chunks/data-000115100246.z	38630	c5c80882c4ffc6d61f28c8d841f042071c0011b43e0864643b999bf6f9fb1855
x-chunk-cache-v1/chunks/data-000115196323.z	40840	f390bc224fbf7198dabc9c8f78e39d8395b414fa38f6088c01554c9d1987f083
x-chunk-cache-v1/chunks/data-000115292400.z	41509	73aef25bcf013dfdc3d49dd993bfeb92128e5b8a619554cfbc5f5ab514563e35
x-chunk-cache-v1/chunks/data-000115388477.z	42867	7cac24d0f0447ae1bb9e07335fb2af729ed65a6caa89441993533137d3ea2d0f
x-chunk-cache-v1/chunks/data-000115484554.z	42893	ba385858f884c7e264a95ffd51eae38fc427cb39df1841f74a6a3648e42d9ef2
x-chunk-cache-v1/chunks/data-000115580631.z	43685	ca4f6e79babcd7ef485a1d970496ffa5bbf596dd75d31cc295e40e520aafce58
x-chunk-cache-v1/chunks/data-000115676708.z	42090	841fd016b8be97e320987c94c441752895421534e4ecf1fce34d55ec54d8c42f
x-chunk-cache-v1/chunks/data-000115772785.z	41101	9e9b640e83b40f2aa6ca4ecfff87a9366f563ec4a107bfe0c0e2ef5d722716a3
x-chunk-cache-v1/chunks/data-000115868862.z	44120	ebfe5d38bb23e47bf704b02721b41aa33eef5d03668a32e9098bc1ca31fa271b
x-chunk-cache-v1/chunks/data-000115964939.z	39988	5589d63ba11f543f27628cf7e84b8d62c69c4409434c5e2abc287e582b0d813b
x-chunk-cache-v1/chunks/data-000116061016.z	39752	c2146d4b2bc089ff0c56f6d49eac5471201a923e0bc31313de49eeaf9610543f
x-chunk-cache-v1/chunks/data-000116157093.z	40272	c2c75dae617f1741e9226e6449592ec0983532b13eb82b971ca3772d2d87b229
x-chunk-cache-v1/chunks/data-000116253170.z	43465	2254575a0a91562e68d4f7d503e077cadd9c4f1fe96538b3565a4d49492081cf
x-chunk-cache-v1/chunks/data-000116349247.z	43070	1d42d449aa078f511c2854a3c0744b12470ac36eab6756086a3c33408f63a6da
x-chunk-cache-v1/chunks/data-000116445324.z	44866	1f046664cdf0e56c36f6c4b0d5729c96b35ecb9543964d7849f9e3f3fca7fd65
x-chunk-cache-v1/chunks/data-000116541401.z	39059	536abdee0e7d8d090992df09a82b04a2aef18b89267aac619536a33ecf67a4cd
x-chunk-cache-v1/chunks/data-000116637478.z	38952	76364a28540fd4c6cfcb7be7de8162ba66d35549cbc72ef5b5e9a28c752a3e56
x-chunk-cache-v1/chunks/data-000116733555.z	40987	d00cb9c1657725f53f2c8b0263e693715df8d739a3ff4da3ffbc98ba10764551
x-chunk-cache-v1/chunks/data-000116829632.z	41478	c6d42e48d94bd7b40f28818c99fafa87677bebb69eb0f4bb9cadd03b29f46bca
x-chunk-cache-v1/chunks/data-000116925709.z	41328	709f72a76c812db8f6b7a263b8bde77412fe1821915a8ae1d5a9799b0720339e
x-chunk-cache-v1/chunks/data-000117021786.z	37463	3690c1913a06fc30e797aebf16741bf714f7d08ddea78c8818f019e62f402f32
x-chunk-cache-v1/chunks/data-000117117863.z	41813	785b8eff0cef8edd9f6dda081d6e37c4337b658a4e595afb2f59ad070b529147
x-chunk-cache-v1/chunks/data-000117213940.z	39658	7d9277edf1fd379589d9828aff754614f49ebb5cf6179a566c885e27694ad0bb
x-chunk-cache-v1/chunks/data-000117310017.z	39579	6c7bd59a3c4ca76b85326cb4b03207a8a840c17ef37beaa4d19ec3c282f4f9ba
x-chunk-cache-v1/chunks/data-000117406094.z	38850	2f731bff47442b8a17f438b6411b8a9aef75434b3cede62793e30b8dfbd1ccd0
x-chunk-cache-v1/chunks/data-000117502171.z	43795	1316723d406a9fde01088afeea654e2c89767a29a1d91478249aaa61d694e608
x-chunk-cache-v1/chunks/data-000117598248.z	40971	fd7b70e690db282bcbabd9479ed195be55b847c2c8257251fb3a41ec8b0e9f91
x-chunk-cache-v1/chunks/data-000117694325.z	41486	048d75a21ef3337400e0fbc79af158e5067efdb18a4801dcb789d6c82f76c37b
x-chunk-cache-v1/chunks/data-000117790402.z	40347	240b637744e1bd94badc92768cdc104f85399c91121fcff81fd007f77cdc5446
x-chunk-cache-v1/chunks/data-000117886479.z	41744	18b4611684e271356fbffd472804e311b0e39f50045dcc8ae8ad1a9393a3a659
x-chunk-cache-v1/chunks/data-000117982556.z	45046	a2370e6bff54d5378002fb105e61c6a58feb976a594621888a82b0f4e4b9128e
x-chunk-cache-v1/chunks/data-000118078633.z	39654	3bbf907a1489ccbd75a40f9c812e46eb0763989f2dc44f1093b8931135deb431
x-chunk-cache-v1/chunks/data-000118174710.z	40707	5e39eeeebbf2920b3aef50d448439185070095336df9489441f4fc3a60203b27
x-chunk-cache-v1/chunks/data-000118270787.z	42952	34316a1eac8418df9bbb1c5caae9ffe99a589a34d0ddd2d9b2836cfa37a428fd
x-chunk-cache-v1/chunks/data-000118366864.z	42935	20817786873a1c7434555da472fc3e6064b8cb8f7fe1906091c29a8634856f42
x-chunk-cache-v1/chunks/data-000118462941.z	45583	9c2d5222f84858e7e59d40b275d30d0669901536368a5ad52ff3ef0006c5c765
x-chunk-cache-v1/chunks/data-000118559018.z	44330	4138b2ba8eb837ed04803795d819a268ab93669ca83eec62e6d71cfdd38969f5
x-chunk-cache-v1/chunks/data-000118655095.z	40408	a6e6657e4a5e42ce7f2c5ccb64eedf3d6650be0ea7e1726c445b208c5cc4cf9b
x-chunk-cache-v1/chunks/data-000118751172.z	39693	30fceec941d115fa7d83e25018a9cb01b3c3850f3986eb24a41c3ce237e8f1f5
x-chunk-cache-v1/chunks/data-000118847249.z	36769	8477cec74dd85c0811c8f71d62e38530151f1786485e9a480c1b59e267386efd
x-chunk-cache-v1/chunks/data-000118943326.z	41115	2e436c26dc250270c9693f7dd9af1dc92097436be92c89073835b0d432092a83
x-chunk-cache-v1/chunks/data-000119039403.z	39741	8203b9a80f386e6d388a5da0160cbbfe7f0770e2d2e8cd798ce45183ab87bf73
x-chunk-cache-v1/chunks/data-000119135480.z	38854	daea97bb7e2e9c73112d4a959e1848ca67d340f3fd4e787ef9df41db0af695ad
x-chunk-cache-v1/chunks/data-000119231557.z	39323	2c53c57906c81b23a6ec47ddbad7dc6f46d59c9989a4fc8e956e3dd2d1975c5c
x-chunk-cache-v1/chunks/data-000119423711.z	44918	a1aad887f6a3201ba98ae77871494a1246a50973fcccfdbe2644afe2fe005d55
x-chunk-cache-v1/chunks/data-000119519788.z	40933	357ecc5d08c97f46053bdac4afe1d5232d8b540a56b95ada629de66e2426328a
x-chunk-cache-v1/chunks/data-000119615865.z	40326	2f16219a29cf399532e149d8e7886a16d2323be2f653ecb3c83e6e2f49094c0d
x-chunk-cache-v1/chunks/data-000119711942.z	43583	4ccb4f9d47abe751409eadcad0512374eb821ea0a296cdc428a48e919b48a076
x-chunk-cache-v1/chunks/data-000119808019.z	40902	5de4e2f65f4576b54e935c0cb099ebc6dbef93afbd1a06910f9e349200b28011
x-chunk-cache-v1/chunks/data-000120000173.z	47479	55b5159bd22a204223d91b6a90b84386da93a7828cb0065c63fe858b3108a579
x-chunk-cache-v1/chunks/data-000120288404.z	43073	5d8cdb0cf2e49b4993c94a51ceb1543747ac6e43e30ed49f16aabf2068bacfa1
x-chunk-cache-v1/chunks/data-000120576635.z	36752	b76effd1c3c1ba37ba12231d1102da1ada6256e262e51adc0a0107a2083631ad
x-chunk-cache-v1/chunks/data-000120672712.z	35470	b41ea2576edc60d6e50cdaa8c8ce32ad874ff506325ef97e96db428b4ed1003f
x-chunk-cache-v1/chunks/data-000120768789.z	34200	462f9b41c360a71b0d1da8cdecf5e0edf75bef67625da12317dbab0da0ba1137
x-chunk-cache-v1/chunks/data-000120864866.z	34058	1ae0477941446675e93206c64ba0b35782172545b35e4b84d3e4509bb37ec654
x-chunk-cache-v1/chunks/data-000121057020.z	32902	f2b66e911c826e6a13a890a1cf8be6ef009fbbfa50b65bce39505983a64285b6
x-chunk-cache-v1/chunks/data-000121153097.z	37517	bab48f300d9072c531f7c2fef0e1bdf7a91b25e3a35a8c6b35f83bba6a539676
x-chunk-cache-v1/chunks/data-000121729559.z	35163	b5c4f467f208183623ae46b6fa482f3d83bb22a522d5aff044069814ff29992b
x-chunk-cache-v1/chunks/data-000121825636.z	36852	c61daca561676eecf6c9f9c36300e97233a0135be8a7f25b2a11039347c87aa8
x-chunk-cache-v1/chunks/data-000121921713.z	33529	104f4083079a34aee5fa334d58151c5e5431d773ea61139b04f3a674ec0e0f32
x-chunk-cache-v1/chunks/data-000122017790.z	34839	879b508393d878dfbc1bf43bf80da171160aaca9845cbb74c1ec904e5dedd5b3
x-chunk-cache-v1/chunks/data-000122209944.z	35809	2d7b7a1dbe4fb5aefb174a33382778c1f1609e787aa982bbc580e9c1c24e619e
x-chunk-cache-v1/chunks/data-000122306021.z	33822	770deba1eb9bd6d13388c04fd3a7501380b1b0e463e9937ae967dbd9d27ba4e9
x-chunk-cache-v1/chunks/data-000122402098.z	33425	ef99db9c0bde4799753e354d2e47c284ad003d5ce755bd9f5ff9148ed072df94
x-chunk-cache-v1/chunks/data-000122498175.z	36838	c740fd1800d0e3f696f58f3bc7a410af694b374d6b126c1504419b5be4c33851
x-chunk-cache-v1/chunks/data-000123170714.z	38194	c7a02555b4bc4a21159343e32686c9ca0731910b12bc3a7eea1ab408f2ecdf56
x-chunk-cache-v1/chunks/data-000123266791.z	36165	8cbf0088e87be4ca7d0974ed8030289e2bae810dd00b097e4a35388d84db6ef2
x-chunk-cache-v1/chunks/data-000123362868.z	36866	c90c2fbf7d52b9da5cd9cd1f060ad71d8444d90e55d5abb5613ebc67af36d72b
x-chunk-cache-v1/chunks/data-000123458945.z	34458	6378154d8a2317e3385e307d8a4fcb805231a1631e81cde31190a35e05966ec7
x-chunk-cache-v1/chunks/data-000123555022.z	35163	855ea59b28acb68364adf0fcd35356452982a5614b3cef558553fee5bda9b104
x-chunk-cache-v1/chunks/data-000123651099.z	38678	b62e8256d5f1134959666fa9ca9c2603f8943acc28861f02f48ff71706d26fde
x-chunk-cache-v1/chunks/data-000123747176.z	38458	28ca0fb6397f9e5c8f9feb3d5399559e13c40d115cbaaa5dcfaac6b428e97dac
x-chunk-cache-v1/chunks/data-000123939330.z	35568	4c5501c31f00ca6a08f63898b27a69b04ed63b81028dfce3775cccac38a51043
x-chunk-cache-v1/chunks/data-000124131484.z	37465	42039e4c611f3fe583407136679895560f7981e02ff0c6a31a0d2781ac55742c
x-chunk-cache-v1/chunks/data-000124227561.z	40108	5bf4c239d445bb2e14257e66d8365be2fb3f0e06793fe003d0a6670080f0117d
x-chunk-cache-v1/chunks/data-000124323638.z	41797	00d14eb7146f56319ec18dd61950bc3158bccd489dd440be6b890265e4af06f6
x-chunk-cache-v1/chunks/data-000124419715.z	36175	a5fe3e12302f95c6245e7ae6d385db694a3f5de841b3e658f0624cf8d9f65952
x-chunk-cache-v1/chunks/data-000124515792.z	40500	c445e97a0b73104a6dc571a0b8fd4c0fe99e79429c0c7066b98af5ce99d0e3ce
x-chunk-cache-v1/chunks/data-000124611869.z	34553	6d77d80ea82bca4c217b4d56db3b6cbe57329f84410caec6b77f6d094fa41c14
x-chunk-cache-v1/chunks/data-000124707946.z	38370	cd5b5c4ec2a419e0218c86c1a305e0b3294c29083dde77c69725967a0415ded2
x-chunk-cache-v1/chunks/data-000124804023.z	37170	51b27b87d86552a09e8ea82f98e5fa812852565ae36f81b7eae43431623bfa01
x-chunk-cache-v1/chunks/data-000124900100.z	35200	f7b89f37be1900c16062af656be471bc54ff7d841306e290dc277ed6042cdec0
x-chunk-cache-v1/chunks/data-000124996177.z	38588	9db186da7c52d8c62fb61c20a14a0f6506be58eb13e6d5671c28bc0bcf0f7725
x-chunk-cache-v1/chunks/data-000125092254.z	32673	b293c9a3377261d1c9424a074c0efa380fade32748282a501c5dade18723715f
x-chunk-cache-v1/chunks/data-000125188331.z	35969	b529b2106fe9f18874e3d5180f42fa807c7dfeabd5e4ff898f1631aa9727f949
x-chunk-cache-v1/chunks/data-000125476562.z	39784	664114f45a1257e74ed150983f5949c94d8ed0d96fc02f2bc4f2d8007cbe6bcf
x-chunk-cache-v1/chunks/data-000125572639.z	39506	c56c4a2c5350c761352815aa52003f90f14955537ab15d8de0322e1a92f44d56
x-chunk-cache-v1/chunks/data-000125668716.z	39602	ddd6c656ae95e6ac16be5c786e709e3ece2c65f850e21c410787368ee95e0d3b
x-chunk-cache-v1/chunks/data-000125764793.z	37317	9830ece72673c0c7b963878954098cf6b06df58b6a75f4e6a5c6296b222fee20
x-chunk-cache-v1/chunks/data-000126053024.z	38289	cd58fc37dfac25ac189fb4534f59a57b0d15c523f24b6adc7d8447ac8035020e
x-chunk-cache-v1/chunks/data-000126245178.z	38578	322127a1dc154efc2f3028d41721ffea04ad8b1649812a6332e165d1507bc822
x-chunk-cache-v1/chunks/data-000126341255.z	38112	424ded768c56289b30c20a1eac54cdb78c85877b092738e8299761e3b8a5e6a6
x-chunk-cache-v1/chunks/data-000126437332.z	38815	5891d63dd2fba472ba766ee2951fd145e1b1e308f96ddaf68198ffede32e0eb6
x-chunk-cache-v1/chunks/data-000126533409.z	38112	75c69cfb943f0fdd6266d7f6413674f271715d3ffa2c67bccf5596e376b93acc
x-chunk-cache-v1/chunks/data-000126917717.z	37350	8d266f87ac2fce53aa949cebcd00f0e46a8b10cbd19bd0493cc34f61e077bbbc
x-chunk-cache-v1/chunks/data-000127398102.z	41028	c9aaf9e83ab915f6f545958dcbc31cb189d46513260fbbda8511a1a34476372c
x-chunk-cache-v1/chunks/data-000127494179.z	40594	1731123186f9437144dfb5b9c62f57dc8f6d69f614eeb7535f7ab98dbbebabb4
x-chunk-cache-v1/chunks/data-000127590256.z	41722	c25309e274ea16d00e57e9fb63a1ea9ae89bb1bdc59ecac55fa9549182100d83
x-chunk-cache-v1/chunks/data-000127686333.z	40841	857028edd4eb5b46758c165d2a8b8f76c2645a846095a1eea447b4ad3ba558d8
x-chunk-cache-v1/chunks/data-000127782410.z	38849	9f5acb34eec64d01d0be6611eae35dff14c92b47b12683f5edfc555a229dbea8
x-chunk-cache-v1/chunks/data-000127878487.z	40628	79878277fbed5e1b2af9e833932d52c2e39314dec50fe99dcd7c4c23b8fb17f9
x-chunk-cache-v1/chunks/data-000127974564.z	40544	f17a84fc2928607ad88b728bdb844a6a808f63165ea56fd83b27fd7c3ea95e44
x-chunk-cache-v1/chunks/data-000128070641.z	43213	57358e1eaf874dc615b54fe0303be642a1ff28ba9d4ee31525636739d56b5e44
x-chunk-cache-v1/chunks/data-000128262795.z	40807	6389091c291191ebd5083a54f15eebd3be0d47bd90733f17f7dd99ea50a8a602
x-chunk-cache-v1/chunks/data-000128358872.z	44601	94bdb4796bdca069765222ad2710213ce2dfc9ffe15ccbf6dc3e39de77794871
x-chunk-cache-v1/chunks/data-000128454949.z	44369	c44d293427d657d31438cc7129ce8c1bc1f24cafbf81b68f0c350e570676afea
x-chunk-cache-v1/chunks/data-000128551026.z	39848	40bd1308edcbe143879adf6e15a5d63aa1521261fd21978a7cb1af45bf0a30f8
x-chunk-cache-v1/chunks/data-000128647103.z	42817	cbfcef0302c9544474ade37b90df3ad1c9d0bd2274f353da63b279f79847bd63
x-chunk-cache-v1/chunks/data-000128743180.z	44404	4cb67ace179de29bb22015086c6eca5b89a329dafa22b3b6302e6b36ac33ad1a
x-chunk-cache-v1/chunks/data-000128839257.z	36285	bb4714b5e983aca92849456394b37823263d3de4d0becf7832ab7de6ccf5e794
x-chunk-cache-v1/chunks/data-000128935334.z	40958	cc88685de694c9ff3904a1c2c6b5772f8e1d6624a58ad9eb8ac5b20453ec7c84
x-chunk-cache-v1/chunks/data-000129031411.z	37731	6c538e600ad3a66837d8b462714b3c02a0b9309109aa2b8b10cc05eec6d938f3
x-chunk-cache-v1/chunks/data-000129127488.z	36943	b45ed4a96ebfeb9411c88d747e10533646d5c9a899412f319fe30f68a6b3c1d1
x-chunk-cache-v1/chunks/data-000129223565.z	37869	b9a66a1cfda780a3512259dd07498b937467a381bca913918ce0615f419118ae
x-chunk-cache-v1/chunks/data-000129319642.z	36883	1e8c21c52a90c1e28d776820e4752ec657d779368a58e5b05ecd1a0632ba77d1
x-chunk-cache-v1/chunks/data-000129415719.z	37891	732490cc4f0c9803849f640e737a8bf024ec491ccd933f820669d36e40b3985c
x-chunk-cache-v1/chunks/data-000129607873.z	35545	46438f258c82fa07aef0e6b06390668d0cde3edeeafa7368fc67946827a2331a
x-chunk-cache-v1/chunks/data-000129703950.z	36710	d5d8fd00d83e6252d84d5350e8d7f685b568f69e1b653a2ead4f8e17d0697816
x-chunk-cache-v1/chunks/data-000130760797.z	37418	a9439668ba0d10ab8b924b7c97940dd1e154f2f536c5ef2342984dae3dfa6056
x-chunk-cache-v1/chunks/data-000130856874.z	36796	66f613bc714223708f1d374e1ec308f57a69fe86a792e9923d9e1ef13bfb4050
x-chunk-cache-v1/chunks/data-000130952951.z	34755	72b1fb231191f8f801962ac7f68cba1de688b4d1a67f09677e9df231448239a6
x-chunk-cache-v1/chunks/data-000131049028.z	38165	1eb2db654c44071d96d56189097ba17d934bf023e5eaa0f7cd41b9616b5f7f8a
x-chunk-cache-v1/chunks/data-000131145105.z	34804	f303c4902cb71b4e13ead6d7668e6c3be08b2a8f9dff75c1fb5255e8dfe11083
x-chunk-cache-v1/chunks/data-000131241182.z	36936	8306181a647c4d262a01e578dc37d4303de26111c0c182cfa056fd4121cec1b5
x-chunk-cache-v1/chunks/data-000131337259.z	34528	038c57d9f8c46e9fb6cf321eaadc6c00807ae694aeb06b4e2b026c46f98d7018
x-chunk-cache-v1/chunks/data-000131433336.z	37892	b122faa2376754526f8c41eda2c96917f2b50cc993dbce4a2f87a13dfa14eeb0
x-chunk-cache-v1/chunks/data-000131529413.z	36853	7050ba7c3584d93ff023fe0ecb5f8a31a53ebb3011c44c213d6a193e1c3d167f
x-chunk-cache-v1/chunks/data-000131625490.z	36491	d5620f7c52fd774c67a3d7410126b26d5c761e3635d294f44c323d0f532c5658
x-chunk-cache-v1/chunks/data-000131721567.z	40263	dea1b10f2d47d1b165ea666e86f54ac499ab20acebeaa3d41557e514878e3f4b
x-chunk-cache-v1/chunks/data-000131817644.z	38061	c99a74c6db4d947804e443895588afc3177bd885a1d85098cf6ab3f920ef58d7
x-chunk-cache-v1/chunks/data-000131913721.z	38266	44a756ea0baea1051181b416d316605b796fb395c6d068bfc3955b803ebf01d6
x-chunk-cache-v1/chunks/data-000132009798.z	38617	5ef9d0f1e2235257d1498bccfa2d07c7931ba02fb0c8e9fb1b8695ed13429155
x-chunk-cache-v1/chunks/data-000132105875.z	37314	92f58776b02a6989c1960abf372f23d2fb5f2ed8f8c79de8f7157513adf5e9da
x-chunk-cache-v1/chunks/data-000132201952.z	39816	0321b41f3f6ac74a37c36ce48c4a154fb3fb9b0b63d4cad7bd0c7b6e265265a6
x-chunk-cache-v1/chunks/data-000132298029.z	40214	f953bba103dbfe710dd3df5330754dd079642e9f18ab2fc17e99c6704f4d5c72
x-chunk-cache-v1/chunks/data-000132490183.z	41661	8f1085705dfb3cde24a13964ac6562c07cf0141beb2d7a335ff4cc792832e517
x-chunk-cache-v1/chunks/data-000132586260.z	39851	34dc556a54c52196b8f0bea5f5b4b85ebd3b2f8f1fc3f97299ff4980d13523ca
x-chunk-cache-v1/chunks/data-000132778414.z	39387	a4416bac520b1ab9807cd11831f6a09783f08e237bde9fb7b88d14a9b1b2120a
x-chunk-cache-v1/chunks/data-000132970568.z	40195	19448366da010fe41e419f2a7928a76092134e493bf9e86e8f5e36f91b2b7aff
x-chunk-cache-v1/chunks/data-000133066645.z	40079	7e5309ca79590f974f9ed400a2bed65475432a036a663d76abfdf21f18d45d90
x-chunk-cache-v1/chunks/data-000133258799.z	38146	ef6f08b9892f3749ce86be2e75ed00a758e280c3db785315c3665ce49c749884
x-chunk-cache-v1/chunks/data-000133450953.z	40767	31f8abf8dc74a79edcb85352a878baab386a26d51bff42a16ff5f5a71360fbfc
x-chunk-cache-v1/chunks/data-000133643107.z	41267	2917e9dfe4b52f977b6cf16c97af73a72f25e1bc030717797e2255efbb2f436a
x-chunk-cache-v1/chunks/data-000133739184.z	38347	60fe29570992c60eddd95948b31bf584604f27a884f4b62f073887a321ea725a
x-chunk-cache-v1/chunks/data-000133835261.z	37244	aa2b8dcdd3edddaeca5c714dcc569e3d1d7daf89604fa1b393c0a0b6e6f63b9c
x-chunk-cache-v1/chunks/data-000133931338.z	37332	acfb58804b8781cccd59a43759172d2a0efcfd8b56e6f11def9aadff2a34fd81
x-chunk-cache-v1/chunks/data-000134027415.z	36996	8a89a22aeadde49311f2baac5d731ce81c94b2a75bcf329279b05618301c9885
x-chunk-cache-v1/chunks/data-000134123492.z	37098	ccf7edc880b6712c707456254b2c056cdeef89886980682828fdda5befdbe0c6
x-chunk-cache-v1/chunks/data-000134219569.z	38124	9b442be944752344ebbc19670f24cb39d3cd96bb7955e00d67d998aaa0f8d1d7
x-chunk-cache-v1/chunks/data-000134315646.z	39571	ab176b383ea3578451e362dd7775dc9dd52919fa5fcc5635351fa05d83c11fc6
x-chunk-cache-v1/chunks/data-000134411723.z	38764	b0f7e8ef833ca6b3bf872ca5bf60c618a96901d08d02e7b900542914e779134c
x-chunk-cache-v1/chunks/data-000134603877.z	40447	58415254523d233b8393aade6a11dc3153a9ae1f8839959c38d0a249b3b71b87
x-chunk-cache-v1/chunks/data-000134699954.z	41086	878cc8f89f02f00984700527b311a2ccb4e73e4af7e9f48c37e57d014055c7d3
x-chunk-cache-v1/chunks/data-000134796031.z	42727	63c406e557f4d90b7f354546b869eb3f15a2afce1e64f962ba450451f1615de8
x-chunk-cache-v1/chunks/data-000134892108.z	41274	c25c0d958f4766b48d6fdf6087fd1257c2fa5ed65824b3da80bf614eb14be713
x-chunk-cache-v1/chunks/data-000134988185.z	40150	7201b5ccbea5dee048bd8a920b35021c55333e57ddcbb97e81487ed577300039
x-chunk-cache-v1/chunks/data-000135084262.z	38783	6ba64b87b58c36a80a00fa8ec6ac40e837bb08cef0bcb70c74f7f92efe74af38
x-chunk-cache-v1/chunks/data-000135180339.z	36820	f18dc1d9b1227b73e3c67863f157b7aecd45070eb2aaf2f384f6452d39ebd403
x-chunk-cache-v1/chunks/data-000135276416.z	36328	6ca93deffd31b7496a25e82cb31428a5f55bf7ceb19cd04ddab0461444659c6d
x-chunk-cache-v1/chunks/data-000135564647.z	35471	074f9214d219ade9d732d003697b3fa40cf95edddda513b3fad96b3e27657ae6
x-chunk-cache-v1/chunks/data-000135660724.z	39606	4d8d8f2faa8bfad8d90ec2639de23294e6150e48d4b313d59a822f21e153e8da
x-chunk-cache-v1/chunks/data-000135756801.z	35549	d779a303a729b1c3573b7e8ebe3d62765de6ead21923d08cb863ea1101810983
x-chunk-cache-v1/chunks/data-000135852878.z	38871	23a6708f8a5394214d9a317d3aac071d1615e043f679bccdd1a8f8867f56c312
x-chunk-cache-v1/chunks/data-000135948955.z	37872	11dee518f46bb96fff1fda734833a7dc9dd5628edd5a7d012c55e496677bca4c
x-chunk-cache-v1/chunks/data-000136237186.z	38535	f5d49b6a27ff4d50ca658b55b0add2936a4eb2d2385765bfdbf6fc8f3bb9f260
x-chunk-cache-v1/chunks/data-000136333263.z	38570	d2ee67223a69add72cf7caed542153d9b3e6d62c956e71e8d39e2fec512d3a03
x-chunk-cache-v1/chunks/data-000136813648.z	42872	d2432a45f7860d59170a5f15fb179510312dbeed48f44f5558aeaa5de3c4d41d
x-chunk-cache-v1/chunks/data-000136909725.z	40278	60352ea275493e777ea51168b7059362ee378912bfd410f19eae140abf4482ed
x-chunk-cache-v1/chunks/data-000137005802.z	38985	178e8b191f3dadbbfb4f28a999a4519ad6ae9cb7bd16413a04b27a503c1ac6b4
x-chunk-cache-v1/chunks/data-000137101879.z	37215	91d59dbeb8b57051d5b1771b1bb691d3ee2adb3604d70412be0ba8d5bc740f29
x-chunk-cache-v1/chunks/data-000137197956.z	37775	148746b0629e11a3ae16a101ec6d52ca85a3529ffdc81467994c25fd8f396b5c
x-chunk-cache-v1/chunks/data-000137294033.z	41261	7c3d93ac3c2daba2c3d19b7fb6355787a869556076efc0ee88385635fb099e6b
x-chunk-cache-v1/chunks/data-000137390110.z	39363	ad3a4d971cf862a033c88eba9d68768135da5ccfd50cca7e71c89222d191b72b
x-chunk-cache-v1/chunks/data-000137486187.z	41765	d31d812c2a9882c10a9a0fe178337c83c867e41a4df0426c629fb9383361f13c
x-chunk-cache-v1/chunks/data-000137774418.z	40742	0110bb9b403c52de30852f4c6786f2fcc2f2344f044db6a7fd0c7e5288914f1f
x-chunk-cache-v1/chunks/data-000137966572.z	44969	8136c1aac232a5ebc3da8cbf987be380af57d0d0c4971d0bf8cfa6eac1b47a39
x-chunk-cache-v1/chunks/data-000138062649.z	41428	182647d6989a45ebf6ee45cb11dbf877a275e40950d24ad0f5c19d2bf812775d
x-chunk-cache-v1/chunks/data-000138158726.z	40270	d3eb8473bb603b8580a07f1d30de9485c765f72566b97a7712a05a826b04ee40
x-chunk-cache-v1/chunks/data-000138254803.z	40169	1fb0474403314585b43dc2e28e3fda41e1475eaa12e13f11c73843cba8050fb7
x-chunk-cache-v1/chunks/data-000138350880.z	39361	d0429e39c6da32ef4d1bbcbd64b344b8f728fc931d2577362bc719c06544600e
x-chunk-cache-v1/chunks/data-000138446957.z	39847	4f6d81ff65d74d7f6ed175274618980c9e0dfed7ff066e83f55a4cf6571233b8
x-chunk-cache-v1/chunks/data-000138543034.z	45797	4e663a9d443f6a90ddb66d2f7f585d9f69a904169cb6edd4a3d354b8a9d31303
x-chunk-cache-v1/chunks/data-000138639111.z	38796	3343cb3a59fe123c043e7f37c9f550b2c046e0b2a44b45a63c3d2950ad36acad
x-chunk-cache-v1/chunks/data-000138735188.z	36890	d8b036d813e69fb2decb7e72d73ab6724e419e0b548fb160dc927364806e63cd
x-chunk-cache-v1/chunks/data-000138831265.z	39317	e1d9a65f1b941686324bf217382e94f3ab1667235bcac3c06dd1634ccc6e12ed
x-chunk-cache-v1/chunks/data-000138927342.z	42750	03b540f565ae4cba59091dcebd85b553223313976995193b12070cac0bd968fd
x-chunk-cache-v1/chunks/data-000139023419.z	40850	d1ed08e002a6b3c30d07684d01ccb027be55eac2512f90cdff2690af40b21630
x-chunk-cache-v1/chunks/data-000139119496.z	40527	d5971df6e9838cbc211ec5fedcc20340486555a493795cdd07100802154b1311
x-chunk-cache-v1/chunks/data-000139215573.z	38881	6a04190eaba256e663750ae0011484bb34759f7c0e5d8b9ea4a65798bc14fb01
x-chunk-cache-v1/chunks/data-000139311650.z	39271	72f785c1600a5d8271b6d706ef6ee30bb6f3f27c270c934d596e1a1d852f389c
x-chunk-cache-v1/chunks/data-000139407727.z	37799	e0398ea1dcdd32d5d0937ece4ccd6ac5e89cb92755a654e55103df58bd072ae5
x-chunk-cache-v1/chunks/data-000139503804.z	40897	ec8e0071313e6123eebf1031c09eacfcb5d9f599d8a95747a83dfefd288183e1
x-chunk-cache-v1/chunks/data-000139599881.z	37304	0c3cd28e72c0bd2483215f5c6ec5bab98ba4a6b7f2759c7bbfe77d8806865cdf
x-chunk-cache-v1/chunks/data-000139695958.z	36238	c780c7c1532a833793fa66de6f81936a1f4d86d6d8f3093186cc4aef3fe516e7
x-chunk-cache-v1/chunks/data-000139792035.z	40284	21dd5cc74a9bd50b3cafd0336fdd6ca5752a1d92fa9dbb7e6c471e4d48029140
x-chunk-cache-v1/chunks/data-000139888112.z	36498	21ce1fb89dc1105a9e03ec5b127c75ec77ba1c7dd1ebf0e2d1d13a4e453e3e8e
x-chunk-cache-v1/chunks/data-000139984189.z	37762	62788db06acb6e229e2b38dee6e1e9671f48889a34a3de27603021098867660f
x-chunk-cache-v1/chunks/data-000140080266.z	35451	bce8b170a1a1f5653415fb983cac2f54f2b45dd138e81718c46dcf74acd598cf
x-chunk-cache-v1/chunks/data-000140176343.z	36445	6875ca89f34a611410b9e3fd11e40c370054f9699ad9968beab729e4fc6f9ab8
x-chunk-cache-v1/chunks/data-000140368497.z	36046	3e206e737d6cb55008c355a16fd89a9a7b6777fab76baffbee062bb6dec9659e
x-chunk-cache-v1/chunks/data-000140560651.z	35661	a6fefbd6705cd7299b46b3a329266d5aea54acd1ddd4efa3a6981b05bdb9101e
x-chunk-cache-v1/chunks/data-000140656728.z	38096	11f8af0d48abe9f7f180cba311c73d68ef805e7e8e86796fa39d37cb7a1e67c5
x-chunk-cache-v1/chunks/data-000140752805.z	37619	4da126ce583f018f89ea5fdcf4b616558542fd2c1ea19eaa94cfd1037ad0726d
x-chunk-cache-v1/chunks/data-000140848882.z	38438	3b1b57910b8d48a75cf0415b6e81e3dfdb28213e90a8b347c8cd642a26494389
x-chunk-cache-v1/chunks/data-000141137113.z	37179	ae43870f02aac12840b2c1a1f0718925202bb556c91ddc3cbc3627c0b8119551
x-chunk-cache-v1/chunks/data-000141233190.z	36103	f771989c93fcfa8c0707b77fb1003c07f9f610753e9157f4d6b2be87775f25e9
x-chunk-cache-v1/chunks/data-000141329267.z	37182	c4832c9f5919d674341034d0f6fd063824ba9ef560ebcf9438bb3579a1089d85
x-chunk-cache-v1/chunks/data-000141425344.z	34793	4b8ecff398ff770b8ea05e867534f0cd4a569ed755ab5e0b88e30a453f0c4f28
x-chunk-cache-v1/chunks/data-000141521421.z	36278	408d916b4b4a1c408fde56d0a0cf06cfe86b800f7146f7004a2db5b7db022bb1
x-chunk-cache-v1/chunks/data-000141617498.z	34584	4f8372194e6674025893dac534d2534e4077d7d84550cc6f5cd86a6e86771a80
x-chunk-cache-v1/chunks/data-000141809652.z	39187	bffafda63b28e29d4a14d111174678cb346bb52449586a0b015aa8813649c0da
x-chunk-cache-v1/chunks/data-000141905729.z	33661	3fe71b5e2736fba738b9a79d058b8c622c33fa32c5aad15db8e9bbba10378378
x-chunk-cache-v1/chunks/data-000142001806.z	35687	75a61df72d04699eac437a02c4c154e428e031a4111275755d46cd321339cc17
x-chunk-cache-v1/chunks/data-000142097883.z	39245	e8793f4c31ce54ed97f2d1e5a21eda60232b25dcaf14df9e40c4796d72c82f65
x-chunk-cache-v1/chunks/data-000142386114.z	36562	2953f00a1a340aeec2d6e325975b1d717a3bea1c3303e254d4a504a62abb4956
x-chunk-cache-v1/chunks/data-000142482191.z	38032	a83e6b93e50b51aee6bfda6ce0badf7de7ac71adbe014291a97d0defe9880e1e
x-chunk-cache-v1/chunks/data-000142578268.z	35064	f430266903c694c8acfb50cd9474253ee72c0b5dbaf4db60b2d637dec877bf27
x-chunk-cache-v1/chunks/data-000142674345.z	37390	3bcc45741c8951a0fb486d64f15b6afb06f4134b108ee60d44d6ac474479e6e1
x-chunk-cache-v1/chunks/data-000142770422.z	36937	04c4e94aa39b1fca4e80b3c4893187b1b8ac4f7445f30d56731b21eb7e2e90fa
x-chunk-cache-v1/chunks/data-000142866499.z	36127	9fea5d06be6b3b26cd1f94f8d1a6e1fc268363fda6c8eb7a5b91f7ccb88e141d
x-chunk-cache-v1/chunks/data-000142962576.z	38070	95a7189e5e92af8e1945a1e95a7347107f4c0ec4c111ecd42e3788a748e1eaaf
x-chunk-cache-v1/chunks/data-000143058653.z	39751	95259ed7a06d2728ff12f128d0765e815690458e4daa99142bf85e67ed29cb44
x-chunk-cache-v1/chunks/data-000143154730.z	37140	cc97889384824603cd4565e030208aaf4ce41084539f5db6e41a326335119e85
x-chunk-cache-v1/chunks/data-000143250807.z	39182	d6a559f06e3d205a4b9f64fe16c7c34e0f1320118402e6dcba2420d9b6e84a90
x-chunk-cache-v1/chunks/data-000143346884.z	39913	e4100b8ae8c41d5df3a33e3faee9980cf9fb878cb90bc60b57edc4189652c73f
x-chunk-cache-v1/chunks/data-000143442961.z	37871	a0e5b19119fe99672e079671d8b0c012c1fd1e9b8be676f984b7a2ad0f1044d1
x-chunk-cache-v1/chunks/data-000143539038.z	38862	8ad9563e823782a84f95ee0cf3182ededec714acec1668279c13e0f07a40a2f1
x-chunk-cache-v1/chunks/data-000143635115.z	37074	e742773e452f228801a1326fd21d74b532ec3efa08c449115038ca3c05f3834c
x-chunk-cache-v1/chunks/data-000143731192.z	36108	f3e5313864af6aad0cf7f4d708a03fb4d51e082c6db49c769dc007c906b16024
x-chunk-cache-v1/chunks/data-000143827269.z	35534	746f27be3faa781611cb3cc52de0617aaf38c3866c1dbb85fe1b56840b60955b
x-chunk-cache-v1/chunks/data-000144019423.z	36025	77119615a7c5f477b0b18dae8260de0cac359adac883c0960ff3c317cc772fe1
x-chunk-cache-v1/chunks/data-000144115500.z	32839	f8e942ca09eda788cf6c7bf9d8b9ad486b23600e6609e1b08bde4764f006091f
x-chunk-cache-v1/chunks/data-000144307654.z	35910	2304466646d0a5b6e86fe04cf0bb5ef5bda059e5192170947b116ab89eae91b8
x-chunk-cache-v1/chunks/data-000144499808.z	36095	d937153fb1427b7cf3eb58342d6328db50554cff9598692a1ee4f14f67a60a42
x-chunk-cache-v1/chunks/data-000144691962.z	38509	b3a4917de91a01d7a4045a2fca58bb4cc69085a4e5f09fdd3bb552dbd00b85b7
x-chunk-cache-v1/chunks/data-000145364501.z	37599	86ccbabaf0aa91e4bcffbd04f67298d38dd3c7aea526c2acd81638228b6156b8
x-chunk-cache-v1/chunks/data-000145460578.z	37693	7b3dfd49744bd95dc441193fc3b15e5930d1e0022e897f0124ca03ff87911582
x-chunk-cache-v1/chunks/data-000145556655.z	35239	fc635396009afa31ea8c06e1dad2e5b60ff753ccfe3c11c37e600fbe340f6ba4
x-chunk-cache-v1/chunks/data-000145652732.z	38356	31f327c5565ffb4ac6ca6dca9c55942af7d5dd41ef2b3f5f52098e574774d266
x-chunk-cache-v1/chunks/data-000145748809.z	36370	9881c146fa1905cdebbe557160ea2281ef503702a7d451584f09485e5eb2ce03
x-chunk-cache-v1/chunks/data-000145844886.z	35465	23c8dcaea98cc473908f893d14b3446e2d8e6b1fb081ddb0973cfac9ba7ef393
x-chunk-cache-v1/chunks/data-000145940963.z	35590	69d180ce61019eb37d445d7f83093d577a00073a662630d4583bdb432ccf0b13
x-chunk-cache-v1/chunks/data-000146037040.z	38950	a795341ed6ae92de672f1a45ead648ec84f51c3d26cad29e7fd1b8327b13936d
x-chunk-cache-v1/chunks/data-000146133117.z	39664	d8025d262ca4c12242f5f03222886b02d920a5f71512825fc340f7b053d52819
x-chunk-cache-v1/chunks/data-000146229194.z	39528	782290befca2870adb965b7571e220ae3efc5433962e7e091648c9c2fadc3b7d
x-chunk-cache-v1/chunks/data-000146325271.z	38773	31c389eb90225a3eadb521d0cfc39ca02a36e62f2243e186dc76335723301b68
x-chunk-cache-v1/chunks/data-000146421348.z	36454	a93e5ef17114eec3349096b7a37fadc0262bc40a6730c5ca5a270a432328336f
x-chunk-cache-v1/chunks/data-000146517425.z	36027	fac43ecaa0c9abab70c6701ce79b02c4db51a3e46d460b580512ea1fa7ff1001
x-chunk-cache-v1/chunks/data-000146613502.z	37191	93afa48c4183a6de1b0437639d7919ecf2b6c70b38926cd079cc7eaec23311ab
x-chunk-cache-v1/chunks/data-000146709579.z	40715	9546203f124710d3f5e48f2d52facc6f8d44ad2f38e5022f99c4c85ce7a924d0
x-chunk-cache-v1/chunks/data-000146901733.z	37077	89988cd76600e24c56ca243116390a0334fc9fe2dc0bd7e8814983e4d743f05b
x-chunk-cache-v1/chunks/data-000147382118.z	40248	b52db75834294f2d795a15d5e25682d605cf0ecba35143dfa6fd37e21441616e
x-chunk-cache-v1/chunks/data-000147478195.z	34776	24dacefa3c3ed79b008841d0dd51449202dbdd14d259d5c290e0c7eee9a95a35
x-chunk-cache-v1/chunks/data-000147670349.z	37545	cc995726d374fe52abcb801226b03ec09b6f6601bf15705437219f5ade809fbe
x-chunk-cache-v1/chunks/data-000147766426.z	36291	7c63f1d7bf273e9476b8ba1ee080e9c83d7466885b65995354b8b96867fc8d6e
x-chunk-cache-v1/chunks/data-000147862503.z	35700	e191ed948ca3605896b4d7f3d00bb9063c271b74770ebd9492c1f707d4de2917
x-chunk-cache-v1/chunks/data-000148246811.z	40080	3ac2db85c15e58e132e728d376bbeee2ea96cd1fad47e36c34d2239dc1e2b33f
x-chunk-cache-v1/chunks/data-000148438965.z	38707	138de14b8b9d1b12b61234ef217a04b48213bfd503dec5f9fae41605d6e43134
x-chunk-cache-v1/chunks/data-000148631119.z	39479	e75bbee743155f65ce8ca1aa4e61aeb1297689ad4e0e2b06497cf053e252f512
x-chunk-cache-v1/chunks/data-000148919350.z	35950	6c4b49ee3d471f36a2f921b4b94cd3c81a84494f708f9a640364b3a36f35a222
x-chunk-cache-v1/chunks/data-000149303658.z	33594	faecb74e6450527d3d2719a96c58670de5e45b5a6070a417424b9a0aaadd7616
x-chunk-cache-v1/chunks/data-000149399735.z	33535	a626b05c31eff11b3b06504325a31b5a38dddc467babcb488edd46819f5596fc
x-chunk-cache-v1/chunks/data-000149495812.z	32233	d48b018a2dea16a296b250719ea48ede70082547990f8a8ee958e106893518da
x-chunk-cache-v1/chunks/data-000149591889.z	35061	d121c12e54a5bd3752670f73c62024aa117c39fcd8eb5dd6122926bf6c8c01d1
x-chunk-cache-v1/chunks/data-000149687966.z	34830	e60705783a9ed78f67b2a5b5c8e51ad0b578e5d85b97829b11eb8d16c71bc072
x-chunk-cache-v1/chunks/data-000149784043.z	35557	73267a719ad6f9b5c9d4f59aba8bba4666f1dfa4ea8f58d86dd2255cb1afcf55
x-chunk-cache-v1/chunks/data-000149880120.z	35513	e40796c8bbe288230c2cf17f664cdf6539c3a9c5b59b0fb8c2d7d8fa1ee65f60
x-chunk-cache-v1/chunks/data-000150072274.z	35483	b990e064b295efa59cc56473bbfe3af8a1deb08b91c1cde5f861359ea9a63ac3
x-chunk-cache-v1/chunks/data-000150168351.z	35140	8835c1cf8e3e29a15f5326a3d547d455561652723541c25541df120a3390cd1b
x-chunk-cache-v1/chunks/data-000150264428.z	36471	6ef22928c4eb2465be8e3fde0a6f5f24945f3c2a85c48433331bb6ba2b4ef425
x-chunk-cache-v1/chunks/data-000150744813.z	36903	1add68fadcd7de74b202ba543ad5ccbb8d1c046888881619d034154dbb912401
x-chunk-cache-v1/chunks/data-000150840890.z	36046	5e1d656d3beaaf1305f43881a2c0fbc9d541ca1a78747003974ef4d91ebb2d0f
x-chunk-cache-v1/chunks/data-000150936967.z	39552	6e5c88d40be539a1408589d8a01ebaade0f977da7601a866f375be99eca56ba7
x-chunk-cache-v1/chunks/data-000151033044.z	34305	5fc2f6b1661b275bdd80b24bd07fafcf86dd8a40b1a6cf138c5708e02adf1105
x-chunk-cache-v1/chunks/data-000151129121.z	36044	49be54882a1b9552fe0568424e178b9b02019cc3a406ee768bb23a2aa0e96eea
x-chunk-cache-v1/chunks/data-000151225198.z	37103	c6cf5c380700f199d745231617da29efd24083211aefbd797aaf5e3d9f2eb6f8
x-chunk-cache-v1/chunks/data-000151321275.z	32924	f5c071d4adf768cce243c9e719793b106421b1b2b38e301456720693f2626bc6
x-chunk-cache-v1/chunks/data-000151417352.z	41517	9b5d91dc21fa848b751218242db50069135103e899ab81b305b3204feb51faeb
x-chunk-cache-v1/chunks/data-000151513429.z	37915	55cd4a42dbf84e1809dbc3e8603d594af88162de6facafd3a607e21f5c61fb77
x-chunk-cache-v1/chunks/data-000151705583.z	37456	dd4736145016d083139eaf4d9ac442225de7c75138d5fa915fba04db409df57d
x-chunk-cache-v1/chunks/data-000151801660.z	38444	72bb6c537ac4548b8a2cf6cd8006715e280c0b7a88ef4799963d965102809a80
x-chunk-cache-v1/chunks/data-000152089891.z	37391	74bae37e7c6a64218888ff9dd9d5b693535188146dead8bada35c003903750af
x-chunk-cache-v1/chunks/data-000152185968.z	33479	c447dba460291419b2c552e0ac7b7e81f671218f17fe27110bb6359dd82f7e7d
x-chunk-cache-v1/chunks/data-000152282045.z	32754	278c0e2a62a05f906192ca93426567be62aa349dc84154393fa1ea68b2802384
x-chunk-cache-v1/chunks/data-000152378122.z	32408	17fa3c5eea5cd626273fa8aa6631fd19b71f42a9f0a50169fc824b6ca0851119
x-chunk-cache-v1/chunks/data-000152474199.z	31987	ad83752579a5e0ff710e053c9bc214937aee04df1e5597c768ad86639cc944c5
x-chunk-cache-v1/chunks/data-000152570276.z	31955	1d4324556cc17129ca953d301256c755905446403d62fcf62c5e36cd39d25754
x-chunk-cache-v1/chunks/data-000152666353.z	33062	0695fa5c15eb46982ede2d5c3306f1632d0dd28b077b67f43e8aa7a5d0d64d16
x-chunk-cache-v1/chunks/data-000152762430.z	33030	d65067fabc9f829255693ec1ce48b51fb50f1da8a264ab2731246f2d6698593b
x-chunk-cache-v1/chunks/data-000152858507.z	29917	5e8e936ae1e6d1901d7c1a41dbca2d45ef9420e33005fbfc39404bea584eb082
x-chunk-cache-v1/chunks/data-000152954584.z	27990	a467c2572b94d6c810218b1e2a35a13294124701dd9262b554cfeebe5a86b21d
x-chunk-cache-v1/chunks/data-000153050661.z	30855	549cf78d0ebd27b3a71f13ac72c3440d656b4c843167ea36087abe84be40c01c
x-chunk-cache-v1/chunks/data-000153146738.z	32350	be7db48871d0ba645cee4615eae9a661db95dd68da8ada96f6c2d49229473198
x-chunk-cache-v1/chunks/data-000153242815.z	30028	b545aa44d125a0e06c889f8601feb1c8ba8913b45ac063c94c1b05ef90c17419
x-chunk-cache-v1/chunks/data-000153338892.z	30770	72afba527de48ae8e76a809014992794d6e34fa26c7478b4253ef0abb40c06d8
x-chunk-cache-v1/chunks/data-000153434969.z	31198	aee19eac584e4f0a4e307e5719ff8cedc09fd230c2edf46f24c61f01eefeef92
x-chunk-cache-v1/chunks/data-000153531046.z	31726	a693cb9d5a0e4bde1d010a84fd290e5fa020142dd8864df2b8c751a1e4cbe67a
x-chunk-cache-v1/chunks/data-000153627123.z	31088	fc645c9b00ba1e654c5173fc0e524df17b7e23a38bdd27e3f8995ee018333caf
x-chunk-cache-v1/chunks/data-000153819277.z	30182	897d21688771efbe7d894a8f28a3888c2589cfeadc6130d9bb941f2dc3183da3
x-chunk-cache-v1/chunks/data-000154011431.z	32597	de4ac619a546a7ff7a609bf1a834af213d56347ef45eb114a67c38469d45159d
x-chunk-cache-v1/chunks/data-000154107508.z	34808	cbf43860649feb741db2d914eac1bca347e68033e38f0aa26c200024d0651e12
x-chunk-cache-v1/chunks/data-000154203585.z	32061	43491965848cec733f6ff277b8e240ed8fd44726d6fa4ceade9689fbad78c040
x-chunk-cache-v1/chunks/data-000154299662.z	32381	eef6279e58b47f3ed2cbe8f900b480ad25106ae0aad1029d54025dffea885ede
x-chunk-cache-v1/chunks/data-000154395739.z	31189	50bed1eb6d15bcee10c1262e19bb330ac60ec5e3ac180bf8f500ccd04ed0fc1d
x-chunk-cache-v1/chunks/data-000154491816.z	32161	1cead1462dfd7f1c93a77c7e5484d18abdbea61dbb4ac8036e8b22b47e7046d2
x-chunk-cache-v1/chunks/data-000154587893.z	30364	a92fcbc9ed025ef4116bf00fabc4e0e6f94be220bad04f78e045df26374254d1
x-chunk-cache-v1/chunks/data-000154683970.z	32357	8e052590268f7788031a1eece3b7d8013886012f8e1f47550eb637d955fdcdfa
x-chunk-cache-v1/chunks/data-000154780047.z	32387	edbaa29dfc784c1adf44f893994b3ee1d9f13b3401436a35bfd15c6bad39f252
x-chunk-cache-v1/chunks/data-000154876124.z	31630	f017e0ae299f634c2c6a5bb90118adeca6c3e06a15bd89d0d6b12128427a66a9
x-chunk-cache-v1/chunks/data-000154972201.z	32108	37d9d1ba29f91d6040c7f5339adbfa9081e6b95ba56335dd5535698313146dae
x-chunk-cache-v1/chunks/data-000155068278.z	30797	d22680098cdc920ad86eb890d5c6601f168b09d79593a6d1560e8408c1f274a9
x-chunk-cache-v1/chunks/data-000155164355.z	31817	894a508a05526b422236d3178749605b12066205b019cae99906d584c03e2edc
x-chunk-cache-v1/chunks/data-000155260432.z	32257	e4e316c894fca59bbd83d904b5def81bf2b327b9e72af7fe47e0ca39ab68d15c
x-chunk-cache-v1/chunks/data-000155356509.z	31895	b293e77243a941bc560b6a842975bfa5cf8806117f6912af5842c03bbebfe835
x-chunk-cache-v1/chunks/data-000155452586.z	32114	c1a0afa563629d25b19437c1cb4f24a8e5c1ccd44cc712277bc71b1a1c05d67a
x-chunk-cache-v1/chunks/data-000155548663.z	32454	d2d6df76eba75177cf91f0c7d86620ebd19bdf88cee700dd49812d0443046a94
x-chunk-cache-v1/chunks/data-000155644740.z	33484	d9c94ee5a1ed67e2970d8b908f5952092f83a1151785b5b407517d95da661b79
x-chunk-cache-v1/chunks/data-000155740817.z	32143	4993384793b5d9f236242f82ded3c02c3c6b8c9ab94bebaea8233ad5b9037bd0
x-chunk-cache-v1/chunks/data-000155836894.z	32482	01fdca5245fcf3f6b96f6dde7b72e8ce18a42b207e419c96860562ad933d5600
x-chunk-cache-v1/chunks/data-000155932971.z	28510	fe086d12a31481e6c563f5c907460a29f33ac8bde5c43af19e9e426fbd671dc2
x-chunk-cache-v1/chunks/data-000156029048.z	27752	b5e72543d7e0e6a961b9b4830194bf02250e2f860075725ed82244f11076e448
x-chunk-cache-v1/chunks/data-000156125125.z	29069	37e8e7998c78add5aba146236c49e2f922ca1375bf84e37e736ad30527b12118
x-chunk-cache-v1/chunks/data-000156221202.z	30857	790867e0a6a454ff47913d25587956e6b52aa8d4f50d8b466fbb678d4e8b4032
x-chunk-cache-v1/chunks/data-000156317279.z	28735	ac7dfda23770b7f8a460bbb7af5778ba81f046da7c89efed9cf5d8511d6ac39e
x-chunk-cache-v1/chunks/data-000156413356.z	31500	cb0439ac72d20e80bc91e046e5e5f286b063705da8c82a4d72383c5a36dc8d35
x-chunk-cache-v1/chunks/data-000156509433.z	30863	8ed069fbd3cfdd3d4eb8a4b24c9eef4231edc6b111538580ccae9b39c87d8fb8
x-chunk-cache-v1/chunks/data-000156605510.z	32970	d9142454db12b1fde3da27594f62a4a3c003b3f2ff2725c9df8b0c65945da4ca
x-chunk-cache-v1/chunks/data-000156701587.z	31377	2d19dbe851cdcc184f1507381733daf8cd782fccf9b223ae89ee96b28dd02e6d
x-chunk-cache-v1/chunks/data-000156797664.z	31901	337d746fa05b181b119bb3b590bdd5019f250684eaf50a64cfc55429503ae325
x-chunk-cache-v1/chunks/data-000156893741.z	33326	bc5dba12ce1e944281d918f9be2cd667637eea0e7b0fbd5f5defe55022adcdae
x-chunk-cache-v1/chunks/data-000156989818.z	31431	9a0e56779fd81b8cb6e9b9e529a6481ec01e7e5f04932dc923cb3babc2b1a2b7
x-chunk-cache-v1/chunks/data-000157085895.z	32782	30cedf7c99a74af1c236d21e813fdc20b05a15c23c395a8a238f2bda11aae2c3
x-chunk-cache-v1/chunks/data-000157181972.z	36326	c83ca96c0fd381d2e3781d5cecb7241004771f1ff123397b3960ab3afd3bdafa
x-chunk-cache-v1/chunks/data-000157374126.z	35345	388b466839835ec5e46e217d0c4c6fa0ed891664a683efed18d66939234063bc
x-chunk-cache-v1/chunks/data-000157470203.z	36575	6b33c32008af80e75742407903a394af883a33c4d2937e7ce9d37832e77df16b
x-chunk-cache-v1/chunks/data-000157566280.z	32565	85640634ef0b11b450d9033ea37c84068f288a79de485b9e4cc274e7e88bc832
x-chunk-cache-v1/chunks/data-000157662357.z	37188	71422d63e39ef5aeb147a757ba39a112aad1bb33177416b826153538bcb61665
x-chunk-cache-v1/chunks/data-000157758434.z	37470	11399c2a000e8f0f5122847b3298744dddcecf232357c0c08f4415b7229b39e2
x-chunk-cache-v1/chunks/data-000157854511.z	34280	effda32d7b116d54b7c9f307e828bda3991a4b508d4df332daa36290ac331a75
x-chunk-cache-v1/chunks/data-000157950588.z	36477	aa7f848537db42b4c5efe389f3a082bc523ce10d9cade47ed3f33e1e5294156c
x-chunk-cache-v1/chunks/data-000158046665.z	36593	d0bfa687f8eb3392f2eeb77b5fd0ede8682afcdcc41a624c146c3f3744a73619
x-chunk-cache-v1/chunks/data-000158238819.z	34991	ca53d18dc679b0060e25057226eac9846bceb267b44788e4fa72da5561cb3d05
x-chunk-cache-v1/chunks/data-000158334896.z	37666	825c58ff8666732c16e12b94037ce26cebe7fa6e82fbe5017873b81695134dc9
x-chunk-cache-v1/chunks/data-000158430973.z	36065	dcf1d2a04e8f7ab9f5c8d5367aa721efaecf6038d88264bbd3fa3cb5cf202683
x-chunk-cache-v1/chunks/data-000158527050.z	36142	d66dae63734b0f3e8765c00f8367ef4ff22aa362573ec5efcda54377e689e803
x-chunk-cache-v1/chunks/data-000158719204.z	36507	c15446528d573a856ca6a2ab280aaf35bf353aa61581ef7aff8cf9f20bd3720a
x-chunk-cache-v1/chunks/data-000158815281.z	35365	5c5bf38b93e6704e4cc594c2d7c097675df4321d8599769d12ab8bb546975d2c
x-chunk-cache-v1/chunks/data-000158911358.z	35072	c9e24ea21e1bb92672108a746c48aa4c74f354b8ec4f9ee9d80e275747178d27
x-chunk-cache-v1/chunks/data-000159103512.z	35071	164777ad0cf3d12de1c3791a52841577bf1e801a3ce1fb3a983c3a1efc2dfcf8
x-chunk-cache-v1/chunks/data-000159487820.z	36600	336b4059a4fbc8557c0f685b2f47f17011b7fddc4b30109b5d5ee03faf00f3a8
x-chunk-cache-v1/chunks/data-000159776051.z	36638	a3fd3e17c7219c663f2ce3964e346ae1a5d25133dde40eeda85c4570237a904c
x-chunk-cache-v1/chunks/data-000159872128.z	37275	8305b0a67aa3ff19ea174c1d7298d8da8b1a1fc08691ab9938c0b41085afc36e
x-chunk-cache-v1/chunks/data-000160160359.z	36661	70fe244b6016d4b12d350a6b641df1dae83e5d5f5eaae48235226e41701ff7e7
x-chunk-cache-v1/chunks/data-000160256436.z	36385	85f10eae9eedc09ac7082c0f9b26c7413217fe0a6f83b7c067c58e8365793790
x-chunk-cache-v1/chunks/data-000160352513.z	34530	a42cf80c81aff3660276d38f7a3dd826b3061ade60079d973b6318116cafd452
x-chunk-cache-v1/chunks/data-000160448590.z	37741	5e37c2331c9c8c7685abb03e17106a9910a6092599ac12ad6fbba6741e99eed8
x-chunk-cache-v1/chunks/data-000160544667.z	34185	abaec024dd0278492b6c0bd5e8a5da825575f8a209775dae4bbb8010636d9f50
x-chunk-cache-v1/chunks/data-000161697591.z	30985	182f9865f67c6b2d06fce00dcdabbd0a6e31496cf46bd765d488ca49c58f5515
x-chunk-cache-v1/chunks/data-000161793668.z	29736	137503ac6d58264007ee7da9a2900a88fb10062faf78f5c3f4c7d56ab4418a2f
x-chunk-cache-v1/chunks/data-000161889745.z	30260	0bd937aa4d3b31533ebd33ddb5a5ee7f9e16bb5a406efd96c21b23479604e3e9
x-chunk-cache-v1/chunks/data-000161985822.z	32850	42b988574d1db5ff4e927ccf11d963dc0253c60b0a4d060f048946fe54a02a84
x-chunk-cache-v1/chunks/data-000162081899.z	30751	aea9e6d2e1a50f937bf4ff0cd6cbad3815588f7cb6cda152ff2273d06706f443
x-chunk-cache-v1/chunks/data-000162177976.z	30475	c4095da5d235d1bc06fbdcfd4f1f5e808a9b3d4383e6cf4e244013924e0eb57b
x-chunk-cache-v1/chunks/data-000162274053.z	33005	dc12bbf7f98f308643add79951d67d54022f4b9bb5fd47f46c2c41f5dfc9fcee
x-chunk-cache-v1/chunks/data-000162370130.z	33506	e2e9bcd24fc85b4091011dedb32c837dd6ac14af7449961e60aef01ddb6cc78c
x-chunk-cache-v1/chunks/data-000162466207.z	37647	ca52d8f69fc97fe0ed6e64fe3e885b7aa1c9fb114c7e53c909b13097ad7499e2
x-chunk-cache-v1/chunks/data-000162562284.z	33148	9514f0a0cb6d34bf7b8c85ba787226ae48b28f08cf37efc3f3533866ee4731e8
x-chunk-cache-v1/chunks/data-000162658361.z	35643	68deb0ab85adc0182194ab7310a55e6b824844926b38285c1b7c78b849b61225
x-chunk-cache-v1/chunks/data-000162754438.z	34974	00d5653222c4f5e74fdee1a490e3dd2f075305fdf6ea2ed02a091ac0abb1e878
x-chunk-cache-v1/chunks/data-000162850515.z	35174	117f8bc0a1a38c83b99ce78b0296554983898c5769513b4f896ba9beca79fe87
x-chunk-cache-v1/chunks/data-000162946592.z	33811	6c0428627f710b05ccc30cdef2b95754f3f06022dfe27def9479dc20f3859a8d
x-chunk-cache-v1/chunks/data-000163042669.z	33341	0a5ce67b68dfc247730ea9996daed5b20db93e330da40e6552fa0346bb201c0d
x-chunk-cache-v1/chunks/data-000163138746.z	37369	18a19f938913c81f1f9580bd288380fc06c9b92184fe6bac539d1a714c2c1882
x-chunk-cache-v1/chunks/data-000163330900.z	37732	6a9479532378772fe6b9f7cb3c74ff5b3600800b006bfe121b74d0763d8b6ea0
x-chunk-cache-v1/chunks/data-000163426977.z	36710	6094db189b14b69726c3b7dc381268f2c1a7600a8e87e4fe625693b3917824af
x-chunk-cache-v1/chunks/data-000164099516.z	30935	c80348e2eb7cfe83585f61535e2cf37916d42c54b7c7cf772096a258ab05e3af
x-chunk-cache-v1/chunks/data-000164195593.z	34529	cacfd8ce8dbef62dbb0ac4b79db35247df728709b4ccb9dbfb14a1a06678b1ad
x-chunk-cache-v1/chunks/data-000164291670.z	33855	db347a88ed69c856f87ccccf164b7750aea389ef355f2fb99be98b2112bc4445
x-chunk-cache-v1/chunks/data-000164387747.z	31011	98b67c4ad8eb3149b49b5a0c5c8dda8cda13984962904f9fbdf266c1eb24c6da
x-chunk-cache-v1/chunks/data-000164483824.z	33241	dc32c4638b16a40bc02ddd9e5040bbfd2db38986999e4a6a3094dbbe52e8c75f
x-chunk-cache-v1/chunks/data-000164579901.z	28829	208121d6719e1a19e7a17b0413a1cea00be313c2e6954ef9441c2fc80d05d9ad
x-chunk-cache-v1/chunks/data-000164675978.z	28875	baafd8719df4d3d69a9f2e545fc1bdef52e4abbf905e720ae515e9f85a3a3502
x-chunk-cache-v1/chunks/data-000164772055.z	29718	50471272ec3c4b413c841217d92fed46c4a3cd18e056c8654700fee6310101c0
x-chunk-cache-v1/chunks/data-000164868132.z	29021	5a80dd8a1c207cda0726d2c35534b5dd211a589262f4ff805628eeb093b2b50a
x-chunk-cache-v1/chunks/data-000164964209.z	34122	c776076ba7021112d3bba7147862af003309d1d24b39e409bb67087e14d3600c
x-chunk-cache-v1/chunks/data-000165060286.z	30924	cb796bf9110b34a1ebd0bf88fbd07f6b81c07cf4f14da04d1d304eca1fd9b566
x-chunk-cache-v1/chunks/data-000165156363.z	34465	a294989ec5045cbeab7cc1a163c3f1aa7c22a7414a204cec1eaed8d83241b04a
x-chunk-cache-v1/chunks/data-000165252440.z	37400	9ed07464da52228a9e932e965ca253214fa91278009b666693c2607d017c3e2f
x-chunk-cache-v1/chunks/data-000165348517.z	28437	bbeca01a5dbb57727eeb32d2a21b0268b26c87514e31db1299fb295252281558
x-chunk-cache-v1/chunks/data-000165444594.z	27232	c37758f49cfa75a2a29edd58fc39b1a4e28f9b8909f9e6f463d1381a8318cd29
x-chunk-cache-v1/chunks/data-000165540671.z	27804	662a82c7642e08947a4cdd516572597fca90c71e297308fcdf0972b7605c5005
x-chunk-cache-v1/chunks/data-000165636748.z	27093	cb6d20e8bc112e1ea07dfeed519a23e78978f1a07c5697a202c4f764b2ce22bb
x-chunk-cache-v1/chunks/data-000165732825.z	30378	f560c0fa62ad04ba88eb1c2ccc2c390cfca480a0812887f5f0b61c84cea015f4
x-chunk-cache-v1/chunks/data-000165828902.z	29384	fc3df8e87a576ce2a9af38a94725e37e6510274627a1c63d389c37d9879a45d4
x-chunk-cache-v1/chunks/data-000165924979.z	29785	591f3b3b5fe16fda6e67d30a6b5b6ea6d6c617d398fc94a4056872ec92917e4a
x-chunk-cache-v1/chunks/data-000166021056.z	32792	b3f7f1b960d7d8f3b24ac52f62bbe341cca956ef6d678c9a23ed18b9b9b622e8
x-chunk-cache-v1/chunks/data-000166117133.z	27154	14c072f11b34720d4e2b6851205d933138b2ab1abee213112f4b5b7124328acd
x-chunk-cache-v1/chunks/data-000166213210.z	27641	d9ed4a63e6309e83fec4ecc1b8db8cdfa03eba1483b099ae3bb4bf723db5b795
x-chunk-cache-v1/chunks/data-000166309287.z	27448	207727b1e86797e089bfff4d75319fbdba034e9b846f14568843e25ee66b52bc
x-chunk-cache-v1/chunks/data-000166405364.z	30785	39b62a717c1d1fd18e96d36a74ad4a05d91b33e16f384ae7ec9ecd84d4da9275
x-chunk-cache-v1/chunks/data-000166501441.z	31471	b413aaa77033744bae21d46b608cdb993e55864ef860554227c38e61f7fbaf7c
x-chunk-cache-v1/chunks/data-000166597518.z	29716	f52712a6470fdf9e88b380c99ca73467c44a3980be2b01ef8bd0131fbf990d34
x-chunk-cache-v1/chunks/data-000166693595.z	31536	9281ae3ddff51e1f0cf0e9de7b2e8d6396278856d44e79defa035291779896f1
x-chunk-cache-v1/chunks/data-000166789672.z	30022	408f679f510057a61d57dd15e772925e2801466250cfd1e3e5c08522c5ed81b3
x-chunk-cache-v1/chunks/data-000166885749.z	30329	6d5b8eca78dc71f7b1955106bb14e414ce7a3828e85ca2d7232cad139b7d0c87
x-chunk-cache-v1/chunks/data-000166981826.z	31316	b5fd25f42bf09787cd006291957020f355c25d6afcec5a9c094c9c6e205af49e
x-chunk-cache-v1/chunks/data-000167077903.z	27602	bfcc4cd4466dacb6d8ab392489395492925ec1a1bdca1c06bb995805d5fdd3e3
x-chunk-cache-v1/chunks/data-000167173980.z	32476	88a104080831f4624983824b4987cd49ff9d4177e9359fe597db60622ce3b2c2
x-chunk-cache-v1/chunks/data-000167270057.z	28935	2e744b13eeddfe37a0be6cde549079514134ab74482ef024308e96390fc69aae
x-chunk-cache-v1/chunks/data-000167366134.z	28158	453907ccd737a1ef701a52f1e5352702d28ca1d4766eb7df42f7766f287cd99a
x-chunk-cache-v1/chunks/data-000167462211.z	28522	c0a38b716858b37114b580ab9168b82d516a849baa5dbf8c7cef2390a68d02f9
x-chunk-cache-v1/chunks/data-000167558288.z	31457	06f71b91300864ffd3d54ff3d20bcd66cd8d35cde2653e02a5185cafe0314ef6
x-chunk-cache-v1/chunks/data-000167654365.z	29009	8d5da92a409924051f77c2cd35b55be59f699831c8c17ed55855b5dca3bda6fb
x-chunk-cache-v1/chunks/data-000167750442.z	30125	fc07d48912b5534c7ab67c4925fba1311820f8cf10eb1b2c8f48bf2346088309
x-chunk-cache-v1/chunks/data-000167846519.z	29831	ff1ed0cd2a72b877da3700826b6ad7a698337aeda2968432c6717b8376a2aedb
x-chunk-cache-v1/chunks/data-000167942596.z	30541	b422a4b4fa11d687f23a6120b91398d1cb50c1153d5c69bfaa1285fffd5ad832
x-chunk-cache-v1/chunks/data-000168038673.z	33319	b1570882f966d6608da560a5a8737f289c229f2459c3f369576e849be8050ce9
x-chunk-cache-v1/chunks/data-000168134750.z	28645	67d69247caeb635f68de466a31f50c099c8af2586eca03927b6a1a1422fe6158
x-chunk-cache-v1/chunks/data-000168230827.z	28856	a070965a7641118fd3fd7320e434765a8ee8fed01f7d11e49dd181badec4d7b0
x-chunk-cache-v1/chunks/data-000168326904.z	30690	cfacd6e977dbd9dc701f0edc641bae8e680f0d1e422420fd5c3195b50cd602f3
x-chunk-cache-v1/chunks/data-000168422981.z	30836	048ebc2ef814a7b700e1b6c22bdf42c332f719d04a55d66dc30bed2091021a82
x-chunk-cache-v1/chunks/data-000168519058.z	34935	8ae8633b1cd9117f0a43e8021a5859344d2aa9eef2bada73b61a575259f510cf
x-chunk-cache-v1/chunks/data-000168615135.z	31814	492ec82d1d8774143c57660a5609046af267c6d26405452d9d0aaae28c1f690c
x-chunk-cache-v1/chunks/data-000168711212.z	32064	1209a1e83202c6f4042bb41c2620a0f2fa4c13cf8601b85701a018f4bdbbebf7
x-chunk-cache-v1/chunks/data-000168807289.z	31782	1c0fb5e01c2e22908e370c57c196e56795bd1860e7982ed3def68f4ef9d67cc8
x-chunk-cache-v1/chunks/data-000168903366.z	35413	d4c5dec631d7b3a61e5e56edfe7c9c0a36bcca5ef99c3972e49fc369cf00d0f6
x-chunk-cache-v1/chunks/data-000168999443.z	36287	a59030c0f6054bb5fa028fb46eb0f3439b4bd7a54cb94140c1bac0d99ab9655d
x-chunk-cache-v1/chunks/data-000169095520.z	34736	fd718051adc48c18b2ad5fb6aa8f878e42d0955ab59f280bd95132b075b01d33
x-chunk-cache-v1/chunks/data-000169191597.z	31226	852defc8602b346e53f62beb4a14b6c59473cd3e27cb6dc74c770e523c776bb1
x-chunk-cache-v1/chunks/data-000169287674.z	29850	03747661d7c1e8f413b3a2b4d1a93fc7f0ae9112a4071330668f750a05818d7c
x-chunk-cache-v1/chunks/data-000169383751.z	30881	fbe14362669ee31948124c3ddd552919118fb2febe7744f9abfac67aca0cb766
x-chunk-cache-v1/chunks/data-000169479828.z	29541	21965d791454778daba8e54971951f26e10529bdc0162d921ed046d1b69f39a6
x-chunk-cache-v1/chunks/data-000169575905.z	29904	b98534e8e42e0249b1fdcf3ae336fd7035ef4a6033938cf7e1afa3f20750a130
x-chunk-cache-v1/chunks/data-000169671982.z	30334	9f4ef5469812801a48da4df34b9b50bb301fba2c78f04880f35ef83cb9d687cc
x-chunk-cache-v1/chunks/data-000169768059.z	28948	22891028d19813ff15682332e9845ebb26db935cd9d122b6ab5dd47301fc69b9
x-chunk-cache-v1/chunks/data-000169864136.z	28686	e91d5e1d1b8b347d5b3623d71a5be3b4c6bf5276b58d2350a173a29378325f5c
x-chunk-cache-v1/chunks/data-000169960213.z	28882	026a9a8828fe1b0f53dfb9c069ac7dbf1d19172cbbb202b8b19e758c19f4f5e3
x-chunk-cache-v1/chunks/data-000170056290.z	33818	e93213cb724f3198d89121d95308134d54f2a199b9d5020badf67c11f46d700e
x-chunk-cache-v1/chunks/data-000170152367.z	30114	fed6afe22ebf91c44fb0504272d28116fd8a345bcb1462e1e2a708c63206d1d4
x-chunk-cache-v1/chunks/data-000170248444.z	30798	6e421b68e0a39c2b69d532eaeb8748f6f46040fa74a93ce64763f56300234644
x-chunk-cache-v1/chunks/data-000170344521.z	31289	327465268d850f6fc7d26522b4a5e2cd1483cf1f9c0ea145e478cb8fd5527ac3
x-chunk-cache-v1/chunks/data-000170440598.z	30142	e09872b672847224ac638b20da70bd4b25b3ec82c21397f82de858396cbbe183
x-chunk-cache-v1/chunks/data-000170536675.z	31932	97071ac80c9456220276b6189fe69bb6109294ea86986c570f23d047516cc4f3
x-chunk-cache-v1/chunks/data-000170632752.z	35716	3ebcb02f9192a83cc2a3bb89ce240f41d9163a2b87411a4c857dbb11ca222005
x-chunk-cache-v1/chunks/data-000170728829.z	32337	035b2b76b71f28fbda58c8f545766c74e0c84eda47288f34e86abb74b4b06a3f
x-chunk-cache-v1/chunks/data-000170824906.z	32219	0869321ae5f3891eddb2c10422be46c395ae9c520b30230abcec5ce3ad9f3d6e
x-chunk-cache-v1/chunks/data-000170920983.z	32219	0519431deb84b3b6542afe61b49e3f743a5b3c9234f34aeb54eeef1059d44a7a
x-chunk-cache-v1/chunks/data-000171017060.z	32776	445f6c9e853a2b54d042c43fd1500820dd2ed2692a68d483a9e3b7f12be2f991
x-chunk-cache-v1/chunks/data-000171113137.z	33494	9de750ede9bf67747074f964edae6337ca8099b60bcda2975d67f3fe569bdc2d
x-chunk-cache-v1/chunks/data-000171209214.z	34466	b912a1a9015da858529d96d5692e079e9e5448e3ad6fb07ffc9513fdfbd7b6ca
x-chunk-cache-v1/chunks/data-000171305291.z	36536	2a00ff17646acc42bad20e97f9f7d2cdb20ebea64ec1d9a797252bb46f89ef8f
x-chunk-cache-v1/chunks/data-000171401368.z	38027	71954bc78abd4f67396a60b3afb78c60063d8f7beac1e83b19bee6230f1f5ba4
x-chunk-cache-v1/chunks/data-000171785676.z	31953	7a394e14d88f956e189d43dbb86e12af28c4bfb29ec1bc468c6d543fb8d4b680
x-chunk-cache-v1/chunks/data-000171881753.z	29259	131e7e1e80d1191dec08a70992b8db39aaeab6f6c63e57cb021f0862fff2c2e0
x-chunk-cache-v1/chunks/data-000171977830.z	28884	771ce523ec6d37c9d2747e0d451d24cad1c7cb4051ba1f821b6ba01cd3e90762
x-chunk-cache-v1/chunks/data-000172073907.z	29496	598ae4f7993969805dbe7faab596d73b52d65a7b26d662c6fcafe8d3b925c2ae
x-chunk-cache-v1/chunks/data-000172169984.z	32524	7f85d04f760053726e98aa1a25f5b009b5e8e9e82526b6dafaf51fe1b1745377
x-chunk-cache-v1/chunks/data-000172266061.z	33480	3d09b1e9d64ade82f3310818ed3271ff48c956fa08ffd347d03b4bab8d093482
x-chunk-cache-v1/chunks/data-000172362138.z	33053	61f35752feaf99110336953a7eb3b3f1bc7cfe5905b32f3699cd3114ec53ad8f
x-chunk-cache-v1/chunks/data-000172458215.z	32301	f9cc2f94b6d7fbcdb34ad33b9f8418604eb4e751c72b50a426068c4e7739a2b6
x-chunk-cache-v1/chunks/data-000172554292.z	32818	c141218975e7e769a91fd117719f224f87828927fc1b7d5a57879b2ff53f2f21
x-chunk-cache-v1/chunks/data-000172650369.z	33043	61b89c3babc69bb968bf51da11756cb290487ccb721ad66b2f023f09d7b87995
x-chunk-cache-v1/chunks/data-000172746446.z	31639	257df7585ad55f8e1946b91feae1fe21fb877cb625c5f9dd875f84b15e45be88
x-chunk-cache-v1/chunks/data-000172842523.z	31907	b62bf6ef199e4e13dce5ab0b86f184d5afd8ffea168ce3fe16401020a20f0b8e
x-chunk-cache-v1/chunks/data-000172938600.z	28360	c2796589d7044924d8eacae5f73bfc700a7d3e0e711dbf7b2835019800f4ab41
x-chunk-cache-v1/chunks/data-000173034677.z	33284	b2e9f0c204ea6e532ea167ef33c652a83580daf90efb13fd53cc6c6bbaf87bb9
x-chunk-cache-v1/chunks/data-000173130754.z	34326	132002ac393a899eeb94d95240dab61aa43af717831c51aa508dfdc93c38dca5
x-chunk-cache-v1/chunks/data-000173226831.z	34573	c90a03966c5c960ae64b722bffcd65f8251f743d2ab81e34a9f531f2404ce1cc
x-chunk-cache-v1/chunks/data-000173322908.z	33037	2c9ccfb0cead46c7e0393ffd791a1d1cbce363f64a2139c7824d7a7b84fe2a16
x-chunk-cache-v1/chunks/data-000173418985.z	34150	6ca6c3b3097a3d8da51aa81e872d5152fb2bad3c4cf4be494d83f14bb719ca87
x-chunk-cache-v1/chunks/data-000173515062.z	30253	bf87d9acab6ace3d918d15179b1371d7ccd3e95c9ccd92262e4eacfccdff2ff1
x-chunk-cache-v1/chunks/data-000173611139.z	30546	5f5b3165e2f83633862609a4d15c6646759e10be9d98cd3d5b812405397056b8
x-chunk-cache-v1/chunks/data-000173707216.z	31724	fa50aa9fff41d05e3bf575451df15f846456daa6ac7d592ab747b9a6e6ce1bdf
x-chunk-cache-v1/chunks/data-000173803293.z	33632	4402556a96f0a98732ef196e9199e65aada4ea71341f482d199b1bd49de95a7a
x-chunk-cache-v1/chunks/data-000173899370.z	32246	012ab07206135fd038d24e44e64525cf771cc04d6e7543201bb0a0092c86cdb1
x-chunk-cache-v1/chunks/data-000173995447.z	32824	9bf8052e6857116710c96a8ad8fbeffd21826d46da28b00fde0f8b52aad50190
x-chunk-cache-v1/chunks/data-000174091524.z	31691	a8e5f684067a52e1fd28897db4745b95d0aff24bf0d9af7ded94e42ec0cae217
x-chunk-cache-v1/chunks/data-000174187601.z	29680	190bc691587047bf1ee21b6a0a1991ba2a1f3bcc002c2c7960364d2abb249106
x-chunk-cache-v1/chunks/data-000174283678.z	31881	62625b93d4ce958b62f7b31823147cd69048a1477afbddec028a759751cdec4c
x-chunk-cache-v1/chunks/data-000174379755.z	32192	00ba6e60d40912b464d3427f8bc33aee5bf4b37ec4cb3768a848be00323c34b2
x-chunk-cache-v1/chunks/data-000174475832.z	33544	e79ee7c2fa468cfc57a0d38d3f52d09a89db5476cac41af2bafd604132359fc7
x-chunk-cache-v1/chunks/data-000174571909.z	36390	dfead02790020228d0aa2ce0fd807a532b3de938f76562fda64ad795c0b8d9fa
x-chunk-cache-v1/chunks/data-000174667986.z	33755	08727a51863ed91d09259532f4a6f7c16402719c4ba33881f60fe809adaa15cf
x-chunk-cache-v1/chunks/data-000174764063.z	35527	7b1a5ecc8f50f0438739d8801e5c249f226a676fb4b502d7dc7f0d4dd2c83539
x-chunk-cache-v1/chunks/data-000174860140.z	31408	230c5f90d5ae704270ecaeeb172d7dee44ea789c5c39f51d42300edb95ef9bc3
x-chunk-cache-v1/chunks/data-000174956217.z	34912	60a9e37f3b38572741ec7a297aceb55e7fa387ca6041aac8ad0732075845480c
x-chunk-cache-v1/chunks/data-000175052294.z	33602	2210393aaa69c07097d87ddd5baac7bca42a341bad8ae46eb187aeab266df04d
x-chunk-cache-v1/chunks/data-000175148371.z	34571	94d935ff42afc90a7294ebd8b343b3401b276aee4c11bd3f7bab8006a7a5a0f8
x-chunk-cache-v1/chunks/data-000175244448.z	38158	f99195f492bd603fa617fe2050106691c576964d58c9b619387ba4dc896d1b31
x-chunk-cache-v1/chunks/data-000175340525.z	35238	ed45b6a026167606c5d545e93b43714eb1f80f1eced0af6f961d995ba3b1ee78
x-chunk-cache-v1/chunks/data-000175436602.z	36664	9e947ea6a3790534066f559150b36f104e04959153b693a678518b7a7cad6490
x-chunk-cache-v1/chunks/data-000175532679.z	37460	08b06b4d2131cbf57d8d8b66e08af914611096b7f68e21fd3d2e2f23fa243a10
x-chunk-cache-v1/chunks/data-000175628756.z	35039	181090e3491faa6d334f68c4bbd25f919b8f525624b8514f4d5a636cba8792a8
x-chunk-cache-v1/chunks/data-000175724833.z	33329	170501b922b9fa081524e0669c6ca2435e332d4c0b5b5187e698885ace7e88e1
x-chunk-cache-v1/chunks/data-000175820910.z	35252	0e64cda50d8c3d1f6ce1dca57fdc3e4287221220c416fcca94df7c968c507cfb
x-chunk-cache-v1/chunks/data-000175916987.z	35174	5f76207b1293ca276f2317aaaf7e1d6d6d3209d5612948c89169d0044f6a2497
x-chunk-cache-v1/chunks/data-000176013064.z	36141	3dab7b9b0863b1dbcb03c60664bfa34b8bafa767998eb9c075f3f2a29fdb6b38
x-chunk-cache-v1/chunks/data-000176109141.z	33515	7544ca9d8913c635d708dd876ef25ebf640deda7b9c0aa77dc2468aa53c0b0ef
x-chunk-cache-v1/chunks/data-000176205218.z	35825	a6dd21bc8fbf19598643e453d99c1d8640d5deb29fe5a9d89792e7fa1bb3bab7
x-chunk-cache-v1/chunks/data-000176301295.z	35723	84e363d3a4a33c49b501026870d63b1bbe6e178db77fbadf63b7bc49650a287d
x-chunk-cache-v1/chunks/data-000176397372.z	30696	bb3703b10b4367f664ab9139dbc4a43a8cab17f86f935271deafb6f780756804
x-chunk-cache-v1/chunks/data-000176493449.z	30756	fd5d061e6d8c20017d2baf6d4e83c74ae1122e3254525f2f2bf0de7e466d1954
x-chunk-cache-v1/chunks/data-000176589526.z	28987	6b090a3c0bdf3f4f71890677b157018fbb4515862dd51f52029ab95abd772347
x-chunk-cache-v1/chunks/data-000176685603.z	27381	81f9ab272c1e2a6881a0759fadc69d2e9e0a0ae6ce483cfb09c55914bfb54103
x-chunk-cache-v1/chunks/data-000176781680.z	29140	eebb9b94e4aa7c072d5760f1e51d5e050dd54f71c9adfb4545a12463cc067fe7
x-chunk-cache-v1/chunks/data-000176877757.z	30386	688c204149310bef828f51bee42c067dee84038cca7d2a0d156b4457e96f3fbb
x-chunk-cache-v1/chunks/data-000177069911.z	29689	dd184bf33194def8beff822149c422b37bfe16fdba7bfa3ed2e2c5de6e667b0e
x-chunk-cache-v1/chunks/data-000177165988.z	30098	3719c5a2625f2e0619455c6ca92587702026bcdd4400879ea38eaa8c52ed6ea8
x-chunk-cache-v1/chunks/data-000177262065.z	32060	569ba093bce29f2794b0a785736188ee40f87c0a43abeace33c3bb8b2f17fd98
x-chunk-cache-v1/chunks/data-000177358142.z	38083	c0cdde7c13f58565be3b05f7bbfe7a238ea3f23ad1f23b688f0aac2b7b2a5b25
x-chunk-cache-v1/chunks/data-000177454219.z	37865	3c603227fa76aad5aa39c4b5363b881a974c1c9b4a5a6fe5226ca4f16c07df43
x-chunk-cache-v1/chunks/data-000177550296.z	36129	fa79fd239b2ea15a1742f69b605fe825860cbdae3d57e22cbc3339e456e172dd
x-chunk-cache-v1/chunks/data-000177646373.z	36851	b4a1c715783a6e0810719bd601871d175213b894c1d6d3f8973d211529500d3f
x-chunk-cache-v1/chunks/data-000177742450.z	37806	d216acaa8748c0699ab4104ce92eb9487c1e42b4fcc715aca261aa819505b4fd
x-chunk-cache-v1/chunks/data-000177838527.z	38838	1ae0c6e7d97e437302d132d00fc0a3748a8702cc1a7ecff91fa1904eaad5020f
x-chunk-cache-v1/chunks/data-000177934604.z	37069	065c22767eb726bc79ca9740f8c0ab765e754fd273fc1728ca7ee7666191ff76
x-chunk-cache-v1/chunks/data-000178030681.z	38808	be5207d11ae6e5f2148c52f66f49a441280173580139a5065db283f30e7b16aa
x-chunk-cache-v1/chunks/data-000178126758.z	36250	6e964bb1efbf4eff408c1d75d6c8c39ad9b5a2ceb324d85e5478fcb8e8b5090e
x-chunk-cache-v1/chunks/data-000178222835.z	39158	e0eaf4e7b8d129ea25acdbf61f7c9869b85c6a01847c39a3f417029894194174
x-chunk-cache-v1/chunks/data-000178318912.z	39055	22b630b5c90c440a898095d4225c737098281fb974a447ecb9f489b79a1272e5
x-chunk-cache-v1/chunks/data-000178414989.z	35422	2c3b76303981ad3347e140631451b4dcde553edae9cbac000fbb84181563a3f9
x-chunk-cache-v1/chunks/data-000178511066.z	38026	85058fca13b84daa1428f17db97847d3e3873a98e9e20534b8ffd483512e795d
x-chunk-cache-v1/chunks/data-000178607143.z	37488	9a042b935b0606a2f3130f620095bfffff3462c16a5f896d5d6e889e6fe30de2
x-chunk-cache-v1/chunks/data-000178703220.z	39545	583f90df75362157b2d4500420e4f0ceb213bea50efe8f22a6b4c95a5dc1dffd
x-chunk-cache-v1/chunks/data-000178799297.z	34338	64c423a14fbe18f13d75381a75212eeeb3243dec0cf4fa60d73142d388e52839
x-chunk-cache-v1/chunks/data-000178895374.z	32668	f2627633a60dcb001226b8e0b71f031ebdf1cb4a24a9ffc090c8b4971ba0fbae
x-chunk-cache-v1/chunks/data-000178991451.z	31307	31f7f1c32920296df602fc62a4c5c08c5d546646cb416db27f6d3528c4476846
x-chunk-cache-v1/chunks/data-000179087528.z	31069	c6870b8cc069638a7e3a76656144b7f983d0a930b84ed9dbcda5e6726403dd2e
x-chunk-cache-v1/chunks/data-000179183605.z	30923	a9bc8913410f38eba82f9a271d989d2bbefd86c0f80010c74bf0799168e8e198
x-chunk-cache-v1/chunks/data-000179279682.z	32472	2b08031ea579a51a8457400849eed896cbd104ee8efd5943a8cb15bcb8a019b6
x-chunk-cache-v1/chunks/data-000179375759.z	32437	c6f2aa6e3c63514633a57be7447415edb7526ffa994b7710d7523f73388532fe
x-chunk-cache-v1/chunks/data-000179471836.z	36081	473c0afea8b96570a404461c12a1a45f7e99af352e64620e22ba142e866599e5
x-chunk-cache-v1/chunks/data-000179567913.z	34656	39ccd843f3c23dd957e3e65e030838798e64e50b6e73dbf1871b31256e7c6967
x-chunk-cache-v1/chunks/data-000179663990.z	31139	fa3c80357000ad2d165dceebbb22eb2200fcabe4f8f308d38f87661ac24ec1ba
x-chunk-cache-v1/chunks/data-000179760067.z	33794	9b5a7142a653c10069c6670ad81a0781a26f8d9c00271c613ecf6c1b8d5dfb7c
x-chunk-cache-v1/chunks/data-000179856144.z	33279	fad97c9e347324b6608786fbaad387004920cf3113e16ec5b1a02c85f1cb9eb9
x-chunk-cache-v1/chunks/data-000179952221.z	34747	8334fe31c629041d91d658d3dc1b752aadbc02c35fc5349b2db1f00b8104304d
x-chunk-cache-v1/chunks/data-000180048298.z	33662	98613405e81afd3ff53595cab02e283ef573e4ed67524494b93bee33496f973a
x-chunk-cache-v1/chunks/data-000180144375.z	34542	dfb2d11c4e7576284824ad88876567cb98befc18838f7350d839f184d1c98c8d
x-chunk-cache-v1/chunks/data-000180240452.z	35841	4eed23a08d588b3367390f179ae4396833211e8ded04395c9fc47300ab24a42a
x-chunk-cache-v1/chunks/data-000180336529.z	34027	ea7328df13b19bb1575ce99ba018853c0150db238da1309c91aab1fe179ebab8
x-chunk-cache-v1/chunks/data-000180432606.z	34869	97f6c65418dc16e4db3ac8034af59c76b37919beae75dbeee9ccb51936a47f0d
x-chunk-cache-v1/chunks/data-000180528683.z	35237	53a6609f0bccc207595b8f1e2fb6932b735b082ef98302f4043c76379d71e55f
x-chunk-cache-v1/chunks/data-000180624760.z	36301	f76b7ac9a58c059addb2ac527744ec77ba7f36d9343c8b9b023d760d0dcb4d04
x-chunk-cache-v1/chunks/data-000180816914.z	34180	f74147140cb352d4cac43bf5eadc48706a2ac4bf4d3012180b6c3efa4b89464a
x-chunk-cache-v1/chunks/data-000180912991.z	35923	00671cbe915579cb4f373e6ebbc0135e511e7c18d2a6702faafdc55ac92e08aa
x-chunk-cache-v1/chunks/data-000181009068.z	38174	9080a5271deb552a7b586947d621e6952449074168931f06506d3b7e5f0b3165
x-chunk-cache-v1/chunks/data-000181105145.z	38278	bc5c3b37af99d6f60744c208c78184f826aff23187c6d62c82c58381d47f107f
x-chunk-cache-v1/chunks/data-000181201222.z	35803	06a13c922bd70ac634f04303e5bbc1ce5dfb3eea8e36cb454b39afb205b063a2
x-chunk-cache-v1/chunks/data-000181297299.z	36248	be3ca1b7de8e7bfe48a1182e97909febdaccd48ce39a6818511826f7a819c632
x-chunk-cache-v1/chunks/data-000182354146.z	35010	bd7a2bd05cf24d36c3fb6e9c6916902d657d30d67b9215ac0929cb038f109c15
x-chunk-cache-v1/chunks/data-000182450223.z	33639	248c5de6168c63e24c255838c52628e355218a9f4b8551eee56aec4923f2e7b8
x-chunk-cache-v1/chunks/data-000182546300.z	33673	ed8942109312f6a94cd8c55b861f3c3b3124b5617a0bfc03a6f6d8b6dcc64094
x-chunk-cache-v1/chunks/data-000182642377.z	34654	36fe5bb0e5b3c500cdaebd31d0f23def014eed1f4fce19c44fcd964cc92c3772
x-chunk-cache-v1/chunks/data-000182834531.z	33081	d97dda40307514ca76dbc4108f1493bfe076ecd28083897309bb76cc78bbb93d
x-chunk-cache-v1/chunks/data-000182930608.z	32378	20606b4073f662d016d9e199ecd2ad79ac9a767ae0ffd142a86a39411bdaa3dc
x-chunk-cache-v1/chunks/data-000183026685.z	34827	aaeea175901538ce34f0e1c95e95a88c71b3f1d74911cf942e66769f518b9c06
x-chunk-cache-v1/chunks/data-000183122762.z	38165	7224497592af432de1becf640984aefbd3471c9c14880b3e56b0af9dc0e92c7f
x-chunk-cache-v1/chunks/data-000183218839.z	32780	90b0bcb34cc03b4c0d8358ea2c78abde9b7a6711ab4ac6274bb8061dc87446b2
x-chunk-cache-v1/chunks/data-000183314916.z	35177	cc531662ad5ebfef79eb8467188c78b3388b9a279847ae8a1753a54675e5d196
x-chunk-cache-v1/chunks/data-000183410993.z	37165	8de75d14ba6894e677de168d077eb278dfc0a3484fd5391917cf650e90e1a04e
x-chunk-cache-v1/chunks/data-000183507070.z	34026	64cfa5db643e6b8ddc0a318a168a74a087e445bcdd782a319e6540d36a674e6e
x-chunk-cache-v1/chunks/data-000183603147.z	36022	676244f4764794bbdf384b91ed949e8a06ac86c153bb6e4112a288813556aa29
x-chunk-cache-v1/chunks/data-000183699224.z	36332	c0c7047b22360f9afc0b7962e62940f6ccbd55e671b3244ab0b557ae97d4f97e
x-chunk-cache-v1/chunks/data-000183795301.z	35703	0b212ab0d729cb9e6c165d024a412983e9d014010ee0cee9506c316a7255abdc
x-chunk-cache-v1/chunks/data-000183891378.z	37138	486041b311402ffeef6046c16b515317792e3b666857320af6e5a5516d6a34ad
x-chunk-cache-v1/chunks/data-000183987455.z	40360	58df7481b8a116f7a66cc2d475bc64e0d5b7a70333de00f37861ac9b778ecc67
x-chunk-cache-v1/chunks/data-000184083532.z	38249	61a8a29593ffecc3f4805226113e04dce25e620c68b12a192abdeed10170d67e
x-chunk-cache-v1/chunks/data-000184179609.z	38949	890613a7dc047d189d24fe4119050cefa3c8c69e9345fb179f2470e1d14939ab
x-chunk-cache-v1/chunks/data-000184563917.z	36752	aff612264e35c29ee569896fa91d2b440c2596982cb1732943db66daffbf4e80
x-chunk-cache-v1/chunks/data-000185812918.z	35507	26370523cccd2c5cbfea0a69f6df6b94a4b3584f8c23380602064c63f1833f44
x-chunk-cache-v1/chunks/data-000185908995.z	31950	ae9454e5b40485de6aaa8706b7cd6ca85fb70f919c92fce468dee7aad09d3ed0
x-chunk-cache-v1/chunks/data-000186005072.z	32326	bdc32a864fcfc7ab63740472d01c93603db34c6c8c344f1a5eb3ccaa97a15534
x-chunk-cache-v1/chunks/data-000186101149.z	32582	3394002fd59da6f840228dbcb99e536c0ffb78f42e48031df2fee2e0f07453f9
x-chunk-cache-v1/chunks/data-000186197226.z	31146	bd3683f9791e32bc2ad0c4c729d6d5de285a19155609b3e1bed56a20e83f29de
x-chunk-cache-v1/chunks/data-000186293303.z	33233	9c670753cb8506305e518777de2bb5bf79153a93d8872243f9f5168e7e1923cf
x-chunk-cache-v1/chunks/data-000186389380.z	33905	bea02a26cab1a9d9f89f23059b34b4b60a0504dfe6db0ac30b46a22201e4acc3
x-chunk-cache-v1/chunks/data-000186485457.z	31150	5ba5cf14ba700b2448d565b640e3569c70a921e5b6a8182b43be5c8fbf4934b2
x-chunk-cache-v1/chunks/data-000186581534.z	33705	ec3a221d963377d9d5e97f7cbfb1aa3f8ca420998d34bcec125228bab3c88ba0
x-chunk-cache-v1/chunks/data-000186677611.z	34952	8ae068ff677376b87ff6d3f430b4d8da0d9ef4d28f66df9fb9bb70bd41d528d4
x-chunk-cache-v1/chunks/data-000186773688.z	36268	9d9bcd599e9950a2a492d215cb350a80ce22673b61ade968803912cc0c26656f
x-chunk-cache-v1/chunks/data-000186869765.z	34752	2b3f55fc83345b951e8c6dd6a34614fdd5b9ca264b4dc1f414d5afe839d3b8a0
x-chunk-cache-v1/chunks/data-000186965842.z	36711	97b5214e808ad33025bbd86f2926ab3f8e21a66cc6d06e4cd49e391feb10d211
x-chunk-cache-v1/chunks/data-000187061919.z	37144	c40008f0af7f153df7ee543470113b4fdb5cca672f81d9ee8fd9b26d24d482ed
x-chunk-cache-v1/chunks/data-000187157996.z	38035	8769a29431d8f06dc2275ba114330733eb2ee4fd7ef7bae272f66a7d6a54f316
x-chunk-cache-v1/chunks/data-000187254073.z	36681	1391a869775503d6aca8de20a89801a314590a7c64eec6dc7d0ddf22ffc6cf50
x-chunk-cache-v1/chunks/data-000187350150.z	37537	e0ea233a4bdc9d9197cbc6089b63b29e68f2756f12e1cd2ae267e93fbe8dc804
x-chunk-cache-v1/chunks/data-000187446227.z	34737	bdeb1474b9670414bc8ccfade732ec944184f56a69d213b90c6c631954e6b365
x-chunk-cache-v1/chunks/data-000187542304.z	35649	b6bf6e52a136d774fa1106faa06d4141d9e0ba624f9cf7e09ca7a0a9065d811b
x-chunk-cache-v1/chunks/data-000187734458.z	36998	b21cb7994ac160e3b35e3f208b3cdbbc334ce8a26c59e8436946227cf1774ca7
x-chunk-cache-v1/chunks/data-000187830535.z	35062	87c484f1501de6f6bff5414e0baec0da60711a866f76249bbab5ae494556be48
x-chunk-cache-v1/chunks/data-000187926612.z	40280	7a1fa3e15d0fed96018729c643d36f5889ac29088e075723c3edd630d6bdf2ab
x-chunk-cache-v1/chunks/data-000188118766.z	36370	c3e91997d5bd7704c4c28ef3bc3519a5c615070423b7935b8abef990dfea04d5
x-chunk-cache-v1/chunks/data-000188406997.z	36091	7fdcf58ba92de21b09fd9772fc08f46539f47b37b3cdc02a07ef76b9d602a921
x-chunk-cache-v1/chunks/data-000188503074.z	34776	96e35dd690e25e1acc70485e7ee4490b523497dc32cec95266ad521a7c59bb72
x-chunk-cache-v1/chunks/data-000188599151.z	35476	9104fdaef07188a7bd7dd5953e4cd8e7fb188baf085312427d24caed0638b1a4
x-chunk-cache-v1/chunks/data-000188695228.z	36295	106f6ee23b057ba165992d81d4903960cd69a17305fba6178eef9d990d150b31
x-chunk-cache-v1/chunks/data-000188791305.z	34817	ae6dae9c83f9d53af9b9b98c1c9e78eb28078cd46f92c65ff6f136720202ab20
x-chunk-cache-v1/chunks/data-000188887382.z	33360	5fe705098e17626e8c5069ee99ad0dc193977a67f319f42c7e368e47ca56292f
x-chunk-cache-v1/chunks/data-000189079536.z	37637	2a1b15bb2db0a76f012afa3c817875af780f1f71cdfd092d54fb2e77d636f955
x-chunk-cache-v1/chunks/data-000189559921.z	35236	8890d16841be819d0ab381d465bebd82d00a84c15a3fb60c90711c421ae76c25
x-chunk-cache-v1/chunks/data-000189655998.z	35606	99ba14b6c0edd2e2c821d78470c305bf93561b167ca9c22e51564f4616cf44e9
x-chunk-cache-v1/chunks/data-000189848152.z	35985	1894dea306efb41738a0f904747251e289021c39d4c281571952fcbb99636a57
x-chunk-cache-v1/chunks/data-000189944229.z	35839	0c6f0f00d0cd0b1f458f0178f39fa3718d02e438348991ed3a4ed8ed5520019f
x-chunk-cache-v1/chunks/data-000190040306.z	34691	5c4cf1a43a26750a43fd034683844429817bdc7f99fabce816de5529615d3be3
x-chunk-cache-v1/chunks/data-000190136383.z	35635	f8d59d0c8546b25007aeeb81f96e6752e088cebd55538cd66891486b40c347eb
x-chunk-cache-v1/chunks/data-000190232460.z	33353	26486f0eabb794774c1cae184a9631eb98617624cfdd7c46441e1f90c40d8446
x-chunk-cache-v1/chunks/data-000190328537.z	33300	a062fc70b21f09c11499b19c616c7bb0258d1d262a901e65f17595348a2a6373
x-chunk-cache-v1/chunks/data-000190424614.z	37282	50ef0f410e7d047e1c5e84595bd08ade7763f36fe04721832ebdcd8d8a839954
x-chunk-cache-v1/chunks/data-000190616768.z	34829	8f72c3efa72d5284f48bf3d6136d1f755fd3f0a2dd888c2e26168a924eea1105
x-chunk-cache-v1/chunks/data-000190904999.z	35310	80ce8dc486e09ba7a294d2685691161ddc9b800730a5d96fa7e31d0f3ce5be23
x-chunk-cache-v1/chunks/data-000191001076.z	34639	c3b914593cda0dccf0dfbd36ec1ebc1152d8e26a161905b86833237fd0fd13bb
x-chunk-cache-v1/chunks/data-000191097153.z	34280	74ca8232df8ca3ee0e1ae5fc8fc6ad19a9c7eb8a0f06b7702e699e979a2f9ffa
x-chunk-cache-v1/chunks/data-000191289307.z	34587	064ee13cb4e0876026d6ada68c8aa575a79c678f66418eb85dc592d01e57712b
x-chunk-cache-v1/chunks/data-000191385384.z	30952	949f668dd449d4d226423b804da964ceb7d9c682ef7fdb5a5d38393e802167d5
x-chunk-cache-v1/chunks/data-000191481461.z	31221	d7f083f74238111216d1b6bda018dd88bbd723a4e678507a9e6b384e538682f8
x-chunk-cache-v1/chunks/data-000191577538.z	31237	af37572df6c558325eae12834ac32763f231414c5366ebe8d930de6635a497de
x-chunk-cache-v1/chunks/data-000191673615.z	30434	81db7928816a0976b71833f2723fb4dc7ec12b775358eeb91c4a3e1b77c7e178
x-chunk-cache-v1/chunks/data-000191769692.z	32209	dfa17341c65ddb84bdfa968283d98a535afb30e90c9e3558a8176153dc049868
x-chunk-cache-v1/chunks/data-000191865769.z	33806	fbbe8dd9bfcbb1182aa96fb3eb5644a64ed2bd5d1265acd80282198cfc5f760f
x-chunk-cache-v1/chunks/data-000192057923.z	33717	ef4d81a824144685fb35af20d7a9f9122285621327eb6bf3f68841b6f4b6bdee
x-chunk-cache-v1/chunks/data-000192154000.z	37298	c867b0a8e54552cbf223be0af1700db2eeef584e998c2f29ae2f11cc5179a2cb
x-chunk-cache-v1/chunks/data-000192250077.z	34512	42b91d0170cf79997b390b34aca68d06ad74923c8dc86de46a488d41dcf0f032
x-chunk-cache-v1/chunks/data-000192346154.z	36477	bfd32eb185d7463293712a03ffbe8c4f4ef2bc1a6d1b5f6ab799be80166be093
x-chunk-cache-v1/chunks/data-000192442231.z	35540	0643720aae5f95d0b4d45f5f4b554c5ea200697e309842eba1cb87a63d77c8eb
x-chunk-cache-v1/chunks/data-000192538308.z	35567	f0bb3cef00aa4cb8cd5c0edf60f5a1dd6bb142ca81571e7907ed7da94e28ae72
x-chunk-cache-v1/chunks/data-000192634385.z	41678	350763d6336fa54d47ff908eb810c0ac3080aaea14bcf7f2644c75ffa14a2c6d
x-chunk-cache-v1/chunks/data-000192730462.z	36248	d32da8c36672bdf0fa72a09d9f8a37d09e351399f551f899564c2427c66695a3
x-chunk-cache-v1/chunks/data-000192826539.z	37847	4446a1614ad5ebd234221da9b01784cf230acefbb96f5e4dbf1cbad97ebccefc
x-chunk-cache-v1/chunks/data-000192922616.z	38241	08f40587d2d19a598077ff7730c2085ca8b419ebc3ee45fc2b22d2e06c362829
x-chunk-cache-v1/chunks/data-000193018693.z	34855	63702e32bd0bf44f2ffd60bce6988673deabb63dfc4eb2d37e4cc659195e44d5
x-chunk-cache-v1/chunks/data-000193114770.z	35741	7fe36ea741e6a7f3d8475401d6ad5e42ad233f1efa9394bd1bd371579ed3d171
x-chunk-cache-v1/chunks/data-000193210847.z	34401	1186e6438051828324da06e32de7f491bf24849904d5936c6b67055383ebc957
x-chunk-cache-v1/chunks/data-000193306924.z	35733	d50fa81d967126d434a54cbde793bf18c52d75f80c293052bbda91d01aa34d81
x-chunk-cache-v1/chunks/data-000193403001.z	33781	7b172c0ee1cb3f8290daed68b0c3763e010db63250eac84c7c30cc94d886adc2
x-chunk-cache-v1/chunks/data-000193499078.z	36777	846733d522415eee089fa72cd8f89bc3fce183681d2523333cd80fdd6706e021
x-chunk-cache-v1/chunks/data-000193595155.z	35523	03a1d80018e0b9326fbcae030f2afd275edddcc98813d52ae2835b2b96b56335
x-chunk-cache-v1/chunks/data-000193691232.z	33584	9d4a5b2195d8dda590318d52e93d7ddbd6d11a8940bee0156eb7a1173e730f38
x-chunk-cache-v1/chunks/data-000193979463.z	35904	258e8b237ac31a58ffb28ffa9f8ed9201a5259824fc7856c644e9a5ece89dbf4
x-chunk-cache-v1/chunks/data-000194459848.z	32068	001517f3185cd6f60d025b5c1fd37da1ee4284938f649491285f37a1a9aa8020
x-chunk-cache-v1/chunks/data-000194555925.z	31921	32e2425c085570b4e092b3eeae9a6c43bf7b98a891c304a49a551ca49e4d03bc
x-chunk-cache-v1/chunks/data-000194652002.z	32233	0c7d9df243ec9a7c3740b18adc595dee650a2e0655f3e8b45a23d9d18daeb3c5
x-chunk-cache-v1/chunks/data-000194748079.z	31555	4f834fb149797327f672b4bcf125b306bdd451b2032f8f492031068316f8a79e
x-chunk-cache-v1/chunks/data-000194844156.z	27744	4db80bcf2f59a180de8299ec76cac6f70f15b31adc62c52f3478e6cd29998a61
x-chunk-cache-v1/chunks/data-000195228464.z	29084	156515cf586e3d00e3b382182eac8910dc454295fa0fc5b4010aae21d25cd066
x-chunk-cache-v1/chunks/data-000195324541.z	29984	21bed77b0e3e7975369b0cf53a9ef2ac84e0f34f4f248f6cb30c64aef07ca69e
x-chunk-cache-v1/chunks/data-000195420618.z	31895	fbd36083f734afc23bfe68b917a8892dc17157706d4c27e5bf92411d946cb2ca
x-chunk-cache-v1/chunks/data-000195516695.z	31980	580592137bb952fb755eb6021115ec7fe63e3c74335bc59fb8a6efb648ac83fc
x-chunk-cache-v1/chunks/data-000195612772.z	25581	de81d994a27588689a7de3409a5a7d299e91079407e577d0bd0cef21ca096525
x-chunk-cache-v1/chunks/data-000195708849.z	27703	fd3cf44eb446b30e84dce31f34e6e9599742ff71afcf45433880dbbfcc91cc2d
x-chunk-cache-v1/chunks/data-000195804926.z	29710	033ef7d09ea9bfb797af18f9843af89d567e2a3b6b581fed28aff760630796b7
x-chunk-cache-v1/chunks/data-000195901003.z	29229	0de94c155676246477bb2822acfd79c7a3d423f039027f24601bae5985819478
x-chunk-cache-v1/chunks/data-000195997080.z	29108	7ce8014db74b8320253babe52fc3815fe70066ad9c143de472a8404390f79de0
x-chunk-cache-v1/chunks/data-000196093157.z	28164	0d3445d5807c1318c9894bcea2cad8baf8f8b063c6f962ef530ece20acec639a
x-chunk-cache-v1/chunks/data-000196189234.z	28565	1901d045605e71bb16fc32593e567df5e3165a1638fea2fabd6c4f8fc8440f7f
x-chunk-cache-v1/chunks/data-000196285311.z	32882	d0c35d15a7f89ac1063eac775741771f71838502e1d7cd06662e1ec4292d5ea7
x-chunk-cache-v1/chunks/data-000196381388.z	32947	7b916d2b5cb57505f721a25eb69c27cc4f5960b86f0fa52125769dd88fbf8250
x-chunk-cache-v1/chunks/data-000196477465.z	32929	b72cd2e420b80854d7883bf2a10d9495ec935242e7601df3fa0c0865d34c3c6a
x-chunk-cache-v1/chunks/data-000196573542.z	32846	2f078e475b096a47aa6d286f759bb787abf7a4c5c5816f486d4f6371a9e51833
x-chunk-cache-v1/chunks/data-000196669619.z	33080	03df387189b881f4a7ed3edf577ba22b65a127f2804fd4c50719ea23fad3860a
x-chunk-cache-v1/chunks/data-000196765696.z	34133	6d71258adb7cc730ed48f9ed77b7f24b46996cfb7c07d3f84f243ce5b85647b2
x-chunk-cache-v1/chunks/data-000196861773.z	36294	658a7cea2eb12832d90ee86dbe1f4c132ec04d3ec6716c504e637c3b37393dc8
x-chunk-cache-v1/chunks/data-000196957850.z	32774	33cccedc330387e04e68cfebcce6f212fc046c4bcde7e349e297a07318bf113e
x-chunk-cache-v1/chunks/data-000197053927.z	34059	34fd4b377529dcecf157d1af3f487c882507c4d6eda6c7036f8b22d1b78a387f
x-chunk-cache-v1/chunks/data-000197246081.z	33061	d8c8a9d8c39c71a34dc17b153f9a31bbd3663ca62b744923c943261518113fc8
x-chunk-cache-v1/chunks/data-000197342158.z	34870	d8c258d8ca82564242dc9b5a0530c7751b742a3b9ea44b1a6f1576be162ac021
x-chunk-cache-v1/chunks/data-000197438235.z	36046	49c61763a9570b9db3a80979a16493642605998cbbc90f7e973ea822659d5b6e
x-chunk-cache-v1/chunks/data-000197534312.z	31991	85f44bb67238082df4670ef66277a9942f861ff82255284f2d2bf37513508af0
x-chunk-cache-v1/chunks/data-000197630389.z	32144	f6ef734cebacc2577f5b333bacaadd50ffed5abda0039acf36bf209310169c5e
x-chunk-cache-v1/chunks/data-000197726466.z	31985	0bb90ffde7a125b99b8f83f6af49234301aafb32e2fc8b9d94d619c4082190c4
x-chunk-cache-v1/chunks/data-000198495082.z	35485	148759e2fd7da48e3a84571f32790e25d2769f297c16a5b02633855f3770f56d
x-chunk-cache-v1/chunks/data-000198591159.z	34582	d2561919fea9d6e5a78481ee5b9afca60d8ccf720fbe7c2361b0bd67905ffe49
x-chunk-cache-v1/chunks/data-000198687236.z	36999	3f6ba974f8b4bc589dde8bb86f2d01ab543f2416fe0776e9768f2f7b88ec599b
x-chunk-cache-v1/chunks/data-000198783313.z	33823	bfb31d3e2794977ca30846835ad8d882849ec4ad2b3d20970987a8d86cbf9b23
x-chunk-cache-v1/chunks/data-000198879390.z	34128	7e3c555a9bbad514bf55a8b6ecb488b3423ec1908794643e283b75c0917ddb83
x-chunk-cache-v1/chunks/data-000198975467.z	33202	f7dc50a31e46e1bc17f9ed9eeb8b858356fc588896b05e383a91a073a6b21b69
x-chunk-cache-v1/chunks/data-000199071544.z	33594	76a569b599526e49aabf873f01a8ab4ac35dd9b355dbf087f12fd8b5faca9876
x-chunk-cache-v1/chunks/data-000199263698.z	35050	2142ad9334401d5ee8240d06f5b15d525d6a7891878e1bf51e59f295b3de19c1
x-chunk-cache-v1/chunks/data-000199648006.z	36999	e4527156b1ad753d077de41dfb6a2a934dc0fa92b177d8e3f8566d1f3549f49a
x-chunk-cache-v1/chunks/data-000199744083.z	33997	618a4d640627b6eb0e4af65dcd0ca8a5ca1e5985b9029b74abd9fd9c4eaa0113
x-chunk-cache-v1/chunks/data-000199840160.z	37081	c355c8b7082282576bc0b50e39a9aa877794f3c802521f937ddb8ff2ca74b0ed
x-chunk-cache-v1/chunks/data-000199936237.z	38420	235fbb16a1f3adf30b746ac28aa3489f5d47ce4c9ec534e939093b23348735fa
x-chunk-cache-v1/chunks/data-000200032314.z	37868	24ad03f8d26443894fc1c7e7d63ec2dd0866a524148bd5d4f747f40ec85f7b25
x-chunk-cache-v1/chunks/data-000200128391.z	35314	e19bdfe8b1cedaeca70238bca15e561023b9b20e0cf94f2bb87f98e9b6546712
x-chunk-cache-v1/chunks/data-000200224468.z	34076	ce324080a8e9a13d2c7821ad3dfb3806254975ece4a1896eac713010d7a8046d
x-chunk-cache-v1/chunks/data-000201089161.z	33556	72bcc61aac4a14cec4c5f7bbeb6cf6375884fd4802cb1be73507ed8921c6e79e
x-chunk-cache-v1/chunks/data-000201185238.z	33442	ac7c50779577eb9739197133c812865bfcb5263677e4bf6913ef6636459825b8
x-chunk-cache-v1/chunks/data-000201281315.z	35179	5992a7ec5df6aa3e0bb3e877cd2a5f93a489fed01c811e5f48f19b811b250c27
x-chunk-cache-v1/chunks/data-000201473469.z	34751	4c0d4aee7faa1f863ff6754cd24f5eed9a6c60f7fd225e5977afbd05488671fb
x-chunk-cache-v1/chunks/data-000201665623.z	34170	b2aef77a0ee4d20eeb47dc94d1612189561907506af5208c55ef4b191ab43433
x-chunk-cache-v1/chunks/data-000201761700.z	34853	ddffcd14b97f938a8743a0704cf36cd4e072c481552448981fde7ec9c976a18c
x-chunk-cache-v1/chunks/data-000201857777.z	35002	46fe414730d3d0bd71b705b4b6bf7921d042726fee106bfbe5489a49f9f7e548
x-chunk-cache-v1/chunks/data-000201953854.z	34720	55fe90b7536d81df6d12505a4c8ed6cd7186303f7578b427ab4e83ed28f08c5a
x-chunk-cache-v1/chunks/data-000202049931.z	36577	1d3fb37bf2e036930150df51e4b7769400329a377b321a76b20bf72e5a072769
x-chunk-cache-v1/chunks/data-000202434239.z	35098	ee9ace16696e538c8561abb15f9b6966559ba08e4a170e9d846d566896d68e11
x-chunk-cache-v1/chunks/data-000202530316.z	35343	38e4e302a2abad1cc42703c0fb73b9779935a6f7f505cac904d721a3c76514d7
x-chunk-cache-v1/chunks/data-000202626393.z	33930	5806c36abba4f9def73c0a68a3cec5223f1bbd71adb982d836324f45220987ee
x-chunk-cache-v1/chunks/data-000202722470.z	36313	155cc1ee25d4f6568674d4eeeb98ecb379e06588510151e8ca8d79aeef0b0ebe
x-chunk-cache-v1/chunks/data-000202818547.z	33854	3b2e4ad8e39579c0c84b06e26af62391a69e3f598fb14b2dd7802b5174b40c4c
x-chunk-cache-v1/chunks/data-000202914624.z	36051	152c1cbd0f4317dde3827f68d494606411102c4e05e0c80a456ddf27ee0f95b2
x-chunk-cache-v1/chunks/data-000203010701.z	33539	9aadf4e3796f089ff628c2d05e29d74144cced272d786ea91a33c493e71a7805
x-chunk-cache-v1/chunks/data-000203106778.z	34433	c0f6a0f874e3b31e3e88582fff7d3e5cec439a62952b81a896b96cf5e00fff2f
x-chunk-cache-v1/chunks/data-000203202855.z	36030	7822e1c2a557ed7075b3bac36d9144c0a5fb8ca8741677204582da9d1e96f7bb
x-chunk-cache-v1/chunks/data-000203298932.z	35840	35554565fa3dbdb1413f1407a8dcf4f2d6da1cdbf53f849806330731a655e7bc
x-chunk-cache-v1/chunks/data-000203491086.z	35290	72019ec4d3342d69abfa940db80a3ce8c8eac3fb3dfd5be946491c350481eac4
x-chunk-cache-v1/chunks/data-000203587163.z	37890	297e089b40e923a67e4a0620a98d85b624eb3059e78d7edd00dffc33696b2a43
x-chunk-cache-v1/chunks/data-000203683240.z	35866	b1dd0a07f9f6d7c442cf9df1ed02a3d0b997bc5de9f5b65750fc298b2cf67ba2
x-chunk-cache-v1/chunks/data-000203779317.z	36814	dafb3f630a32d95d1b3dcf30bcb018b36cbe97146c7cc3f821ca65c1f4bafe48
x-chunk-cache-v1/chunks/data-000203875394.z	37248	b4fba881120c8b9cfb6b29d82a2efdf40fe4c7ade7609d338e891714697c28ad
x-chunk-cache-v1/chunks/data-000203971471.z	35446	5cd8ed9e9f079133d88a43495b7ab32e5059a6e7867ce7f622ddbb88e3e7afa4
x-chunk-cache-v1/chunks/data-000204067548.z	37732	f921c49891c07d5bfcb31569b193836bce78cee6031e7ea773b7b9357e4f0494
x-chunk-cache-v1/chunks/data-000204163625.z	35682	a4087ec53cc1057bd159485f855fd89c238e8e3ca830f5669e1ea5e0ca5c02ee
x-chunk-cache-v1/chunks/data-000204355779.z	34795	df1d817d6a2e2cbb3e5aa9e4b51e8a55fe544a19dda8f954dad333696a9ded57
x-chunk-cache-v1/chunks/data-000204451856.z	37056	31dc2ebee7f07755b734bef254f2e257152781fa782274b298f003f10fd0eeae
x-chunk-cache-v1/chunks/data-000204547933.z	39069	56e5984584bc5e33e37fa09cb4020fd361caa3b2d68f28434455560995fee887
x-chunk-cache-v1/chunks/data-000204740087.z	37968	307f7604b894539b538b348041d884fdded5297a66b1bcce3345cc5a2a8c5de5
x-chunk-cache-v1/chunks/data-000204836164.z	36850	6f8b26484eaf19f5c490c7008eaa71ed8e0ab4bdb8590339d5ba49e3034f44d0
x-chunk-cache-v1/chunks/data-000204932241.z	37020	06f15292dbd562e3d60c4a82d24ac38594f0f86859d24370cbec778b0b556999
x-chunk-cache-v1/chunks/data-000205028318.z	36330	b3d3e57bd3dae6f51b5e9236bcbd20356466103f0914334c875b15610edf5423
x-chunk-cache-v1/chunks/data-000205124395.z	37443	3730493663b3501d1d32ba65eb4a16c0af55fd882181a37895c8a9f47378465b
x-chunk-cache-v1/chunks/data-000205316549.z	36396	60fc3b1ecd74937098d0761f5d4fa396d00481d77d53476e3e957ebbd05e1121
x-chunk-cache-v1/chunks/data-000205412626.z	37769	3ef6b22a4c8353d3016bf37882e8ed63e83193d5cf87a3e7d6df0e982f1d4332
x-chunk-cache-v1/chunks/data-000205893011.z	35281	5ef8fdd5858839ac1ae428e153d80806b6bc3780047a6ffa5d85deefe4924889
x-chunk-cache-v1/chunks/data-000205989088.z	36254	e78723d8506af1dbe2a2aab57e4dd56471fc0e3490e5b7c0c6ebd51399b06d21
x-chunk-cache-v1/chunks/data-000206277319.z	37296	a989253c5885c61c660819d4bd929a8283a539b456fdac66fdbd5011194ed416
x-chunk-cache-v1/chunks/data-000206373396.z	37461	7ce688175facf7b0c938da56457d64a7da5c1802b52bdfbb2f09009bee64072a
x-chunk-cache-v1/chunks/data-000206469473.z	41693	c1083e665daa9026d7b142ca2fce2cf896c99cf514a621ec519e2cc7c2ca4c24
x-chunk-cache-v1/chunks/data-000206853781.z	37458	48eb2be51d03aab8f0c6ef3037eee775a3331637f45b3d374936a28f0ce84bbd
x-chunk-cache-v1/chunks/data-000207045935.z	35151	dadf1570e25d0e0de71e3e46ad3f91edc39901301eed634969477654bcc12ac5
x-chunk-cache-v1/chunks/data-000207142012.z	36675	b70f6abf02ed55ee38a32c1ad247b066669f37a0cab85f1898e0875cf9ec6242
x-chunk-cache-v1/chunks/data-000207430243.z	38079	6e4c82b32df4ca3f131267aeeeae967b8bf88f743127234ea9afbc02881c5795
x-chunk-cache-v1/chunks/data-000207622397.z	38362	bf256d30e6dce2de21ceab37314e28643c756f480730ecdf8915bd2ed696b5cc
x-chunk-cache-v1/chunks/data-000207718474.z	39083	69825017f6c07038fe237ba956cd1165deee12a3bd2ccb3d38ab1b99f9146cad
x-chunk-cache-v1/chunks/data-000207814551.z	37818	28d2f2f3e45c480eeeea473580f8a0c75ad6d5af3bf61a635d390d5dd12fb777
x-chunk-cache-v1/chunks/data-000208006705.z	36926	6200d6877bbf94fc41cf47cd2ea9e43ba757bbcecf73b0ea8e32010c89392451
x-chunk-cache-v1/chunks/data-000209832168.z	33777	f816bc81dfcad87e8985213f24c26bcb0b2b1dae549ccf8cd2c4dfbd6c52c99e
x-chunk-cache-v1/chunks/data-000209928245.z	34791	87b27314422445a88f5d89ff26ddfe0a63233a0807005c8e266f48d6718cba03
x-chunk-cache-v1/chunks/data-000210024322.z	34117	536b9985c048077f55bdf56edc8338ce3b6e62c16c9596a53c1abcc4e658c0d6
x-chunk-cache-v1/chunks/data-000210120399.z	35989	56551be42af177b6390868cf5f1254408b4716b18afc3c32c59102ae5f1a2ddb
x-chunk-cache-v1/chunks/data-000210216476.z	36747	512504092ac7eeb4469b9c07101dc349110c8b966e8281dad2d71d08519fb8bc
x-chunk-cache-v1/chunks/data-000210312553.z	37131	a9c9a6ad1081fba396754367b592f17710bc63ae36435a1d719fba9b10207a59
x-chunk-cache-v1/chunks/data-000217998713.z	36286	5ef9f981ab0ca7035955d27f6d5f07efd226841b45715c8bcb149d4b9fd13b4f
x-chunk-cache-v1/chunks/data-000218094790.z	37239	61b0301b76c077563e9a13c13df3a8569492a539ae13ae20f960613c8b575d04
x-chunk-cache-v1/chunks/data-000222802563.z	45992	abcb8476d9dfba1158837cd097a5628e2db537aa424e55703755d0079ac6c903
x-chunk-cache-v1/chunks/data-000222898640.z	43640	dfe01c67b45c462654651dd977adff9326e4fc6badc84d0571f761f956572d79
x-chunk-cache-v1/chunks/data-000222994717.z	44160	aafa74aff8325854b6ec21a7d0cd619aa69a7728b8eb64e93d2fb67925ad509a
x-chunk-cache-v1/chunks/data-000223090794.z	41536	c0df2fd3061169ce516cb5c1f92f3bb7eb1324f50a449069cf16aadad56ee63b
x-chunk-cache-v1/chunks/data-000223186871.z	41056	05ab8517912141f7d00e2932e39964354c6ef827940103d7d687ec293e86be44
x-chunk-cache-v1/chunks/data-000223282948.z	43896	c47faa2e89e9e585d61ac5fa1f9473a0ed745908b615b8caba7e796eedd60c48
x-chunk-cache-v1/chunks/data-000223475102.z	44072	4aa8a9a4f83c11c6a633a3aa2d2b65b79ef0920ec13355a9f6060282dfbc1dfd
x-chunk-cache-v1/chunks/data-000223571179.z	44222	c7899e3b000f412574c0c7bf7e2ef239bdeef1c4155ed7d8731eea07202e458a
x-chunk-cache-v1/chunks/data-000223667256.z	42514	539059183b0f93d63b7c4bfeac1a0c85424c41d72f481685b4272792aebad1ec
x-chunk-cache-v1/chunks/data-000223859410.z	41869	b1cf45b7550c68445724b8c7c8b5dea6d9df4168e17c34a72820fcbf4430f94d
x-chunk-cache-v1/chunks/data-000223955487.z	43961	72a1c621f511b7568d6ebd510e892ecf716963d242535a3c541895cd00975991
x-chunk-cache-v1/chunks/data-000224147641.z	43895	1fc7ff00d7b2e796b4a76a0bc710b3a45046ab95b96a9375672e83f243eebf42
x-chunk-cache-v1/chunks/data-000226741720.z	40595	faae68f1a47c1d5c3883bab089d25f700a40f66727837d3f0a5a667963168da7
x-chunk-cache-v1/chunks/data-000226837797.z	37668	37afc20bdd4e10937301d8e4a8b399dfbb792cd1482d907ca1b804e4cacee5a4
x-chunk-cache-v1/chunks/data-000226933874.z	39756	85db48f6232d2b6a5e0eacafaa6263eb1dded6237d9456bf8bd6e6286624db12
x-chunk-cache-v1/chunks/data-000227318182.z	40555	6b100a716328d1ecc6988c367f5aa13ea52995154430fffe0c69956516d73d29
x-chunk-cache-v1/chunks/data-000227414259.z	36527	d2b3c8ffb4eb510bab80706da8172d4a2a3578b9c02571a4faadc98df39f3d81
x-chunk-cache-v1/chunks/data-000227510336.z	40819	26df62e54f2d2770674faaca7aef309f4bcb4cda97fc34219a5146f1da45afa5
x-chunk-cache-v1/chunks/data-000227606413.z	41614	132f4245d7e899b2c5890d31a9a25a70790b809791c53560cab4cba05cbb59fb
x-chunk-cache-v1/chunks/data-000227702490.z	38977	0ef243c1ca25145fe790961fc34bd960da58da6f1dc3340b506394a369ddf6a2
x-chunk-cache-v1/chunks/data-000227798567.z	37744	8ede1dd91a5af44cd69bcc5cdcd8768579b91d67036e977aecc66512f5b4bae7
x-chunk-cache-v1/chunks/data-000227990721.z	41160	30b8371dc4065b172273e33f5461bb28aa7df917b37efc9e268cfef318eaaa7e
x-chunk-cache-v1/chunks/data-000228086798.z	42424	7dc8530ccbb826900351c0a17f4e75e4b467699cafdd27dabb1e2a4c0caacdd6
x-chunk-cache-v1/chunks/data-000228182875.z	42999	4eef73715d933f15055628cd03d12e0fff4da57ebe4774c2470a352bddd18b60
x-chunk-cache-v1/chunks/data-000228855414.z	40157	dbb438dc69cd336a8d054f15fc6490c283995ad29228dd3f3d7ff40716cd29b6
x-chunk-cache-v1/chunks/data-000228951491.z	41066	9c0e89e78c94c78ab6bb4670189d9433174d51325705ba56d13e44e6edcf4bb5
x-chunk-cache-v1/chunks/data-000230008338.z	41440	c9a25ebe71146bc6c26984bae73ee51fa8712abe64b391684eb5499811cab8ae
x-chunk-cache-v1/chunks/data-000230104415.z	40710	deb37887908b4aea9bbdcbb6555ad91b61095db18e35dbad26579aacce74b6a0
x-chunk-cache-v1/chunks/data-000230200492.z	41089	67c8d7bc184ae2d72af7e70981d8ea9fe574e409c289d064cb61ce5367266991
x-chunk-cache-v1/chunks/data-000230296569.z	42082	e69f17c32bdf72a81b5fc7842eb6ac2633c371c546786bd8224eb437dd6a8a02
x-chunk-cache-v1/chunks/data-000230392646.z	39747	cdb3a650e55b41e73a889f04c4f88094d47f643818e78913726685c880575613
x-chunk-cache-v1/chunks/data-000230584800.z	41392	f5cca1007e4b06dc118a86e275e9e1ac4356eb29a00c29d3fc98fd96f50120cc
x-chunk-cache-v1/chunks/data-000230873031.z	43578	376e3f84bc185c7f6d470c727bbb70b9233d5f8413eb93b2ece67ea31345811c
x-chunk-cache-v1/chunks/data-000231161262.z	43648	492fda54a19353f53b36bb956bbc70a2d3f032ad29719ff7879db0e5b0d57d2e
x-chunk-cache-v1/chunks/data-000233467110.z	43308	7a5f43eac8a834c15194a2b00dc55d7e6318379d10845b280a9939187e9d7cb6
x-chunk-cache-v1/chunks/data-000233563187.z	39504	bab128404c3ce90ab458d1d272b42bb4091fd7a4fe171f5019a252bea4550db1
x-chunk-cache-v1/chunks/data-000233659264.z	42329	366a8714342e2096519962d2d6795a3aa9a347c0ff011821f15a8e9455ce9fb4
x-chunk-cache-v1/chunks/data-000233755341.z	40580	d27cc93197ffd29b529d0288aa0de58c0b7fbcfe53bd7ebd42d2d8ab18f198d8
x-chunk-cache-v1/chunks/data-000233851418.z	39655	efdba807aee7e221f380ced2145d69f4243a30d50c7254199ad3c71742188bc9
x-chunk-cache-v1/chunks/data-000233947495.z	43724	ba60092b80ae3f9bd7c8b3a5f110ee6dd8754f1f39c5b2bc055bbc57866a5b1b
x-chunk-cache-v1/chunks/data-000234043572.z	39283	f6db42c3a969b6b3d0047809c9bcc95e53cd38c4340be7c69ddf1fb55d77d981
x-chunk-cache-v1/chunks/data-000234139649.z	40968	0b7cca631b2bd046337f03cccba30a0045d9a98c4f797a9949a14f1e9541ab15
x-chunk-cache-v1/chunks/data-000234235726.z	42877	82af3c73afa665dcf627855bf858dbc53afcd2baaebebfa2d898a5323994363c
x-chunk-cache-v1/chunks/data-000234620034.z	41972	6cc9d4429105a24ca1e8c895008271525f49fee10a7332cd912732e1479984f1
x-chunk-cache-v1/chunks/data-000234716111.z	43322	f0b628997c2f34eb97f72c5b487509a8f1be97603a66894cfba6af8d714a2347
x-chunk-cache-v1/chunks/data-000234812188.z	38651	794b01aae549c6c93939d96e60b4ec66b6c22ab261db7c25e13efdbb758b916c
x-chunk-cache-v1/chunks/data-000235292573.z	41301	103f6170f1be85851362afa73e3032f3b2b10aa879e4d744389e280a9edb58c9
x-chunk-cache-v1/chunks/data-000235580804.z	41987	8b30f4dfdff015fd6247d61b8cd192cb98c4076cfd5899a1b2885257e7f29c2b
x-chunk-cache-v1/chunks/data-000235772958.z	43153	d1601fbfee23c24105271975eef7ee99f94b47e4ea55c95fcb85858b951ef086
x-chunk-cache-v1/chunks/data-000238174883.z	37448	77b8048df984e674441736181fa27c72d16a43a256391828e967f41f41bcf72a
x-chunk-cache-v1/chunks/data-000239712115.z	37556	f7cdef2da0ccce0048310800a422f0fad18e7833663af2c437c0056d422dc719
x-chunk-cache-v1/chunks/data-000242978733.z	35886	c987fc48cb9c88f8d658f2f6af97a4b4aa6327d44721f70b8eb2bd79a17d93d5
x-chunk-cache-v1/chunks/data-000243074810.z	39786	60f0a692083ee96c2f72048ce3ce4a50afb8bc58bf752133e7524a6d623038ab
x-chunk-cache-v1/chunks/data-000243266964.z	39245	1265721635945297266c1152a87fde0dc1cd08ab0926644845a25e54afdd0af8
x-chunk-cache-v1/chunks/data-000243363041.z	37145	44c82523c541e4cf5cd605dc741963f4e760d50e07c839b2fdab1a3a4f60434f
x-chunk-cache-v1/chunks/data-000243459118.z	38995	9db3c718937449439fbc695127859d5f704691b0ca47693ecf713180b32ecbd7
x-chunk-cache-v1/chunks/data-000243747349.z	38362	4d69cd61be962fc7b6c8fc74fb956cc50476683919e62f834e6bde3347c6ab79
x-chunk-cache-v1/chunks/data-000244131657.z	42153	3d0864d587e4615278fd22d11905ffdea9078c6da5bf282e40308961fe11bf45
x-chunk-cache-v1/chunks/data-000250376662.z	38014	8e7161bd950e20fcada5d48b991c55fdbb9dda31cce9b057083e9aad169889cb
x-chunk-cache-v1/chunks/data-000250472739.z	34719	3720589011af10211e4a2492fc11caceae2df225dd73bcebca5ed45eb4bcf086
x-chunk-cache-v1/chunks/data-000250568816.z	33416	016850604fcf6d08ab4c739f062ad2062b7f57d801a7f3d9fa049d744fe836fd
x-chunk-cache-v1/chunks/data-000250664893.z	35244	6e5f26c81a497a5e28d4f26d7abf61444da85fba37be795115dafdd652b25e81
x-chunk-cache-v1/chunks/data-000250760970.z	34326	0a3e5caa3bad94961f75a829d3f3a1cc9385b43c5ac157834d490cdaedbfa29a
x-chunk-cache-v1/chunks/data-000250857047.z	32243	ef4f35970911933d3c725aa817e054c8ca384c4f37e5eebe955ef3e55f8456e2
x-chunk-cache-v1/chunks/data-000250953124.z	33306	c7ceab66233bdcf974db589ed23ec785286c5b3ab4cf2f93fbff907ee990d8fa
x-chunk-cache-v1/chunks/data-000251049201.z	35459	897a0755540212402aaff6db3474d7af90ad8b84a03052db2206957af9e91646
x-chunk-cache-v1/chunks/data-000251145278.z	32992	3b72bc19fd4bd871a0c2f184155618f277a40cf9a5882a606fea8e1e890e077c
x-chunk-cache-v1/chunks/data-000251241355.z	31757	2a428e9f132f536d9750e46b1905ac71e951ff03ec70d37066574e8d1a4ae297
x-chunk-cache-v1/chunks/data-000251337432.z	31464	2832354fed182d7fe912cbcfa52a2c089cffd02f1d95548924a14875a80dd187
x-chunk-cache-v1/chunks/data-000251433509.z	32497	e6292c8c4d3a43dcd1a0c9300ff62a9c7d20a06e3f9720b6b9e75423d3a0334f
x-chunk-cache-v1/chunks/data-000251529586.z	34892	89ed8c79ff2aebecb4ec5d0f747066163615cdf9bbcfc58176fa7df6aa1faacf
x-chunk-cache-v1/chunks/data-000251625663.z	32025	7e48ae396c051e9e7a2847f06f1aca7f16cd24f528b51b474adfa0f33f6388c0
x-chunk-cache-v1/chunks/data-000251721740.z	33497	20f1039f813c866362a465db8ba11518690b868dc96d03bd9063378b77211402
x-chunk-cache-v1/chunks/data-000251817817.z	33123	f82ab34080d258d212bb17489988c920bf1cc5d397a29f3c8f8e4069cb30413b
x-chunk-cache-v1/chunks/data-000251913894.z	33462	402b32dc3faced69e2b6c1073a229fb7f3671511babaca2ca1b468964c79af61
x-chunk-cache-v1/chunks/data-000252009971.z	33932	7643b876e7ccc4e067fde7d79850bf2837e26abd1b172b372f70d7a1b77f8b58
x-chunk-cache-v1/chunks/data-000253162895.z	32834	2f6d66f0879551a24cacf21b10af396ce60ae3d37df0ab9659d0f5747dc57070
x-chunk-cache-v1/chunks/data-000253258972.z	33796	ef540c9b2ab170db7273d589291f130595dbedbe3ecde85ef59987bf84053ecc
x-chunk-cache-v1/chunks/data-000253355049.z	31588	cbcc06a4bd3c66341c5a32cb833ed3eda6838fa5e48326ed4afa9f4a595eba0b
x-chunk-cache-v1/chunks/data-000253451126.z	31020	8fe7c92b628d0cf98373acdf04e55b35d93fb13bc787ba72c2b4d494b456700f
x-chunk-cache-v1/chunks/data-000253547203.z	34926	cc0ec29aa54a5f98854a819290b2869b5ba27827f132046a0fb18e74b1282038
x-chunk-cache-v1/chunks/data-000253643280.z	33531	3054024300434199fecd8fa7ee0e7a244037e175520731bb171510c278e352a9
x-chunk-cache-v1/chunks/data-000253739357.z	34949	075ab14e917fa333638762c82db3bdbca44d87decc83fc29b0c18e0764b4aeba
x-chunk-cache-v1/chunks/data-000253931511.z	34630	dcb7ee2e0207b0c038b246ce998ab02078bc091330f12d9ff271dd23ef98fa0a
x-chunk-cache-v1/chunks/data-000254027588.z	31824	8fd424be2bc810014c625f3c1029d30766862a417961ebb7e331009572c84cb2
x-chunk-cache-v1/chunks/data-000254123665.z	34554	1fe96183f20371da6ee3f3185bea3257da56c50d3dd7a7ececcfef6967584a0b
x-chunk-cache-v1/chunks/data-000254219742.z	32626	d4c11c25c4b19cb013db71340091076d7f0cb7c46c997078609f04abdccba53f
x-chunk-cache-v1/chunks/data-000254411896.z	35516	0da61004fed42ba4b3631a09393f12da44fe8d945ec6e2c54723da2a26c61d1c
x-chunk-cache-v1/chunks/data-000254700127.z	33623	588f380aff479718d0950fc0374ef05efcf59d8693317e8eb4a85dee1cfc1ab4
x-chunk-cache-v1/chunks/data-000254796204.z	33856	8d3905d20bebb6f7480886f53b03fcb36daaba9012fb2b214bb49ebd3605669d
x-chunk-cache-v1/chunks/data-000254892281.z	31783	cb27598fab5c72af3a0dafd6ec40bc375e43264ec975c6de585576a9159660f0
x-chunk-cache-v1/chunks/data-000254988358.z	29776	af42370f848c4c05cc3cb9b776d513d7636aaa0d4aeed69cbe3dc1f9f78af4cd
x-chunk-cache-v1/chunks/data-000255180512.z	30860	c66ce7544af5d7fb235aca368f17c56de80ff2f58724a423b83b38a56451d397
x-chunk-cache-v1/chunks/data-000255276589.z	32404	8d11208856e9c75ff4751ba5c7fc2b20c996b0dfbe4e00cba7967f913e9ec960
x-chunk-cache-v1/chunks/data-000255372666.z	34450	0d68e8f5e6ece2ab3375e165ce28d13a3130fec530b5f78a50ad775a707205a2
x-chunk-cache-v1/chunks/data-000255468743.z	32207	19b1468045803a92815812e397e5e63464a169cabc9cfd1a6f97c25e9f007eca
x-chunk-cache-v1/chunks/data-000255564820.z	31041	49c68ea488f79580e81e8921bdea3d9d165769bd1a4bc3576b07e1a5d0ba8b69
x-chunk-cache-v1/chunks/data-000255660897.z	32294	8bd8b3bce386692000f00cd71fb76b46b672e2da0d0c8aae2a111daaf93259bb
x-chunk-cache-v1/chunks/data-000255756974.z	32193	c90e0024433e8cf1060390b7b87625720d86c669a20902c4041ce99b29c51a73
x-chunk-cache-v1/chunks/data-000255949128.z	31237	b5000aa7b675194cb63a086fa437acc02f9152dc426edab3064ded6d3f62392f
x-chunk-cache-v1/chunks/data-000256045205.z	31785	4740f49aca5eea29b4d54973788e6a4a6fba890fc15ef80f79b8d2b6d99e3d15
x-chunk-cache-v1/chunks/data-000256237359.z	32866	9d5da531d7890335ed95be69406ca397eef448815c79d1df8f8b69a7ce5ad8b6
x-chunk-cache-v1/chunks/data-000256525590.z	35554	9f8d5061d2d646fd9f5ab034cef780d6ac17489b641432c68fb2bf4e42ced75d
x-chunk-cache-v1/chunks/data-000256621667.z	36831	53849c1dd65a2282b1ff9df7f01cb88acd2a50a1c2021dc7c0a4219ff2d15a28
x-chunk-cache-v1/chunks/data-000256813821.z	35319	427dfb1358542016901722e414d732c50feffb6339cd085b23146865b7b45e12
x-chunk-cache-v1/chunks/data-000256909898.z	33865	c8cd98fba7c05f5e68e6f52dfd260d9afff54469532cd02fb57b053fe3f0f01a
x-chunk-cache-v1/chunks/data-000257005975.z	36471	aa9fac5056c7a1bed9519e3bcad8b988d631c1a7a1875ce3b8a703cb5b38fe12
x-chunk-cache-v1/chunks/data-000257102052.z	37288	228f718d6727905069c711fd8ac73d7946469675a8db08cdc1993c078bc3c4b2
x-chunk-cache-v1/chunks/data-000257198129.z	37587	0a5cafc1e33c185a0e5100914bc3645e7fe10b9c1427469d2a1e55ee2e1dfe26
x-chunk-cache-v1/chunks/data-000257294206.z	37022	1a5d29575ca70bb5af5feceb99a62db229eb419aef7ec3bb3a610a64338c4409
x-chunk-cache-v1/chunks/data-000257390283.z	34866	249f96fb85762afedcca807a1fdb7cb1b2c1c310a730fb92918ccf36234d5636
x-chunk-cache-v1/chunks/data-000257486360.z	34651	329d5ac18c26c159d561491460ba9170490a180a78c21028f4959c6ad1e48e0f
x-chunk-cache-v1/chunks/data-000257582437.z	36599	3db97c6c939a46ed04dc2e7cbba079fc504333f96cfda574400eb63aa12fc3bb
x-chunk-cache-v1/chunks/data-000261329440.z	37566	5af64cd213f4566902d72ebff862afdc3c93493708d7deca24be0e5604688c61
x-chunk-cache-v1/chunks/data-000261425517.z	31801	f1ac039d4a2a64c32c90860f1a88025c42fd4bcd07d3c9188ab5745276623fc3
x-chunk-cache-v1/chunks/data-000261617671.z	33028	2a2d86a87712a2b25450f5ab299951cc7350db6bb77e1d9984e444dc71de6fc3
x-chunk-cache-v1/chunks/data-000261713748.z	30989	f4f2cad3e1091b2195d57368eb7718c82014efa236b2a79b5ce0dba391be1baa
x-chunk-cache-v1/chunks/data-000261809825.z	32331	0ee086ab083edbe43290c3a938bc7948d4d73663d7eef650ebb9bc2bb27d9c97
x-chunk-cache-v1/chunks/data-000261905902.z	32500	e5d11405f810ca77432b6b37cf42576cf8a6607d384da42dbb2a698e448f46ed
x-chunk-cache-v1/chunks/data-000264019596.z	37553	1e55d8eebe838412a8f1a492392e0f13aa871137ef13ecf8153c6deb069a04ba
x-chunk-cache-v1/chunks/data-000264115673.z	30910	968a493e73bccef58ebeb1aa998d8ff85d495cbfee62e20ee8527052a8c3d17b
x-chunk-cache-v1/chunks/data-000264211750.z	29931	e11639ca263f3abff6324498932141d7178323d540d6c33088c3deb0213c7951
x-chunk-cache-v1/chunks/data-000264307827.z	33574	7b85f795ee7dc58a9ca3ae9d654750c3c6988356ed058e37f9dcb3d58fba5b8a
x-chunk-cache-v1/chunks/data-000264403904.z	32445	f661067dcf9d4e10326cb6b77e600cbf7d751679df6748aa3d70d6d60aa70f11
x-chunk-cache-v1/chunks/data-000264499981.z	30791	407d182b7c153751f54807a5a9a10b11a7f7abb99209f01e5796051ec5f94b85
x-chunk-cache-v1/chunks/data-000264596058.z	29901	dc6c74b863ee682b2233d217bc32393b517d0c17954648492205228d4dec32a0
x-chunk-cache-v1/chunks/data-000264692135.z	29566	a3317dc119dd9f9d4fba24f260bedc862220d2cd9856ed8c2e6df485f9fcf7c3
x-chunk-cache-v1/chunks/data-000264788212.z	33869	f6e4f25bbb2d749a4402628988de1a48d1a03d33a1c26cab327295badaf82255
x-chunk-cache-v1/chunks/data-000264884289.z	34764	f26a787abbe24ba7ff9e5dd6a5ec32c7f4ff8f1a13a5df4353545ae8ebed19df
x-chunk-cache-v1/chunks/data-000264980366.z	33159	615e02e204349ae10bc9142e4495f25def7babecc9be09aaccb35e87a4ac3f62
x-chunk-cache-v1/chunks/data-000265076443.z	32482	72a7c4b04847c519d659081b60e1a7ceb82827c3fc4e274c052562f18b06fe1e
x-chunk-cache-v1/chunks/data-000265172520.z	35523	105011bb8cbf89a51124af9bd60c443b784cf9c188f52021e93154672e20e6f1
x-chunk-cache-v1/chunks/data-000265268597.z	37237	3038b556e593723a1edb147da6f40ff33b33a4191da4155873cbe9282228d271
x-chunk-cache-v1/chunks/data-000265364674.z	31625	e89279ad1a2402e8c9c497e484647f41b8e5a432fa394ed520ad8afe5ae9be3d
x-chunk-cache-v1/chunks/data-000265460751.z	27700	7073a0ffe87ee2a7abbb9833a88de4118817c104656be885783e1bbafd71fe1b
x-chunk-cache-v1/chunks/data-000265556828.z	27710	575acbbaf94aea5f19d6d525cc5fc0cf1af409de7bff379835ac317aa6b819a1
x-chunk-cache-v1/chunks/data-000265652905.z	29095	db8bce4e83bb1c919245180efe86f02b139d9d67c835b96b3bcc6b5b3616987b
x-chunk-cache-v1/chunks/data-000265748982.z	28879	4a804efe7b2048397d3d1bdbd0121197c7c19bf54f58d544cc23faceb2306598
x-chunk-cache-v1/chunks/data-000265845059.z	33224	119b3aaf234f83ee0bf2c81ef0631482717c8824ecfb903aa89c0e45469df335
x-chunk-cache-v1/chunks/data-000265941136.z	33003	e4958e13cbce6a018f9f03a687a2b9ba3dd78df0bc993f84996d3b8043fcb149
x-chunk-cache-v1/chunks/data-000266037213.z	34064	06fe347dceb0eef44ba890e53e6f0ef81ac5dbdfb07bc62ed9fed7eed4b2ca60
x-chunk-cache-v1/chunks/data-000266133290.z	34491	dd7a58176294f6f8fbc5e542f5a2818edf8999782786245ca410b0a774ef4eb8
x-chunk-cache-v1/chunks/data-000266229367.z	27083	114500dc2c906c0af60e92dc9e1443deb01ba29b5fbf8c55a755d4c4b8c22dfa
x-chunk-cache-v1/chunks/data-000266325444.z	28229	6de883c5651a7ab4ff4b2b09ac3d6a8187ffa7f0f53d40830a89937f9e12efcc
x-chunk-cache-v1/chunks/data-000266421521.z	29527	85b48e9b5a64d0b3392a2adf79ae1067bc7e2f3ffa0ce7baff0703f31567801e
x-chunk-cache-v1/chunks/data-000266517598.z	31251	4a68e8effbe726140adfa27bc8afa2b6e60e8f54eefdf8b387c55df8a696c25d
x-chunk-cache-v1/chunks/data-000266613675.z	29449	749571760cad28fe26655afe09be0d9c8577a21ba9aed1ff42babb4abd192d39
x-chunk-cache-v1/chunks/data-000266709752.z	31787	249135b631fc2cd3db9af2fb933153faba19c413aff57bf1e1ce3121874989a0
x-chunk-cache-v1/chunks/data-000266805829.z	34163	da3b2e26cf6a442b7a971544e892fb37faea1c3207b4c1ff6b2e0b842ec75098
x-chunk-cache-v1/chunks/data-000266901906.z	33390	21b228908be61d621e50d3460de25cfcf7ddc93309254e3f49f42dd3bb5e4b29
x-chunk-cache-v1/chunks/data-000266997983.z	33915	8c4d5aebbc9fac95ed94bfa034f6d8faf9842cc005e69fcbcd8ea593839f37bc
x-chunk-cache-v1/chunks/data-000267094060.z	31654	69ff935c161682d6d3b7706338b8a2271b1f743f5fa4d8756fad109bb00445b6
x-chunk-cache-v1/chunks/data-000267190137.z	29629	31ff64cc33346c3f654742390e4804a83b76b3ca04a3521d8edc4625875339da
x-chunk-cache-v1/chunks/data-000267286214.z	30381	4bd003f61bdb506ac94d12000be902d63df32fdf4bb63e3962a1310f9f8545f4
x-chunk-cache-v1/chunks/data-000267382291.z	31710	975047535065c91106281cff8c2306570ff736de89d58a0e5585f3cb0a2deccd
x-chunk-cache-v1/chunks/data-000267478368.z	28484	0119347dd9c36997a613fbec3177f776be3db9638c6009c89b8031d75d5e47ce
x-chunk-cache-v1/chunks/data-000267574445.z	30213	8f7c0fee04b37d5306faa8ab08d2dee275fde7e0f4351774140fb03f1cbff905
x-chunk-cache-v1/chunks/data-000267670522.z	30242	d505a72bc1bd3e426e81d9df4156b182ee1b41283a6c42f8bee419b9b8aae4ad
x-chunk-cache-v1/chunks/data-000267766599.z	31370	c25a658883e568343295f5a69b6db8dd5043f25a08d5d7d0344860c46e1215cf
x-chunk-cache-v1/chunks/data-000267862676.z	30309	5c8e49eed7c22077c0f372d923de48b4eb57ee9031a8225e59d2a79f7088d4cb
x-chunk-cache-v1/chunks/data-000267958753.z	29848	a2b23423847286e3443d0aa30524589ed3fdb3bd3e6f046c16bfedd743c4d8fe
x-chunk-cache-v1/chunks/data-000268054830.z	30762	9bbc2f443e26ffbc7210ced2f8d98b5bb5657ab50fa02c3f9e1d122f02c474d9
x-chunk-cache-v1/chunks/data-000268150907.z	30417	e0959abb9a13e30520524cef396f89cba22eb38d6a814ae37a040c119518ddd6
x-chunk-cache-v1/chunks/data-000268246984.z	32081	3e1de83df38c8369d9996142f507c5dcbfec1f34a3a268360b10633e3b5615b2
x-chunk-cache-v1/chunks/data-000268343061.z	33591	d017f956987d6a99639976a6e8a3c6a7ee8feddb846aee814aa8c6d269669b03
x-chunk-cache-v1/chunks/data-000268439138.z	31881	9f471a8a2e96105ec4df080d33e4f97f0c358c96e9910494c62b1f9b0c484f55
x-chunk-cache-v1/chunks/data-000268535215.z	31228	bd3211be952d6cd8ac86fc8eb3994abf101a67714310e70179f96722e168f605
x-chunk-cache-v1/chunks/data-000268631292.z	28650	438fa4fdf09c4d2c038334f6ae2a62f312f327d981d5d48efcf9a52adee0b60b
x-chunk-cache-v1/chunks/data-000268727369.z	29165	426f3a0912beaf9cab22bc14e895acd3e8fc0799953de8be90f6f3d7e18838fc
x-chunk-cache-v1/chunks/data-000268823446.z	29739	dcd0481711f1065d60b276dc71cd8ac96cdf4a69a54597df89e0ce16635bd3e0
x-chunk-cache-v1/chunks/data-000268919523.z	35158	3da87912b34b09a923002f43a20f625b61c1439272f6d46bc9a4e34fe57deb05
x-chunk-cache-v1/chunks/data-000269015600.z	34880	4c8525756c8e1ad20dd5f9c4f3cb7ca6cbbf08c6c5662a73326031b13eb1f87c
x-chunk-cache-v1/chunks/data-000269111677.z	35172	298d96c1d170e1dca39933f028f5653dde9b264a8686b4e84b3ae171f0a36c43
x-chunk-cache-v1/chunks/data-000269207754.z	35054	1c6c5301904bc173f5d334a1612ab13cabd036469904a404ad47da0b14b1ef8d
x-chunk-cache-v1/chunks/data-000269303831.z	33268	49750e9b3ea241b47782c6a4c3a7310c480d5a14d276207b79e6f5434eb02b45
x-chunk-cache-v1/chunks/data-000269399908.z	34537	ccd7459cff57eb392d248f49736073bbb01ca3d40f9e0260b2282d89484cb02a
x-chunk-cache-v1/chunks/data-000269495985.z	35531	90a9b2f458fb5768137c58e87aaa11cc9037246fc322dc90eaee50f7d63b8391
x-chunk-cache-v1/chunks/data-000269592062.z	39052	1e2120dc879026eb341486af74b07e04ed5415329b2d9af7435db6cfd2e6838c
x-chunk-cache-v1/chunks/data-000269688139.z	35812	7ebd70d797a2fcb3fb59e6e639779a8a0f655a8914f7f563f3b122346f3b5d70
x-chunk-cache-v1/chunks/data-000269784216.z	36270	169e93547a9cc2c25aa9cfdd85738c521c825c36b7a9aeff38a45040ae8d4386
x-chunk-cache-v1/chunks/data-000269880293.z	30918	250b0f2149a88f283e6e957adc0984a5949d1527dea2fd53e154ff57d330582c
x-chunk-cache-v1/chunks/data-000269976370.z	31106	d8241945b41bfa100bcd5e3cf361e70eeb469850afb13363a6270f3fa41def7d
x-chunk-cache-v1/chunks/data-000270072447.z	35222	34ec9215cbd12e7f63099fe418c1c58b351ef9ee2d53befd734bf9d82667cb50
x-chunk-cache-v1/chunks/data-000270168524.z	36440	01c6f928b8a4e5a5060b7ee2ca3bb5f50ef60a35799241a978ec45ab80b1807c
x-chunk-cache-v1/chunks/data-000270264601.z	34018	d0e34a2e117c9e1738d2a59584b243143074f5bbe34266cbe9ada8a7741adebf
x-chunk-cache-v1/chunks/data-000270360678.z	31097	33c911c062bdffdf0ee3c6bcb801cdf99a8c2c74fdaba08878f796f33ff94a89
x-chunk-cache-v1/chunks/data-000270456755.z	31980	e29f5c553a820f4eefe32f9b3eb88c11cb9da427ea38a501838cf714ddb11504
x-chunk-cache-v1/chunks/data-000270552832.z	33428	b9c025db7fb8f95407877c265efe63a925a329877cfaf58dfb94eb0fc52877c6
x-chunk-cache-v1/chunks/data-000270648909.z	33690	886d30f3e7a276af6c05dc55f996d6ba92b1250c87ac3ca08f51a7d59e8df80b
x-chunk-cache-v1/chunks/data-000270744986.z	29675	caf60f7da82a87ab1d2b806bf6310e06039690846b2e134472e30302dfe9456f
x-chunk-cache-v1/chunks/data-000270841063.z	31077	f970ac596a5033a5300515ad2c6aa197fac714beec7058c257eb3e65a4a603b0
x-chunk-cache-v1/chunks/data-000270937140.z	31703	e1e33ade032544e7c98d919fcd8cbf39c82050d010b03fee9579bb14ac2b28a0
x-chunk-cache-v1/chunks/data-000271033217.z	31352	9901dc972a30f9ae4be571a717a77f7950c678ca49e65f8615e2e8b14c7b4a2c
x-chunk-cache-v1/chunks/data-000271129294.z	32351	1cdae31e6540fa9010ce3db88fb65d18273a1d00fc4f4a9fce271dbe35fcab96
x-chunk-cache-v1/chunks/data-000271225371.z	31821	6e8b5ffeec98202f6eb44b252b5fff1bff5c613e1e03c0e5021ae3caca7ab83a
x-chunk-cache-v1/chunks/data-000271321448.z	31410	9436a2d065b4fd5a9ad9b1e0a51fee32988c71052ddf04ae787d6e576de66812
x-chunk-cache-v1/chunks/data-000271417525.z	34549	4f03c244064bb69c213a0c9ae6349caa5278b36b7c5d7d225a14e063cbcbfba6
x-chunk-cache-v1/chunks/data-000271897910.z	36016	73d70ea6427f76208e22e5d2e0b9da5a7012e1c0403d9423c86f7096db8d4dee
x-chunk-cache-v1/chunks/data-000271993987.z	32394	350ad7a238b86725c1fe4784398eb9e9e8f73c420a70474b869c37393db090c1
x-chunk-cache-v1/chunks/data-000272090064.z	36909	bea51d520ed3d42b466e6e37a88f87efdd125fef7c9a23ae74d9d7b0adc20083
x-chunk-cache-v1/chunks/data-000272186141.z	35521	47d231b37195d229037bb8bac5d610526028ae4ac0ed8fcf57681c63a0ed2404
x-chunk-cache-v1/chunks/data-000272282218.z	37881	85c387c4bd55a26f04b6e16bc6cc349dec7ed4dc422930b257c6f0fb1194e710
x-chunk-cache-v1/chunks/data-000272378295.z	37748	3faed9f160aba05eb5923ec19db1e43822168c562ebb74cdb2a3c21d808c875e
x-chunk-cache-v1/chunks/data-000272474372.z	38249	6b4198ff7bda13b9ed0104815caf128221935881dec2b4400877dad374f6f380
x-chunk-cache-v1/chunks/data-000272954757.z	33535	e299121dc4eb280bd6ae9e5e7a7c6b998e090f99f85369ac6458e224f2764a1d
x-chunk-cache-v1/chunks/data-000273050834.z	30347	347f8c5f0818a76285ba91ef35c0df2965850dc256f3f024eeb7ee575e4e3a02
x-chunk-cache-v1/chunks/data-000273146911.z	29358	41b5cd92532cded302603bca9c1d7545ddf060568488464c0cb7b6097b77b588
x-chunk-cache-v1/chunks/data-000273242988.z	30915	17ceafd24590c7334eab918e9ac69dbbe97195a9f307763ba446da682ab47e79
x-chunk-cache-v1/chunks/data-000273339065.z	30122	64b670dd5542960bb87fc5f030d37337636a510833634c11f3dd1e7efd9cb538
x-chunk-cache-v1/chunks/data-000273435142.z	34273	1b7cff841c8e81a0047ce7cbebee9a3f5a662915c46e364404b2970806e75a6c
x-chunk-cache-v1/chunks/data-000273531219.z	35722	404305f4a118baebb544f77e8b9628e726b777fbb303db40c57017c9bcf94b03
x-chunk-cache-v1/chunks/data-000273627296.z	35686	88710e16b4d757316fd60a46d30084342d0e57a846410a6d7a59174dc515e35b
x-chunk-cache-v1/chunks/data-000273723373.z	31849	b7f3030b46d07d298ea429b28add06bb5c95636d540f8de127422b0babe5a335
x-chunk-cache-v1/chunks/data-000273819450.z	34343	c82469115033c08adb00260792ed2f4f1f785f6cda1547aede94aae32d0d379f
x-chunk-cache-v1/chunks/data-000273915527.z	35306	86439ca182b005363d7bb3bcd09360d4231708b1e6256780a11e9d02b8bc117e
x-chunk-cache-v1/chunks/data-000274011604.z	31940	2074202e69e58c299f8061c5cff5843ef98a5eeba49a05b6ca63738b62ae1328
x-chunk-cache-v1/chunks/data-000274107681.z	31513	2e9720990d56ad03880e156c07945f2b03cc461e96770b2e62cbce0dc9ca317c
x-chunk-cache-v1/chunks/data-000274203758.z	33057	0eba0d64412ddc749ea01b011993f0561ffaec92d3c6a8c7b2a6ad0d6292187d
x-chunk-cache-v1/chunks/data-000274299835.z	31631	ae80945c80314fb7fef354b93bfe6671911a0e42b8a8f6c636c8d13d405a97b6
x-chunk-cache-v1/chunks/data-000274395912.z	33818	5c58376bd74273e49a720b400fc063f698194f29dd5938d1aa7587d09a7eba01
x-chunk-cache-v1/chunks/data-000274491989.z	35545	04080507817f2cea82103756ae213f83c62fa08aa6fe26989e6a693f38382fa4
x-chunk-cache-v1/chunks/data-000274588066.z	34893	995138290cc74738a7500bcb7441db2041c4945fda8722573bf6d92fc5a9eb6c
x-chunk-cache-v1/chunks/data-000274684143.z	36448	9ae1a47baa839516ddf3771bf9580d1fc7f099a6af449c33b415f7eb5e0a67ec
x-chunk-cache-v1/chunks/data-000274876297.z	32892	6042f9cea47925ed8a9a68b43c3036cd64c000fd02d9dc500dac6ee37c62f14e
x-chunk-cache-v1/chunks/data-000274972374.z	32963	4fb6c613cfdc7b7730a6e511e7ec5fd1dde33e9ce46a5ca5c83f5db270c8f2be
x-chunk-cache-v1/chunks/data-000275068451.z	33191	5261ec184d746b3664fdf28c61d792e299fcf3f281d4e29b654154f94ee29fee
x-chunk-cache-v1/chunks/data-000275164528.z	35451	bccad23f9560b1a6a7bcdd9329fbc158eeb324dc13e4869997d2789ff05b41f1
x-chunk-cache-v1/chunks/data-000275452759.z	32989	f4ca454f45b3245615c045553373dbd797f85dda26a53a179eb1f308d9a539ce
x-chunk-cache-v1/chunks/data-000275548836.z	37758	59494af02b3a5b18b86a12d00b892ce273fc2e3cb35c5677496f8b52994a3e4c
x-chunk-cache-v1/chunks/data-000275644913.z	33503	ba09ac62426c1e14c5f894d8a834751a7624e351e4c9c9576997b9440a80a08d
x-chunk-cache-v1/chunks/data-000275740990.z	32366	f05797c78a163faa727a7ab79a90bafa89fc030f0e99fbcd60a184707fa64d68
x-chunk-cache-v1/chunks/data-000275837067.z	33775	fd3e686a361034112223de567df480d7e4c35044eea40b95a4f8a9e21ba595c0
x-chunk-cache-v1/chunks/data-000275933144.z	35116	9a27abd54a011f76cdae4602911e50ce402e6fc62b20a5e2b1b7a4bfd67208c6
x-chunk-cache-v1/chunks/data-000276029221.z	34193	74c34f2c61cc34ddf1e1f9c5bd0c48e4f2e8509c386ca452295959eb54f61187
x-chunk-cache-v1/chunks/data-000276221375.z	35379	382f2260832a91aa98d13fca56281572cec8ff1166043da36b4b14500ae19abf
x-chunk-cache-v1/chunks/data-000276413529.z	34758	d3934dfa9c55e710838ee80d763145ddb2cb902efc8f1eaa8ed7a5ab1f00a44a
x-chunk-cache-v1/chunks/data-000276605683.z	34665	eff6914521442009d78d1985a0fbdfe1aee0b4be560f9f6a5ea3606c70796217
x-chunk-cache-v1/chunks/data-000276701760.z	36990	059f1b7c430fe2d729ba096c3c13b3d386d0f61fb7c8286ff72045e44e0456ac
x-chunk-cache-v1/chunks/data-000276797837.z	43147	435adcaf1a7da85f03dff4fc26af2bca16f83315441eec7cc6d43dd42ca76306
x-chunk-cache-v1/chunks/data-000276893914.z	34619	001b53e9d48cb56fa779bfbe8ede53c2446509ac04a0cb69d6fb2047d5f289ee
x-chunk-cache-v1/chunks/data-000277086068.z	36774	50e51de62e834701ef242af6f90e9f43b991432524e13741ded9f9d77b31558c
x-chunk-cache-v1/chunks/data-000277374299.z	36320	d7bbeb1c23ad7200293c76026995a3a749de38a69c4ee6b801d9c029007bde19
x-chunk-cache-v1/chunks/data-000277470376.z	34689	eff0b1763986e5c8cbbff7ba81602e907fa33eb27f85064a3fbb871dd03ce33e
x-chunk-cache-v1/chunks/data-000277566453.z	37165	74c70a27cc857dab6bdfd86ffef05c043a1d3c9109420ee488e6c1e284254543
x-chunk-cache-v1/chunks/data-000277662530.z	34614	a7bedadae4ded3a5b6f3984f2ddcefe36295092f987c9da98c53b0fdd9278a91
x-chunk-cache-v1/chunks/data-000277854684.z	35781	971531fceddcf4b772dc1573c4e3fe7e5384a7968bd91163e51b7771c812eced
x-chunk-cache-v1/chunks/data-000277950761.z	42390	2972b981f02be0dccd7506acfa3cc931ed725385e0210a88818e65bc36f60187
x-chunk-cache-v1/chunks/data-000278046838.z	35550	e5617a569ee7b88f4cc2182d6f3ef58acfda35c9e9cde34fdd1b350dbe5df8cc
x-chunk-cache-v1/chunks/data-000278431146.z	30519	3c0951716b220e41623df62a32243f57d11a9390bbb8e7393ac3628071c1321f
x-chunk-cache-v1/chunks/data-000278527223.z	28893	c25768148841c75ec56d3c4576007093c3b73c168c9b06fa081569ad3d85fc4f
x-chunk-cache-v1/chunks/data-000278815454.z	32861	d19a184ee6084eb84c28d099829cb4dcc7d01185af1dcd1c6c95fd1026d0c7d2
x-chunk-cache-v1/chunks/data-000278911531.z	31088	da5b5de48f80d5b6e8f152541cd638ac2934dd0d8ebd056f10593f9a3e79c355
x-chunk-cache-v1/chunks/data-000279007608.z	31133	e39685364a2ea9b177eeb36380331245cc218482827d10443f6de183eaabf135
x-chunk-cache-v1/chunks/data-000279295839.z	34974	9f34a3b623e89fd5aaa3e24c2cc4c10982a258815bbeb7f0d5aaeb42365f383b
x-chunk-cache-v1/chunks/data-000279391916.z	38282	f0c4c98c5e5d840bf3a2de4cd1a4703e6b40d216e6cd6bebdfdf1773ac2497f0
x-chunk-cache-v1/chunks/data-000279487993.z	40278	569a74e91c58a31fce6655297e9b0c62d5708dbd4f4d14e47dd5c39de5aa503b
x-chunk-cache-v1/chunks/data-000279584070.z	40036	d33628c9918375d592cdd4551cdb116c350b7797336409f140466d612dd78561
x-chunk-cache-v1/chunks/data-000279680147.z	39082	a86a1fa07b27029049cd592cb250391ff3c65e59da5727f12ef42098e30230c2
x-chunk-cache-v1/chunks/data-000279776224.z	38795	6bbc637e7bddb5d4ffba80dc74be56d2955fb395f6bb142dff503e32b39752d8
x-chunk-cache-v1/chunks/data-000279872301.z	42268	b848f1b76fe8c5f321fd32f6fbfece9e49ae15ed142c63a1d6613e0f099b3806
x-chunk-cache-v1/chunks/data-000280064455.z	40623	ba0027df756ba9507e57b7cbffeb3cdeedfb23bb45c07f9866b4124025a3a5a4
x-chunk-cache-v1/chunks/data-000280256609.z	41129	fb38f3b4463ed29a56652d9fd6632d97f0ec2eb6389aed320072052c459b7b36
x-chunk-cache-v1/chunks/data-000280352686.z	41376	44821037d8e99e8c3802c39924968095da9531d4cc8ea538147d1851f5eaa41d
x-chunk-cache-v1/chunks/data-000280448763.z	40782	9c78f439242925f1481e50eaf889cb6484088f4aac27963c321f8cc028399511
x-chunk-cache-v1/chunks/data-000280544840.z	37064	7f05b924ead9478f0f6f7517b086ee6779ca6ca2a5c0c58679444e4641ed013a
x-chunk-cache-v1/chunks/data-000280640917.z	38689	684020a0dc65a5e73acc6451489600d4dc123b31e4b9be2d64a6bea7f16de0b0
x-chunk-cache-v1/chunks/data-000280736994.z	41967	67b87519871f65e93359cffa992532aaec94e53144df54a14ed04d9eaadeba68
x-chunk-cache-v1/chunks/data-000280833071.z	41897	607c93f6a7639f5496a881e61b683e37c37be34ef824c2e1f7e6770c1cdd4bbb
x-chunk-cache-v1/chunks/data-000280929148.z	40352	84d0a15c434b350ce5804708115fa62b8b23cfd275f4988c5777b12bde190718
x-chunk-cache-v1/chunks/data-000281025225.z	37439	75a7623ba66c714750e7b86bf7880a75b23a98de474844a3c708d2e3ff9cd5b1
x-chunk-cache-v1/chunks/data-000281121302.z	34315	698b98d8e98ed68b37eac179360ba2b65698692e3fd423d143fbfe2a2133a7a8
x-chunk-cache-v1/chunks/data-000281409533.z	32291	9724af0522355432beb8e9385f6a9cf8e683868eb21b2c3df4464cedf3fb6630
x-chunk-cache-v1/chunks/data-000281505610.z	31434	7b4b4ef3c09e500109b5d9a7e588fa9482c95e0ae7a91065c680facd5ca856b3
x-chunk-cache-v1/chunks/data-000281601687.z	32838	6194a96296cfeafadb3ac8c483f851ee938c977376cdfd4d2dd1579fcd92ac5e
x-chunk-cache-v1/chunks/data-000282274226.z	33143	de8b6f5e8122e1452e2b6860910c2d1a0a776a981d5cc4bc230ed768f88331b5
x-chunk-cache-v1/chunks/data-000282370303.z	36274	a2af08a8a55cc66a18fc3bdf31a6dbf0cc2a14b431ddd15c5ab6f0ceace57707
x-chunk-cache-v1/chunks/data-000282466380.z	34767	82b26bad23c01b78cffd8760d7df8e7c0a3f103f888b8afe308e378c7a3af2cc
x-chunk-cache-v1/chunks/data-000282562457.z	35102	90c579c2b2f65b496b9dda9d6dabe6349da24f7b3a9c048328a733c689c6aa59
x-chunk-cache-v1/chunks/data-000282658534.z	35211	4e2f55e1ca0677d8a832ba25c5a7f10735d4cf0c459d3e43bfe0ac774154c134
x-chunk-cache-v1/chunks/data-000282946765.z	35698	6b9338d95a5600b3d7991f79ff4b4b96359a49b1044d701e519547686cc07a14
x-chunk-cache-v1/chunks/data-000283042842.z	37226	9e43348e0d37f0c96b285defd098979cd0214a099b76010745ac48c0550fd9ab
x-chunk-cache-v1/chunks/data-000288711385.z	37599	a68d567821f0e43441aa032191d1b965e1f82407b30fe90a020285bc22440aec
x-chunk-cache-v1/chunks/data-000288999616.z	33908	d6394a7238171c637cea206f3ecbf211d89f037f41c2232249d22917dda4de26
x-chunk-cache-v1/chunks/data-000293611312.z	34443	f50d3d1e7248f366bb5215d11014a3d7a42bdaa96f510fd362de427109ed9eaf
x-chunk-cache-v1/chunks/data-000295148544.z	34749	7f001ae13e9f1660d6bc1c52e50b0b2d6dd5f08462c908555353be9ab6e0ae96
x-chunk-cache-v1/chunks/data-000295244621.z	32626	10d9590f34d2f8802b123abd36adac25c9222b72c969d82a89dd620faef3f60a
x-chunk-cache-v1/chunks/data-000295340698.z	33306	147987d16eb1e820a09f1d5eb0f13abd640988423937fe29497b737a03d922c9
x-chunk-cache-v1/chunks/data-000295436775.z	32067	a126abf370ea6460d58de60b4732cb7d6649198da9abdaf0b6de931064334e70
x-chunk-cache-v1/chunks/data-000295917160.z	36437	81dd1be34e3dd8a8a10d175a6e14a24d10eec15f314a0c23f2fe1533f2eb9481
x-chunk-cache-v1/chunks/data-000296013237.z	35096	227dc188263bc10b825f2afa89340aa973a8d1e4c4aec1e7a8e49d96e2fc1f80
x-chunk-cache-v1/chunks/data-000296109314.z	41252	7a02059dfa817dbeead8cdb668c976eeb1bdcb367ebbbbc10020c5edf33ebd58
x-chunk-cache-v1/chunks/data-000296205391.z	39309	bb20f3af3076263ff394c1522badebfa822853b0754fdec6c8329d1cd2d7e5ea
x-chunk-cache-v1/chunks/data-000296301468.z	38220	0c364fd6c0318cf08609f9b0739d7ce0105067931a8655b990997d7a8b963ed2
x-chunk-cache-v1/chunks/data-000296493622.z	40878	53094000a085462b4a790289de5306d2b870a5f79407fe5596faa0f6a5aa3e0b
x-chunk-cache-v1/chunks/data-000296685776.z	39291	248310fe4bc779bdbb03f9d5deedd9dbb8a1fbb193144b19dc44986af82efe7b
x-chunk-cache-v1/chunks/data-000296781853.z	38541	320a04983f2bd398c18f8f1baa4891ccefaff42d452d6088c28fe287811880f5
x-chunk-cache-v1/chunks/data-000296877930.z	39639	fd1ba011431b2e6f73b6d9ebe0abca4e8125e60b0cca38d7e5fe2b7cbf7f5743
x-chunk-cache-v1/chunks/data-000298607316.z	35731	03d2e8921fb819294f5d4dbaa827a920952c821e7b93bd3bebcbcc0cbf044029
x-chunk-cache-v1/chunks/data-000298703393.z	31816	f2902af05e382a3a07813be2febfc5ec1c48be846f26ed977e04f3cbf0dd4252
x-chunk-cache-v1/chunks/data-000298799470.z	37592	44db99a570a8bf3912ce0ad3524b1438e6de1631a015a0b0d7177e4b5b1e9399
x-chunk-cache-v1/chunks/data-000298895547.z	34870	1c4022c5d1c80948e20ce92a5e8828b28330297274394ecf650eedafbe652fd4
x-chunk-cache-v1/chunks/data-000298991624.z	38515	14075ce54c8f630c0ff9cff1f17220e6345c812a49a32afa7027e98228d1129b
x-chunk-cache-v1/chunks/data-000299472009.z	31040	ff28342ff2db189a8f5c0c606fc4e0d38da8fdaca82ef18eb6224904928c2d5c
x-chunk-cache-v1/chunks/data-000299568086.z	30125	ba2d29841dc8b6306abdea5ec41b9e953c9a29819397c789dc8f46d7f1122c8d
x-chunk-cache-v1/chunks/data-000299664163.z	30563	44bd75c3ddb857d6cc7bd3c8b2063bdc753293c9502791e78e2eb004402f5fc2
x-chunk-cache-v1/chunks/data-000299760240.z	30683	1613e766f7bad25b6920d9eb84653f21e0f213979f06ac82fc4ce78db28eeae1
x-chunk-cache-v1/chunks/data-000299856317.z	30835	1787a0a0fb294b65e0666d571cccba3756952317fadd4e6fe92ad1ad73079bd8
x-chunk-cache-v1/chunks/data-000299952394.z	28948	1b20383640a39913ca6c0a04147995176f507bf19874fb76cb384d91bfc572d7
x-chunk-cache-v1/chunks/data-000300048471.z	28618	d6a2ee43f3ea68f75a40c7e33717b586f28df54b5d411be3e249d2a3945c7304
x-chunk-cache-v1/chunks/data-000300144548.z	31456	27974571bd9dc5d7dea14e930b3c53485b196e2c36094a1d5614f93ea4e47667
x-chunk-cache-v1/chunks/data-000300240625.z	33865	74636306006855f4ecf207215701c9e184690b72a2f48cf3b374fe2af49f8b0c
x-chunk-cache-v1/chunks/data-000300336702.z	31901	99b66df3caa7cbf5ff6d890f6f416bec4b4f1f35a5e19592187734bea812cde3
x-chunk-cache-v1/chunks/data-000300432779.z	31518	f1c70e89cbcb121783c274a082c86947966f4413444446f7da0e3bc959c60856
x-chunk-cache-v1/chunks/data-000300528856.z	32418	57720e432f9f55fdaeb513ff24448a4f2c119f17a73bf1cb70faa4861be8c6f4
x-chunk-cache-v1/chunks/data-000300624933.z	34247	ad0850513c10e331cce596dd9ba60a069c6f4a434db4affccdf5e0a857046ffb
x-chunk-cache-v1/chunks/data-000300913164.z	36783	b06ebf27e821f6885151607da81c9700f99f271ec337ece8d8af4e082a563e91
x-chunk-cache-v1/chunks/data-000301009241.z	34736	b208d53f043e467d50bc27a6444079911629de7ba76632f45761ce94e4ddc175
x-chunk-cache-v1/chunks/data-000303411166.z	38121	dd5c41a376035bed5b5956a3cf2bd7d138bffe180c6d1ca20db1334baa0e8dbf
x-chunk-cache-v1/chunks/data-000303507243.z	35400	10752c6f7607dad63c330091f947c0208e055444ce033224f584e5b9a29c56dc
x-chunk-cache-v1/chunks/data-000303603320.z	35559	1207299114dcadceafb2047d7a3b345d376f9568a90b0ecc88913dea16ac9235
x-chunk-cache-v1/chunks/data-000303987628.z	36082	70f1dfe0ea4a810b9aad5924f4f4b485a1fab64021131cc6d87ea834ee6ea27c
x-chunk-cache-v1/chunks/data-000307734631.z	38466	f6656201618334519b5cef302e65cac8b56e4f1948d52d7e152d79faae931031
x-chunk-cache-v1/chunks/data-000307926785.z	35664	545593b18ede2269dfd93c98b991e0f70cfbc05ce0c12250bf57b494200e9113
x-chunk-cache-v1/chunks/data-000308022862.z	36826	51b768a818a95050a9a43947d00798cdbc15803f59bb7cd8440a7cc1219777bf
x-chunk-cache-v1/chunks/data-000308215016.z	36674	0b20c807fe4c4635429750d4814e892cec485547f83fcaf027dd9329a808bf96
x-chunk-cache-v1/chunks/data-000308407170.z	37161	127f72742e9abbd50c39a804f6a07f7010565c34b24fd6bb7cf8f17ac011b303
x-chunk-cache-v1/chunks/data-000328967648.z	41362	764b8afd052878d4ad3427fcc0b94dc53ad5da4e27b455d281fe24c49b7139a2
x-chunk-cache-v1/chunks/data-000329063725.z	42858	125034d3554f0addd5a1ce660bca9d883ce9fd98e5d2b4ff5fb2a5a9f6388aea
x-chunk-cache-v1/chunks/data-000329351956.z	42609	954835983de6922bdf67212f72e72252b35fd32d47d6dcd8271014af306dc198
x-chunk-cache-v1/chunks/data-000339440041.z	42285	5d56cb7220e974a9edaf362847199ebc2209a84ea7beb51b6218387552a251be
x-chunk-cache-v1/chunks/data-000339632195.z	40970	72b6a76b0e7748945730769235eb685b2f3f4eb4ac7d6cc1f108c8f0c7a7e30b
x-chunk-cache-v1/chunks/data-000339728272.z	41534	576f89bc14712b177a3b1f022283ea088b109ae53cc012a14356d234fc513912
x-chunk-cache-v1/chunks/data-000348375202.z	38996	e30b4b179fdb4889d6691764acb38a33266a356176cb83325b08d1849758d938
x-chunk-cache-v1/chunks/data-000355965285.z	34170	3c2850c7477efc3cd7afed374069917dde334ac866877e80f0cb0008d244ef9b
x-chunk-cache-v1/chunks/data-000356157439.z	30430	651a7a81608384a2e859886891bba90f3d461f0393993a8e7c382424b6feb5c1
x-chunk-cache-v1/chunks/data-000357790748.z	31080	3226f9053fb7c4ced37cfbc07c6afd03f16fc0e18a3887f1523c449d4df5aa8f
x-chunk-cache-v1/chunks/data-000357886825.z	31746	dd8c20a35c48c88d0b1bc9f231da1a752bfd3747d83f30e5e879ea2504f22227
x-chunk-cache-v1/chunks/data-000357982902.z	32503	6bded2496c921e80d4b564de3d79bc86391cdb82a55ecc73e07c0a49d2b326f4
x-chunk-cache-v1/chunks/data-000358078979.z	35217	efacf16c5b47c56c0226dafaba1ec1b96f87e0d81751bd0a10a23cc654a5e180
x-chunk-cache-v1/chunks/data-000358175056.z	33411	ecba5f7b7c5a479c8c0909923caa9ce8b32b27b2fe627b4720695662180380f8
x-chunk-cache-v1/chunks/data-000361057366.z	34776	448f113315a50b7777baecf763dae1f616053f4f85685bec589f760f8d44a45b
x-chunk-cache-v1/chunks/data-000365476908.z	31324	6b09a667711bc251383bc03bdbba7d0d8a2671c76ba982276b8ad763935fd19e
x-chunk-cache-v1/chunks/data-000365572985.z	30677	6b9ce847a7e0d58e7fc348d79cfeb11b2ab5301ab4c1b49793c26b0f620181f5
x-chunk-cache-v1/chunks/data-000365669062.z	31748	2ffd3f325c54935247462aa72d9104c31adde8e0a9b4ce4a6381cf0cbebac017
x-chunk-cache-v1/chunks/data-000365765139.z	31281	61600d7546b47c7640eafb26da69dd2fb4a49a06b340c45e208754d6ffcc014e
x-chunk-cache-v1/chunks/data-000365861216.z	33612	f84552516d92d73f2ad1519c2bf62c3e5218458f63223de009d9c5789e83e923
x-chunk-cache-v1/chunks/data-000365957293.z	29712	8fdb86ed23d5e916886f5d08f365bc8b40d72a410d5168a748db2ec622f2fcd4
x-chunk-cache-v1/chunks/data-000366053370.z	33902	b4429821905af08f677e4e524c3198bf9268bed4c118dfed0f7d52c3ee66e3a7
x-chunk-cache-v1/chunks/data-000367974910.z	30065	b976c9aeb986cd2369324f437c62662db449158eac701bac7cca39cb3e526701
x-chunk-cache-v1/chunks/data-000368070987.z	30416	30f1e70195c3bb950b2c14751a43773587dd2f7796e25051dbcfe6738444ee88
x-chunk-cache-v1/chunks/data-000368167064.z	32172	f5a8a8288b9c383f91aeaca4fd20a89e7584fee5dca504e3db6b401bba4c81b0
x-chunk-cache-v1/chunks/data-000368263141.z	31836	3e8699467e17971d4dd26e60ebaa99b3a5e8411f77fea78cac5e3f24ae8f4d1e
x-chunk-cache-v1/chunks/data-000368359218.z	30669	161712dfa6d2542644e86899c314c697107050331781a67c1c247bb224875f1b
x-chunk-cache-v1/chunks/data-000368455295.z	28418	a763a86ac032d166ddb9772e96d3347e8478f116eaf86f1838b6206d493c6f5d
x-chunk-cache-v1/chunks/data-000368551372.z	32370	0ce81cbc25affa2a17150ea2c5f5763b864415017fc86a62836a1a83b6d0de6e
x-chunk-cache-v1/chunks/data-000368647449.z	30606	59e3c200ea84ae67c96429eedcb32bc07d3fce5b583a36c81c94d48dcccee411
x-chunk-cache-v1/chunks/data-000368743526.z	35634	d42b009732820d669dd0ed3878c8af372be84fa8684cd7552e05cfb23fe2d1d3
x-chunk-cache-v1/chunks/data-000368839603.z	35040	dcac72dc2e22958058528b6e94e0868ee5813dd1f9afd7d0e9b7f7c45446efd9
x-chunk-cache-v1/chunks/data-000368935680.z	34548	bff1b8199399614e5a641ccef1d78941e47c120f020ad828975e3d397d9d127b
x-chunk-cache-v1/chunks/data-000369031757.z	37134	bf4431268dbacacf757ed8a1f138b87413d1f0936527dda3f7130484cb57ab86
x-chunk-cache-v1/chunks/data-000369127834.z	31347	96b30134d04e531eb401356f293c1d1783602eef63c4e5c9d15357fcd3b7359c
x-chunk-cache-v1/chunks/data-000369223911.z	28471	650ddbd2dcb8d85e3794e0ee4e70d104eece2e374b80d856ca80634ad2133a26
x-chunk-cache-v1/chunks/data-000369319988.z	26987	2b05137d0f494578e5b76d2b53a67ead56d0ae67e084a6442d368fc907841d41
x-chunk-cache-v1/chunks/data-000369416065.z	28585	6013d6ce8276c208939fe6c189df85dfe162e4dc927a480d8f899865bd3d7150
x-chunk-cache-v1/chunks/data-000369512142.z	30673	b130afc8dc1fef247e014dd95af40630c534507ab5b75ef78e105bd980f65cd7
x-chunk-cache-v1/chunks/data-000369608219.z	31449	8114ba4de7101fa8e71fc7d308804d419b36029e2a969b8e23ef99dcac84a283
x-chunk-cache-v1/chunks/data-000369704296.z	35510	1f623eecacfc14a671d4d30ab7c296fe41cd843b3318d4f171372b17638b9d0d
x-chunk-cache-v1/chunks/data-000369800373.z	33538	e17f69d223c2ee399750fe9ea919da48b83919630ed5d0a399591c5b2c7b000d
x-chunk-cache-v1/chunks/data-000369896450.z	35007	5133bdd559106c70e7a13586a645dca2ef8f0b81e0da60c1789f5f0c6c0d3889
x-chunk-cache-v1/chunks/data-000369992527.z	28504	09da08f1a44c1ae5302290c71c9c750d9460c3c9ef45a5d2b1d8e4c66ba1ae21
x-chunk-cache-v1/chunks/data-000370088604.z	28166	26b90a210bb78f44c0fc8dba71b2e1fc7ca92f4519949cd09cd526775a8a17f6
x-chunk-cache-v1/chunks/data-000370280758.z	29215	cd4c089c4636e6e327e49444ef2749443b8bcb4a8893543f91586457755f8840
x-chunk-cache-v1/chunks/data-000370376835.z	30899	f66e78584d07a2821e6d0dacd2213e3b189643a5225fb642390621da2051ae6e
x-chunk-cache-v1/chunks/data-000370568989.z	31193	0f7599b97a37a35b762814c2da667e40c5d87c137b69f689646e2c88ee8c4fc6
x-chunk-cache-v1/chunks/data-000370953297.z	30793	f7d01f3418fe46c7680f397e3e80091f74c5f346ee8b527b46e25d9a7f014418
x-chunk-cache-v1/chunks/data-000371049374.z	28065	e5802150cf5070b7c69ce476f0b9072bd60800668d79f1a0ee6e6f6afa0e4967
x-chunk-cache-v1/chunks/data-000371145451.z	31068	c73f42b6879c5a98177cd3d8258d50b2c1c7d913b95e8ec56d8502a253a623db
x-chunk-cache-v1/chunks/data-000371241528.z	28321	3e2ec03f53e1b104e0560c1159019688378dd0ed9fb40463c0af8386823215f9
x-chunk-cache-v1/chunks/data-000371337605.z	31280	5d9d90ee728250a9b1de829e4012a89dbf555b9ddffec862faf741cbb8125fa7
x-chunk-cache-v1/chunks/data-000371433682.z	30649	a4f96741b6792055393ffafdce507e7ea8d01937b32cf66ee2e5bb7e36a53314
x-chunk-cache-v1/chunks/data-000371529759.z	30070	9cd5c21e91b9768fe870236974e94132edbe6864151e5f05a76983db1c65248e
x-chunk-cache-v1/chunks/data-000371625836.z	30949	4cec5d50364fc8e854f0f1bfcc5ca170d1d8315edfe477fedd8784d85b07b8f8
x-chunk-cache-v1/chunks/data-000371721913.z	29580	46555440e29ac17b9747fd6bc9d0dbed724bdbdc7918c3f632c07057d8639b7b
x-chunk-cache-v1/chunks/data-000371817990.z	33106	612450532b1a1ea7839e5a7bc0d9a68225956802e55c266a6a12c180b88fd542
x-chunk-cache-v1/chunks/data-000371914067.z	30612	f9ce7f63133ba04d58ec56d1b5b2c426934e03979860d4c189f8f641fc33fc28
x-chunk-cache-v1/chunks/data-000372010144.z	30223	167840ddc1a52befdf295af33b6ae21db787f43bc7ee0452a1c623b66d485354
x-chunk-cache-v1/chunks/data-000372106221.z	31695	1e48dd5393ef06d5253cb24542a723c5e852174b79ab4359119effdbd2c15047
x-chunk-cache-v1/chunks/data-000372202298.z	26944	606b4bf328b4f9d18e21348603dea9dad0febf72f48e584b301ad81c0e3cc7d3
x-chunk-cache-v1/chunks/data-000372298375.z	30369	cf5a24b090daca0a3d4c17c6e4f8743b663edb82a76946342c294affd0b3a5fd
x-chunk-cache-v1/chunks/data-000372394452.z	29157	0cab9eb20a980edf1a7ee9d8d1fb8ab0f9e89e7dfc9b3d7bc5645ef529bea238
x-chunk-cache-v1/chunks/data-000372490529.z	34800	673136c1a9890360e748c4bc3b2328d0a876d5d3282c030424f9f90bbf7d92c2
x-chunk-cache-v1/chunks/data-000372586606.z	34074	6786dc6328748033207eff35c5a98bccb8dac66805a2fcf1df9793efa20570bd
x-chunk-cache-v1/chunks/data-000372682683.z	34410	8296537eda576d5c2a79b2520ee9b8f3b28411d47d4be4546799f18a5c39d8f0
x-chunk-cache-v1/chunks/data-000372778760.z	35379	533f989f76a92b4b236d23a04315f1309a22640096016ffd149ef3953127dbe2
x-chunk-cache-v1/chunks/data-000373066991.z	35720	d5449b1d01ebdc54d3ac0d407b3f397f4386222599923a67a3e27d5bfd57d344
x-chunk-cache-v1/chunks/data-000373355222.z	31478	9d5b1f8f0ed051593bf341100163932504b7a574ee56c5c1bf11f57a2bb8e589
x-chunk-cache-v1/chunks/data-000373451299.z	31243	14ba4236f4ae9a56083121c89df24ca30f68eea0517ec4dac418e1d235d5ed65
x-chunk-cache-v1/chunks/data-000373547376.z	32940	c34d91c76a913b2f146582f619e4384e03f15abf80bd9c3c6592acb0de6d2229
x-chunk-cache-v1/chunks/data-000373643453.z	32932	8787c5628e32b4aa58e341dec1bee1160fde54fe12f9130bd8e2b7282b906759
x-chunk-cache-v1/chunks/data-000373739530.z	30912	ca6322d4cf9c8d68855be45aff1e2e3f94a32ee4e49acda6ac22a430c05c5096
x-chunk-cache-v1/chunks/data-000373835607.z	29722	4968a1766552d8ddbcc5a5ce9b4d27ba69e28ec7f9ca9ccc1d1346d24652cab7
x-chunk-cache-v1/chunks/data-000373931684.z	30891	f17a7b27375d427ceae7f93a1015bcd9c679f7982b306f0da8f35b861bce5776
x-chunk-cache-v1/chunks/data-000374027761.z	29945	974a5380df989236d526bd4c100a4255309633eae9fa616fc5314e23d6b5e29a
x-chunk-cache-v1/chunks/data-000374123838.z	29202	94aade3a1b9d172324894746328725acfba09ab16d20c9f0365a76d97cce0273
x-chunk-cache-v1/chunks/data-000374219915.z	31589	86d751f9f334fbff7d892ddf5befaa50783c176e015ac17156dcb5b2907afb4a
x-chunk-cache-v1/chunks/data-000374315992.z	32487	705c7961a5903cf3d2311eb369faeed728192889e6ddff05b60b046dd76209fe
x-chunk-cache-v1/chunks/data-000374412069.z	31732	14777b3ae7bf618fa5a18dcbaad96fb5d2b6455a4708b43d5288585df42995ce
x-chunk-cache-v1/chunks/data-000375276762.z	33536	d29906a484646f1af5949c347db67d26fe30a37d0784b4de84be5d1942964b2c
x-chunk-cache-v1/chunks/data-000375372839.z	35649	08981fc77b18f58c0efc0554e8e06e4878dde83233a94a3c40daa85463af9995
x-chunk-cache-v1/chunks/data-000375564993.z	38624	cd405050c6c87bccbd18ad1b56e20c148e48e98fc26c086ea2a7cc7b02792012
x-chunk-cache-v1/chunks/data-000376141455.z	36214	c4f7a443380c5f4672767a2a0ca6a9f0d101d252d416d42b300200f545e01591
x-chunk-cache-v1/chunks/data-000376237532.z	29442	3f0bfde14913fad4f7a80628f7852bc9759e57033dae8b5ccd2d9a1a68de0475
x-chunk-cache-v1/chunks/data-000376333609.z	31092	1dd7168c3c8c7bf7aacc5d8e0c5f481e6f22e8dee87fe1b905242ebe170f718a
x-chunk-cache-v1/chunks/data-000376429686.z	33312	970b735a04c58d1c5b90279b96a7a6e91fc4557fdf1bfa830cfb4739fdd24c43
x-chunk-cache-v1/chunks/data-000376525763.z	30388	aacd4e6bba3392ac40789b2a1e26f1da9c0fe35158f1ea414b34d3f1cdcb4910
x-chunk-cache-v1/chunks/data-000376621840.z	32296	ddc40abeafc2e10579864805ff63d0d8692f4448327e1783659d503499a6da02
x-chunk-cache-v1/chunks/data-000376717917.z	30578	862d480ec7df98dd7537427d08e9fc65f752f63f34315727404eeb44537a02ae
x-chunk-cache-v1/chunks/data-000376910071.z	35734	b2243b05541a3da1a04a54a972c35c051d1527fe99ce3c80b2987358d32820c2
x-chunk-cache-v1/chunks/data-000377006148.z	35690	32ebd4b92557db33ac5db3747e3e33676c142fbe3301e44399c873eacd42ebb6
x-chunk-cache-v1/chunks/data-000377102225.z	34399	514e5dd47bd4a4e1649ea17517dedba27725467da988232ae3f7416c8aa34ce5
x-chunk-cache-v1/chunks/data-000377198302.z	32140	06d6384c5f56cef6c970fe39c28c65329d361b92ec94a2cd92af92af80bd12bc
x-chunk-cache-v1/chunks/data-000377294379.z	31866	9563d6e3c98ffb80b857138e4f83ee9874a62a4a22ca9e2b8b52a73aaef61d67
x-chunk-cache-v1/chunks/data-000377390456.z	34172	8f2b2c67d5b7d978eecba2c850017cb52d0d2a254cb8bfc5f4886b637ea3154c
x-chunk-cache-v1/chunks/data-000377486533.z	38078	6a132b03e37a4363933c6a15697599ae5aa5d109bf57e263dc8e60eac0de5d25
x-chunk-cache-v1/chunks/data-000377870841.z	32022	3d2c35946997ef12b0ae13197b205610e663e6ee607541ba6e259d9fc0e4eb65
x-chunk-cache-v1/chunks/data-000378255149.z	33036	226dd2676827cf3693336599c762a9bc36659af48a8520186ed252175255b28f
x-chunk-cache-v1/chunks/data-000378351226.z	32748	7412b9656a56c54539152223c12bd6221d995c8c28f27b1ec6aedfb3b9ff6136
x-chunk-cache-v1/chunks/data-000378543380.z	36998	e1d5be78a18349164ae2a4ecbec4484b20b6924850b9ffe059136ac9ecc59d8d
x-chunk-cache-v1/chunks/data-000378639457.z	31011	4c41a87fed08109b0ee2400ae8838d570eb1f9145e666252a372ba90f0723db3
x-chunk-cache-v1/chunks/data-000378735534.z	31050	8ea56383ffe79e264cf4cd2a5c97f6fd6635c03715ef2ffaf9ce99014baa09a7
x-chunk-cache-v1/chunks/data-000378831611.z	36292	8e1ef364f7512c0c61bbbe5ca2aeace648591d1c7cbce7d2009144156fc54ee9
x-chunk-cache-v1/chunks/data-000379023765.z	32758	443fbfe454afcce6877b11e4d31c23aa5ea07c5f93e35807d03cac971f792a6b
x-chunk-cache-v1/chunks/data-000381137459.z	28625	098fe1379162bdf8ef9c5c75b0e936610b6ee2ef7eaec22da684a6debb401b5c
x-chunk-cache-v1/chunks/data-000381329613.z	30062	b0bd4b570579cc3d472be17dd7d2ca1f69ca7d130b9846b421e47be7f2680eda
x-chunk-cache-v1/chunks/data-000381809998.z	31455	0ec0e417f30ba508aca6d33b3b22ae74ee1eca313a1c94248e57191252cb7088
x-chunk-cache-v1/chunks/data-000381906075.z	35413	d563443e7d292112da468b0f6a6c6d2ce035e9c97d2b4eecf095d5eb79dcfaf6
x-chunk-cache-v1/chunks/data-000382002152.z	37796	ee773d4b2f350108147bb4365ad3eb43a641e2819714b107f3008f8ce53ceb02
x-chunk-cache-v1/chunks/data-000382866845.z	43345	238fdc0bf31bf6425fa480e85e5824d7ba6a3b7730b2346b0bde62208dad746d
x-chunk-cache-v1/chunks/data-000382962922.z	36474	9aa8a84d95965481aa059d0c7625b27fd8483f7e29b9f2c7f53dccdeeddbdd25
x-chunk-cache-v1/chunks/data-000383058999.z	40778	a2e30c832a1b29476f8788a45b9b84c47915579e0be82a93a608fa6f4a645e81
x-chunk-cache-v1/chunks/data-000383155076.z	39487	c3ebdd4329fde7a65fd5e58683e4dae8f0ddeaaf44269badd8c1ed22a26ca7a7
x-chunk-cache-v1/chunks/data-000383251153.z	44815	394bd8063c72923197423969eb56c6eec86789f1ed0c9460737236c66a7eedc8
x-chunk-cache-v1/chunks/data-000383347230.z	37839	12a9fafae72d9e825ff29e7c88b80553d191488a9b8de4939b27905dd79c8637
x-chunk-cache-v1/chunks/data-000383443307.z	36760	bcced89d1f5486064e90e410a183ea50050064e89e08e925faafa271d82e60ba
x-chunk-cache-v1/chunks/data-000384596231.z	34934	1b9daea6deaa0db1f6d666aa799e2c7e103241b26ff46ea22b3630203061cf8c
x-chunk-cache-v1/chunks/data-000397854857.z	40620	d50c64c579674d945bb6ee031fc5fa5a866904bf79b8b586ad00fb8c3955a1c7
x-chunk-cache-v1/chunks/data-000400256782.z	33342	74bf28959e44fce5ea22965c811fac05ab861250253c104755d382b43ce37b65
x-chunk-cache-v1/chunks/data-000400352859.z	36313	e9aae450efb76c1128412de23fadf6a0c163ea15233e8104271bebd10440911a
x-chunk-cache-v1/chunks/data-000400448936.z	34232	21d6f81bd9832fc9a1785afd89f7f4e7e5baa82661840f2f78a0dbad9247a9db
x-chunk-cache-v1/chunks/data-000400545013.z	35716	f8a44459665a9e21bcf50fd17f87a133ca5f6eb6ee0ac05622a6c71829e77c3a
x-chunk-cache-v1/chunks/data-000400641090.z	36918	d79a7d1d7e114102195c69e89571dd8478c8cd5e96d108ed2a84ceee6a8d199d
x-chunk-cache-v1/chunks/data-000401121475.z	30153	3758e87a000cab9faa51c018ca874503b1f5f7303a0bcae2fb04c0bb52db95c6
x-chunk-cache-v1/chunks/data-000401217552.z	31906	0a058460e738e24e70d42bc5ecc1d037d085d2abd3dba505dcabcc5bd59d7037
x-chunk-cache-v1/chunks/data-000401313629.z	30812	329f027558728ca58651cf6e262905ed3ab58fc7fa360ef18d7db2f6cdf241d0
x-chunk-cache-v1/chunks/data-000401409706.z	32743	972c40ed0c5e78cc98e1ec8bd9c00f5af327a58f039c3c455bf02642fa092bee
x-chunk-cache-v1/chunks/data-000401601860.z	30870	c26af84fb150bb6a0e1b49110272e2a0553c9293a683dcff4fd1629741855d22
x-chunk-cache-v1/chunks/data-000401697937.z	29981	028d7e4b4e7716f083ee26a1f0cd289c6ec9f96fa389d930597ff7d34aded61c
x-chunk-cache-v1/chunks/data-000401794014.z	30069	99bcf83fa60290305e9401dee976999993ae01bc06367719c7b0218fc85e5e5e
x-chunk-cache-v1/chunks/data-000401890091.z	31390	cc234913ba08367031027644b8fa1334719ba9133721a64d7500e1ffeffe68a3
x-chunk-cache-v1/chunks/data-000401986168.z	29187	4ceb8e52e18c14486da293b7b0230913c93555efcb88d28e4bc62ead9ba0d1c0
x-chunk-cache-v1/chunks/data-000402082245.z	28390	cdf425f33a60b633c66dfb7cb7b8ecdfb914bd2dcaa4102775d553795a880506
x-chunk-cache-v1/chunks/data-000402178322.z	31291	e1057e90177db3e9d740d0c8a5a7d09a3f8b844d2097d7993daf09f94083152f
x-chunk-cache-v1/chunks/data-000402274399.z	32333	ebc423f5686f44ea7b9a6fe7e5c82115da52af0513a0a56abc3f8c584d20203c
x-chunk-cache-v1/chunks/data-000466357758.z	37354	15a4ba3cd83f045da37e53e5760daf286fb2168992d5ddda5ef8eb1b83c13802
x-chunk-cache-v1/chunks/data-000476349766.z	33907	a74a79739ea56fe98a52a695c83edb76ebd2b41658d511b72d1dde03ab183bc9
x-chunk-cache-v1/chunks/data-000476541920.z	35170	6de85c06433737d240aaf61bc5b512f371920e11b0a15dd2bcb6934441146a99
x-chunk-cache-v1/chunks/data-000476734074.z	35722	792cf2bad34b80630fc3aac1a6d036ec7d735a5f2e37021db9cc3a97f6a48af0
x-chunk-cache-v1/chunks/data-000476830151.z	34567	66cb8ad0a9bcea900c7def75fbf280f8d5718c49603c6bd40b4d519d79f282b0
x-chunk-cache-v1/chunks/data-000479232076.z	45656	ed38622de9755153a7f92a647d94757d280c141d5a14a6304ec5d34da0771a45
x-chunk-cache-v1/chunks/data-000479424230.z	31730	b7b3520961ac38b64928b011b7d9ad9e022553cb2dacccf4aa17070b2fd07968
x-chunk-cache-v1/chunks/data-000479520307.z	33661	f3918ad5eeab894e22a55eaeb4ae1635842b812605f8bd213fba79cd699c6d60
x-chunk-cache-v1/chunks/data-000479616384.z	33884	76ac69d267cf9778c8d0828aeb3a1bb158e30689c0aaf370c5ef39f87ac1c8e5
x-chunk-cache-v1/chunks/data-000479712461.z	35706	614ee2b3cd1dcc048e1194df38d1020cb73d387c7fa1cab84772bc70958e5390
x-chunk-cache-v1/chunks/data-000479904615.z	32060	30e5888df4a33bde9b3faf502398de46379598452ac0003a2914111613ce05ac
x-chunk-cache-v1/chunks/data-000480000692.z	33344	4fe413c07946146884c4d90264d0e249f3e08cbc62f15a93d5f74570bc2c9c08
x-chunk-cache-v1/chunks/data-000480096769.z	32306	2bf1f34832289da271426bbdd7d9a399a6a5974d61160365c52fe0aedcd3cd8f
x-chunk-cache-v1/chunks/data-000480192846.z	34437	c529a6693daf95f49fbc746e1520f02f20801f717448c1c379c40aa9804ee9b1
x-chunk-cache-v1/chunks/data-000480288923.z	34497	bc9d4d50a4e4c9442cdd0f2bcd4f0c1c218a7d56cc65870a085c92de0b5bd0f6
x-chunk-cache-v1/chunks/data-000480385000.z	37838	7958d92632b52300c5015d821d4a99f9f0998b35b12626175785a792979a26f0
x-chunk-cache-v1/chunks/data-000480481077.z	37265	75202b0fb0b8cc9ad34eb0517b5d398930f1c00c1118682c234ba0db00c4d1be
x-chunk-cache-v1/chunks/data-000480577154.z	36386	f93a1a83a52cb74aedd90d99f63c2a15b3bdc9785441552351e4eb7488b527f8
x-chunk-cache-v1/chunks/data-000480673231.z	38666	4c5d12eb30cbeac0cecb8d0b9e3b565e27a2d8e75e58ce27857cc73f9666cda0
x-chunk-cache-v1/chunks/data-000480769308.z	37461	c57ba2fe061cc50dc89ecd991b2bcecc635b8b099ffe1d33d69b94228176beb7
x-chunk-cache-v1/chunks/data-000480865385.z	30835	935849c17ad1bd87a35e4082d187c7dfa46dde5ca78018ad4d9fb68d8612ef4a
x-chunk-cache-v1/chunks/data-000480961462.z	30007	aeaeec5bc659a7965ec40ad7ae0a0b7b40c0ecdb26c7251380e1d0b2623b81c3
x-chunk-cache-v1/chunks/data-000481153616.z	32689	03524182b28fb010e6bebca16b16256d8d8bda0aa57409fdfd865f7aa2cdc068
x-chunk-cache-v1/chunks/data-000481345770.z	30767	8e0e1a2c1cedcf0ff2c23edf7581ec12d25666767952898234c9ceb75ed38b4a
x-chunk-cache-v1/chunks/data-000481441847.z	35253	1865c49566aa12be36744b27c2ba60426f20ff0a16d679e344243b613f8883af
x-chunk-cache-v1/chunks/data-000481537924.z	32780	c1c6f61eca44c2f3d8eafce68a3f98d048e1e7ebf2946f49510562eb5d1ed65d
x-chunk-cache-v1/chunks/data-000481634001.z	34187	43e3b54cb97706518f6a4995899fe833b86c7c28601a86fb0260d124b32e67fb
x-chunk-cache-v1/chunks/data-000481730078.z	35803	ca820e5f9a86304614c703e0d2b53cb482c814622ecef8792bd38bcd0b632f81
x-chunk-cache-v1/chunks/data-000481826155.z	35767	b66b6839a4617ee2152ee420556afdbc334c27a713b36d57c654f6a2e5216085
x-chunk-cache-v1/chunks/data-000481922232.z	28773	1bb713d2aab6d076f03594612c892db7484641d617654989580c7088152bdfde
x-chunk-cache-v1/chunks/data-000482018309.z	28393	1ba94c3ee0efcc9968e0891c13fa8c7c93df8054ddde756a33790f165219f9ca
x-chunk-cache-v1/chunks/data-000482114386.z	28884	6a6863dc917d94ce3dd36b73232ada3e5a255a59d9b250313adb5845ed03728f
x-chunk-cache-v1/chunks/data-000482210463.z	29220	cfca14d17323f9c42971159a2fc436b9561e1e7c102b1b2688276b58a3da6d3d
x-chunk-cache-v1/chunks/data-000482306540.z	31298	9c3d0964945e20014a8547dc5c033a4432533ef83d57e3d80b8d79b15b63a169
x-chunk-cache-v1/chunks/data-000483075156.z	34284	45a7cb6e2158f0f73829a53bd5a2b9a899f6a399fb9e1832f611ac28bd0f6a63
x-chunk-cache-v1/chunks/data-000483171233.z	34544	8609a66c674d09068be7cfafa3b6fee81e37c6db6dae230d0e9f5621d4e6755a
x-chunk-cache-v1/chunks/data-000483267310.z	30372	4db6cb4c62b1ff14dc11e25b1de057fb5be6a2de43f4243e722d19769cabb4d3
x-chunk-cache-v1/chunks/data-000483363387.z	32046	f81d36d558db1fef5a5c3c302ac13d7bc1df6e2aa104e47d170cb8fd6d635c14
x-chunk-cache-v1/chunks/data-000483459464.z	31667	818e56169018b479ebb37406c1e6b11c3c124f5e0afbadbd3b49d37c61646c2b
x-chunk-cache-v1/chunks/data-000483555541.z	33492	bb2d65be88cb4960441b518b24fecaba80733204ff5a1d1008516b5251c8f439
x-chunk-cache-v1/chunks/data-000483651618.z	31231	686f7ecbb2f777d9dd29b5d1b1d4d1bdc9a231bb1342a97765c73fb17352c307
x-chunk-cache-v1/chunks/data-000483747695.z	31594	52e515451b3afbc1986f2005790338492f1873591f425dac77c3680ee8102f3a
x-chunk-cache-v1/chunks/data-000483939849.z	32684	dbf89f5e4651e0e82916a30e255cac1d465c4b808298acdb98d3ddaf66580927
x-chunk-cache-v1/chunks/data-000484035926.z	33290	18c6f1fb9ee1db0e59b061fd301f59103c1077888ac629f3296503e1ea862d7c
x-chunk-cache-v1/chunks/data-000484132003.z	30757	c0d96dd8385f026fcaac9c50213bb9b1193b0287d6217ff5e04546f5a0d6231b
x-chunk-cache-v1/chunks/data-000484228080.z	34399	1d3df158b666588c2418ab3944858ed60bc329bbb8a02be90456e238cbbffb56
x-chunk-cache-v1/chunks/data-000484324157.z	37129	51137d3bfd29a4196fabd1379319bf89ee0d8025400cb88defdf22720de4780c
x-chunk-cache-v1/chunks/data-000484420234.z	30322	e3154a0957508adfeb90f011253d376765e23c08da686e5143d4602d4b2c397c
x-chunk-cache-v1/chunks/data-000484516311.z	34951	06df8539ac0ccdc41b9cbc8f4e9f3d9ee71f7b01e88d8e9c6af841e13a5f041b
x-chunk-cache-v1/chunks/data-000484612388.z	35636	ad97af4e51f24e8e9a54c2664cff0d60c82cd464a38198cb007858026b4e7680
x-chunk-cache-v1/chunks/data-000484708465.z	34006	34eb6155eb96681d3f1411aaf15b8a77f8383ceb36b1e8067310903354ce922b
x-chunk-cache-v1/chunks/data-000484804542.z	31328	fae34fec758519f890c6b132fe428f36e6d6c85fea5d23c6333e17eb0121eabc
x-chunk-cache-v1/chunks/data-000484900619.z	30369	50246b7c14206750cec10f286af511345729fd6cc2e1885ead51656d51db6fac
x-chunk-cache-v1/chunks/data-000484996696.z	35222	cdac546e772493b8f7617c9f451ecd5e441ae9643604cf2c79c8acb63acf86ae
x-chunk-cache-v1/chunks/data-000485188850.z	36640	fc45a6f59c6b7289114277fd3259cedbae49d6a7fcfca510cd8b33cba4258f55
x-chunk-cache-v1/chunks/data-000485284927.z	37838	080bfba004d67c9ba7a87d592cf45c52345df7c9a483331ce6c0ab7b8b07f419
x-chunk-cache-v1/chunks/data-000485381004.z	37738	505ea5c782eaeb17eb1a446d2e9d21b354c263a0136c49606b739921a273f7dc
x-chunk-cache-v1/chunks/data-000485477081.z	37021	578d35b7a7d9a2c623649c63ecfe65d0eba956c2adaee5dd99781ea55c480fe6
x-chunk-cache-v1/chunks/data-000485765312.z	36395	369c0c94614dccbad50c65b04c317ccc853d9b8e22ef8d481d4b8bc6e2b731b5
x-chunk-cache-v1/chunks/data-000485861389.z	39849	6a836f09912a48eb25817bfc16312cd49eaebe2967692f9f6f9535076f55cdbb
x-chunk-cache-v1/chunks/data-000486245697.z	39624	ff30bd163a2a2481cb619ce5d2c89417c5f915af8fe1691a1be39c49034a40ca
x-chunk-cache-v1/chunks/data-000486341774.z	34498	c97cc9b363f5836d3da3d578b0f5c9cec1656f594395cf38ba6236db34742055
x-chunk-cache-v1/chunks/data-000486437851.z	34729	18f1dbec5095c92b12da2ddebd12873b38674711264dedb897d2a3ea47bbd27f
x-chunk-cache-v1/chunks/data-000486630005.z	36430	9579afc6e142ca0738575d832dd4c635b289cda6e8ce72748a59bd23ca2e4431
x-chunk-cache-v1/chunks/data-000486726082.z	35571	86280b7235889a6da97b2d81dac616e678f583a88ed0b1097f7744865d6c6b3d
x-chunk-cache-v1/chunks/data-000486822159.z	34914	c938d480aefd4baaf45e08550eade7311228293d6e23ec4c32afe197d134ceb4
x-chunk-cache-v1/chunks/data-000486918236.z	32170	96240dc9160a3e01f9b2a6f804a0b79a525322c71957a51dbea49e0a17e0d4ab
x-chunk-cache-v1/chunks/data-000487014313.z	36448	79b8c6ea554b4dfc1ba9bbbf44da085c8af58f39a836d73f043b04c9437ce99b
x-chunk-cache-v1/chunks/data-000487110390.z	37561	be1ac7ed4519dc0360d965e4429684303791211222339a8c364c8ac736c7b485
x-chunk-cache-v1/chunks/data-000487206467.z	31824	503141715f214ec76deb1048f3bb549b065961649beea82007c44d70ff96bab3
x-chunk-cache-v1/chunks/data-000487302544.z	34979	01de0632a7a2741994a28413e84bfa43e4d9282f573d884d72414f737aacf454
x-chunk-cache-v1/chunks/data-000487494698.z	33763	d8bbe1bcd9b5833d5532bfb68fe15ce3328e64797e10ea891be1799d8c86b46b
x-chunk-cache-v1/chunks/data-000489992700.z	34088	4c8786861388592ac575bcaa7c183dfe76931515ed933e4258f37ab0aebce5cf
x-chunk-cache-v1/chunks/data-000490088777.z	33536	67c3054d219a2822bbeebc5b1720825ee8aceaacb654bae4e3ba633db76f32d7
x-chunk-cache-v1/chunks/data-000490184854.z	33799	046f16dea4fd779a760ee832525435502583438787e352b51cdcf9c3589b0b61
x-chunk-cache-v1/chunks/data-000490377008.z	32021	90733d73e58d519ae3b87425252d9f1c47e0d3fe64e1a011475edd26b2b6135a
x-chunk-cache-v1/chunks/data-000490665239.z	36285	97e4448af09cbb3a2b45709c960d94f2c8ac6175f88d76f931c82d96afd26e1e
x-chunk-cache-v1/chunks/data-000490857393.z	37038	54df0703d04c2c1688f5e73e273165598df34d72638ee43b0da7c0ba74efbaba
x-chunk-cache-v1/chunks/data-000493067164.z	35385	743aeaa4173bf54a7d4c26dbe2f435073cf7208e86553f887a3a12c255b240ba
x-chunk-cache-v1/chunks/data-000493163241.z	36308	d5b451f5ddfb52b673e654787179ca1cdfccfbfa102b26b27a6273954b3b6f6d
x-chunk-cache-v1/chunks/data-000493259318.z	34448	a1d7e8b5f1a12c392ad04f2e8cbd926edfd31db5b74c246876fa2b7541f75e6b
x-chunk-cache-v1/chunks/data-000498639630.z	41681	559ad5937652fc63877a7b48199cdebedcba71c53fd840936acfa528eadb5428
x-chunk-cache-v1/chunks/data-000498831784.z	42293	f208e31845acbca2ff307faa95e20ae8d9b67a5533672000657eb886c3ced6b5
x-chunk-cache-v1/chunks/data-000498927861.z	42990	adb71612429555e8c0c8b48693c94111ef125fcae0ce4c1836ce3db74abcea10
x-chunk-cache-v1/chunks/data-000520064801.z	38127	afd52035638ff9b334b359be789255a973989ec00e5558dd6e7fb41701287540
x-chunk-cache-v1/chunks/data-000520160878.z	37016	a8120d887fd9edf91b360033986ddad9babb37fc8cfd7219ed8569df3b193a00
x-chunk-cache-v1/chunks/data-000520256955.z	37497	73cef4bae6b9733492186353e5cbd241a49c628bd41addfdf9e3b587cb066240
x-chunk-cache-v1/chunks/data-000520449109.z	36849	1d3107ed817cfac56b48b704bbc777b7c7cc17f9e27073424b5f50660a7ffe28
x-chunk-cache-v1/chunks/data-000520545186.z	37724	eff5b7a1837fcd150336f5bbf57ae057cf6bc38565908dea6aa6087685fadea3
x-chunk-cache-v1/chunks/data-000520641263.z	32187	8ff1b06526a67eff88d72ef5849643de542688b17d430d65b1750bf20a4bbd4f
x-chunk-cache-v1/chunks/data-000521121648.z	35275	551b1e502a81f447102f5bd2557d5804e3f6c8dd3e8549b2c67a2c52662bc1b1
x-chunk-cache-v1/chunks/data-000521217725.z	30891	ccf5d6511675325645aff797ccf34c35301a8260348904a115348491f4a6af33
x-chunk-cache-v1/chunks/data-000521313802.z	33188	14b147922855539dc2f1e7a6ae79ac4e120739ae5b32c7343eea391c26c0de75
x-chunk-cache-v1/chunks/data-000521409879.z	33873	9e4a48f31d99d599e1a736ed60477dfc41edabcaee7e7faecd8e8828091e69cb
x-chunk-cache-v1/chunks/data-000521505956.z	32801	8b9556e0d034edbecbf91b8a717bbdd1491236590809d94f336b47f804307b9c
x-chunk-cache-v1/chunks/data-000521698110.z	31282	0b5377e4388b07293aba07dca1ff9bd349d2ebb59b23d06c1f4c21b2748f9a38
x-chunk-cache-v1/chunks/data-000521794187.z	32578	e5571636ae3b73288058905985e16d49fec562a4a4bee02e87739b1bdf9ae42c
x-chunk-cache-v1/chunks/data-000522178495.z	33809	1c645638b18118cca3d38de0c36220d8f0392602d13b2ed28e07794edea5ca30
x-chunk-cache-v1/chunks/data-000522274572.z	32316	8143ebff20b207d800f36e953351bb6d59abea6333f41c196846cc7fbb4a9bc3
x-chunk-cache-v1/chunks/data-000522370649.z	33841	775324d3fe597eff4d6fc99c2e9200c75df0fab255b2ae7b2b725a3565fdad7b
x-chunk-cache-v1/chunks/data-000522466726.z	32547	13de0678e6260c937e5a43adda50e14a4e9fc2feb89578f5b18c813c7e208c5d
x-chunk-cache-v1/chunks/data-000522562803.z	37103	a216dcabd29fafca86ebebde0486dd70842ba9ce6d61202d9624245d1c86f150
x-chunk-cache-v1/chunks/data-000598751864.z	31660	739e849e48b5ccdcb4c31a1361b781e35d207168b612031f1918a9a332118e49
x-chunk-cache-v1/chunks/data-000599328326.z	31981	497d57b58e970d2ac866c35110c61e63463e4f414bcbeb849fe8926f6a3e4577
x-chunk-cache-v1/chunks/data-000601442020.z	31277	b6e59b06209e5f5be2bfeba55382eec9efdc7feb2b41fa10a9375b436315f8c4
x-chunk-cache-v1/chunks/data-000601538097.z	31503	bce59feea1c4b6202f514db26fe642d878f346609e25eceb804af6ddfd5a4501
x-chunk-cache-v1/chunks/data-000601634174.z	31489	d3aaa6da4efb3cc126450d2cab29254c3ac16fb78593587401a8e93a6b1af484
x-chunk-cache-v1/chunks/data-000601730251.z	33772	4c5da62d2a9d6fa31c63f27a9114cd6022d2283912bce4f843486f983c898a00
x-chunk-cache-v1/chunks/data-000601826328.z	33907	6803f395f1e97ba0c743ba44ed35dcc6bd9228f27c4c28203b3ee8907e53f24e
x-chunk-cache-v1/chunks/data-000602018482.z	35046	e957b0cafe2ad043f8b575c89df4decab6988a1505e0913d5d2913af180255e6
x-chunk-cache-v1/chunks/data-000602402790.z	33155	87f8638781ff5339637eba0e235205da42d1d7a001fbc238ab221568ec571353
x-chunk-cache-v1/chunks/data-000602498867.z	35252	0657963514f04651cce15e0723fe92d6c0126d14500034ff8b7bf53ee0967e42
x-chunk-cache-v1/chunks/data-000602594944.z	33640	cbc7e069e47153d0eb7677987d16a40686bfa5ef66cd1984130ae563201de29c
x-chunk-cache-v1/chunks/data-000602691021.z	40821	24a5b191a4578dbf52ecc1899c315a3b68572cc1d05c7d336deb111827040b03
x-chunk-cache-v1/chunks/data-000602787098.z	35458	c9efdf6c0c72134f17a3cd652f477e5645f73c0e77456d5b60a1302277457287
x-chunk-cache-v1/chunks/data-000602883175.z	39393	0f572b6209f30ab85e786895a9c7cbfd5aa5ba43a159176cbb27d4b0f6b1ea8f
x-chunk-cache-v1/chunks/data-000602979252.z	29049	6a5cb04a3b8d605fba0191dc49c8d50477d3fa9e899d3e558d2cc6812d68480c
x-chunk-cache-v1/chunks/data-000603075329.z	29295	76d9098ed21fac3a7c3468939a09a1890c83ff1222f4a9f3ebcbc17e9e76c93b
x-chunk-cache-v1/chunks/data-000603459637.z	32820	687202242476ee66e5ef5ea9c4ab2c171dc9488b90db7225d91b795da5f28455
x-chunk-cache-v1/chunks/data-000603555714.z	33362	e8093eded6eb2f40bad3f3347645228c39ae0ba274fb86e355008d12483d2e6b
x-chunk-cache-v1/chunks/data-000603651791.z	32982	91e802757d49aa38c7de3ad890fefef62c56ce7543eaaa7cc0dbf2cd55c4c5b8
x-chunk-cache-v1/chunks/data-000603747868.z	34700	f3b3067b8cf7179ab9f96b5b87b08ca3c06332d40985a3be9e131bb6bd8ab28f
x-chunk-cache-v1/chunks/data-000603843945.z	32204	671e02edd1b77ba6b00204f0ad3daf95ac20d5e3702ca15644f810ac1c21ee49
x-chunk-cache-v1/chunks/data-000603940022.z	27902	bdcf54d77fa739e6f2c080bbb81ba7311e9323e5eeb19d76b109761099e5e37d
x-chunk-cache-v1/chunks/data-000604036099.z	27930	6c8ac6d6a718711280e165350b318227c69ca1338b55e8f54750bebf56d91a25
x-chunk-cache-v1/chunks/data-000604132176.z	29087	dd3d9c0522edbe78784b6c2fe1208364f3b9b9172cf86d79931b93d73b0f2e29
x-chunk-cache-v1/chunks/data-000605092946.z	32744	af46664a2c59ad9dc84c7325143d193e8c600a57cf2417cf45a1edf14f0074cc
x-chunk-cache-v1/chunks/data-000605189023.z	30710	46a0d9dd51a78aa9d6cb8d1e1368c6acc0e2c9eae1e0af2d69be0f308c9b20bd
x-chunk-cache-v1/chunks/data-000605669408.z	32988	b2ed5422788f72a4f50661eb4c50e26c3be0866786e69ec24f5e31b0faf6af4b
x-chunk-cache-v1/chunks/data-000605861562.z	31132	5ac7ea2762313b01a8189544db98f3163422e90faefb5e6388a5472358d0cfa8
x-chunk-cache-v1/chunks/data-000606053716.z	33474	9c2c853136e013c63c14cb642fed597f4880f8dce0a49a8f4a4fde42638a28a0
x-chunk-cache-v1/chunks/data-000606149793.z	35246	49af8c47865a4368ec6d959117f4124a02480704c22fadd651b930f8df08a630
x-chunk-cache-v1/chunks/data-000606438024.z	33898	ceea0591c07ca92ccde0e6b08fc9032f1c8cbcc476c18a08d08c5c7e4729cca0
x-chunk-cache-v1/chunks/data-000606534101.z	34806	4d75f65f55f7d4bf0aa2fceedabb4da3704566a75dda56ea6d936dad56d180a9
x-chunk-cache-v1/chunks/data-000606726255.z	30511	f234b3a8f7402618d0f14b66ed0e49ca123c339b61b80b3915bf1b586e64e3b2
x-chunk-cache-v1/chunks/data-000606822332.z	32643	0b942f46e447a88861583f0ea5c4051dfc7ffd854276c4c6af3196dc94f11dfd
x-chunk-cache-v1/chunks/data-000606918409.z	29543	7ad5dc069dd51eac0ab21f79529d5ed87d59543563295b0c1746ca401c980332
x-chunk-cache-v1/chunks/data-000607110563.z	35646	bda3ae4e147b0f74fc7037e50f718369552b6d0c51d102d9c1b453a9897ae11b
x-chunk-cache-v1/chunks/data-000607206640.z	38097	a9df1153c1f805de0a6edb5f37a6c3434136dc29525a5d70e22ca59209bafefe
x-chunk-cache-v1/chunks/data-000608263487.z	34988	a790a1e2c2534527220a34950631bb7289c2aec13c48918ad57b0b56ea2b29f0
x-chunk-cache-v1/chunks/data-000608647795.z	36872	fa9af846caf236699acccc9336838b3da608aa6e08c0377d5cb20fda4ad09e4e
x-chunk-cache-v1/chunks/data-000608743872.z	31733	0854c890c8e16250a8c00649a7d10ce9127710d1542cee00f6225cc38bda678d
x-chunk-cache-v1/chunks/data-000608839949.z	34013	b7cb85a15d7203c0f22c9f8044b75448ef67769671eb74a0bda1b5d3a6b15573
x-chunk-cache-v1/chunks/data-000608936026.z	34058	09f2d5a7261c26863ee5b2d4c021b130f6e2c99bf5014c964f5ea4e3e545d2b8
x-chunk-cache-v1/chunks/data-000609032103.z	32487	1186ab8cb30b5270a2c14d421e622facd7bd9a74a37cddc843b33144e7e9c66d
x-chunk-cache-v1/chunks/data-000609224257.z	33630	96dfdeadaf4ec9be755b330fad5c52276ba78cc07f7c76dcfc418364542d28ce
x-chunk-cache-v1/chunks/data-000609416411.z	33376	29c4665d654e166e191d503fb7093b7f62b506e367a7f810616873eb94c04faf
x-chunk-cache-v1/chunks/data-000611626182.z	35074	c06c60cc2a0526d66988527974d073993e898c15953d6a71daa40b69185cd26c
x-chunk-cache-v1/chunks/data-000611722259.z	32458	010677f22a03bd8cf6cd8575fa732c6cf0dff6adb550d4f9b334d90dd74fe737
x-chunk-cache-v1/chunks/data-000612490875.z	35365	90b1c2f76433ab5600a610611f7e4cb4f3b14563eba282d0b67d08e100366eeb
x-chunk-cache-v1/chunks/data-000639968897.z	36238	1a6c2dd8ba671c4dd094cef854059a6f7b9efe8ec51678eafd5cd20531d00693
x-chunk-cache-v1/chunks/data-000640064974.z	35294	c1625238c1514e34cc4710a2be92c8e26c95a80805419faa9559dc0ad9b76b0e
x-chunk-cache-v1/chunks/data-000640161051.z	38719	ec46fc9d1b10dc7ec00d21324bcdbd6a8eeda177f0fd6a44a051c7b8e4653c53
x-chunk-cache-v1/chunks/data-000640929667.z	32843	96562b1352e3fa689142c4e9deed0e3647b62f3260caf2c08dbd0785a6efe574
x-chunk-cache-v1/chunks/data-000641025744.z	33317	1b219802e03a85fc309a0798e1dbbf1b00f14370abe5b7d759efca5eaf3f3cdf
x-chunk-cache-v1/chunks/data-000641121821.z	32627	8a5b9a3a8ca67ce17fdc73781829d5dd1f8d6776948424fd9f6df5a5580af576
x-chunk-cache-v1/chunks/data-000641217898.z	31331	713d744bbc7440b00a9dc4c027b7bf0c4866a8ff5b18a611567e9552c9efbe26
x-chunk-cache-v1/chunks/data-000641794360.z	33527	b8e8d0c2af851e77e31d81b3ecd75ff5281a679ae3b9908cdc6d024d1cd3d5eb
x-chunk-cache-v1/chunks/data-000641890437.z	31621	787e114306ba59a8745eeb77569e3af926e38eee87a1b8cc490d37b32fdf01d5
x-chunk-cache-v1/chunks/data-000641986514.z	32187	074fc2d2516cc8c95426d4bab1ff9dc496084c049a1d4b51393202492ecfb0ae
x-chunk-cache-v1/chunks/data-000642082591.z	32861	3edfcd69f4d5b1683d5250a29203e3ba1023b1de39260d8314d1a8a42750eb44
x-chunk-cache-v1/chunks/data-000642178668.z	33759	95eb8d5f0c5531fbf10709cc2a962d62ad13c55e63082a976f6e630966a8291c
x-chunk-cache-v1/chunks/data-000713275648.z	32696	e4def5a900fe56317bc428bea32db6b390f6ea4f4b86bfa2400a5642f36a911c
x-chunk-cache-v1/chunks/data-000716830497.z	32816	e20dcf0baa12081c7444cd3f586c787bf44a09b1378d093067d7ff3a279ef237
x-chunk-cache-v1/chunks/data-000716926574.z	34321	f1b63ae158f581cb1aeeb17d2ac0fde6ca6b1c5a472f2df764b75efa78cbdb38
x-chunk-cache-v1/chunks/data-000717022651.z	35537	f02ca64fc7a1c31497cae643fa46791863e2dff6fd849d86798f0aed230f899a
x-chunk-cache-v1/chunks/data-000717118728.z	37747	83bf8450758d855d4390e84a255d349ad7a32a1e6a5bb74b4968a7cfab3ac75c
x-chunk-cache-v1/chunks/data-000717214805.z	37816	e32099e735f81894cbf1cb5d1a57bd9b79702dccae95d4ddd1cb130c1be7c5dc
x-chunk-cache-v1/chunks/data-000718271652.z	27503	56ab53ec389395200b8bd89661bfbc027282cf8d12d1e22b4e4c184d5a8b9337
x-chunk-cache-v1/chunks/data-000718559883.z	27658	dbf66bb19d31778e41d5189aaaae19295a689f567df1fa803118a671757a553f
x-chunk-cache-v1/chunks/data-000720097115.z	31750	68f045fdcae0538324cc9768ff7ea3940c9d6ada63ac97b205b2fc6cc0bdcc2c
x-chunk-cache-v1/chunks/data-000720193192.z	31027	85718e0c812acc0b49308e9896ee79703a58d19c0dab0a705bfe80b13c40cf44
x-chunk-cache-v1/chunks/data-000720289269.z	34120	ce6d1aaf5c4d447303e6bccd6a20a4a8c301185327dc0b9895e8e46d848f4daa
x-chunk-cache-v1/chunks/data-000720673577.z	38227	5cb9a57412d309c90125f648a4b0ed45a733ae7472d82af631b7e2169e177a0c
x-chunk-cache-v1/chunks/data-000721153962.z	34176	b416c4c0bbaf91c7c35fcd2221f1baed4cee5add3e26ce812befa34dd6b02ea8
x-chunk-cache-v1/chunks/data-000721250039.z	35617	282ed4f5af880e89025e86f25672b2392dbbff3ca670f7317dae9163cffe8571
x-chunk-cache-v1/chunks/data-000722691194.z	31954	4eefc4041680c3dfff2cb7c6a0be845c8dbeda0853c1f1e4d081f39e2e683464
x-chunk-cache-v1/chunks/data-000723075502.z	30470	ecd13ef3f1972c90816da02debe2d3afbbb77427e88c4564bf83fc49e8ec5b0b
x-chunk-cache-v1/chunks/data-000723171579.z	31013	27ad956983b5f126db6c44bf5ec754c223eb2bff3e7c6ffdc38ca1a355723890
x-chunk-cache-v1/chunks/data-000726053889.z	34778	4245ecc56cee38fd84a5c6f32bd548616f8ae3b93a27f1ad8ac1ea93991f651a
x-chunk-cache-v1/chunks/data-000754204450.z	32871	7d2537239d28449899db5f7612159c7c3b5d4af49402d5fcab824e3ab8b8cead
x-chunk-cache-v1/chunks/data-000754300527.z	35696	a2e1064f34cb122a33e4573cc416b108aac63e8344c2498477fc42faa0c529cb
x-chunk-cache-v1/chunks/data-000823475967.z	25799	53c089b790291f6f615fd15fda8cd9af2cd9929637042db7a6a4497e3123893e
x-chunk-cache-v1/chunks/data-000824917122.z	32286	7302bbecbdb87583b1f30caa5a388e0e8881572665a0ff6f7286e76d9e4eb1ac
x-chunk-cache-v1/chunks/data-000825013199.z	30328	cb79e83e704d306857360d245fa5de83049328b1e102e9b09b81fe3a3abba995
x-chunk-cache-v1/chunks/data-000825205353.z	30402	1c2ee6b32091b8be963f3fb187fa4609fb8f5048caffcb933faf0d58fc7e5a2d
x-chunk-cache-v1/chunks/data-000825301430.z	31367	5d5be4c3c40a178884c5ab4d1ae9caf01c8a41bc2a63cfb285feb6cab68b65a6
x-chunk-cache-v1/chunks/data-000825781815.z	32805	cd6a881d9fbccbd96b32fab9bb382bb08b8fd258a95855cefb2304614a1be507
x-chunk-cache-v1/chunks/data-000825877892.z	36680	b686de03ff9ff629d961a6a0559dbc51a0f385cf81e1b5aeab4d2d8b64b35a85
x-chunk-cache-v1/chunks/data-000827222970.z	32145	ce9b38fed2a05a1f0cfaddb84b15dd006c461d3de46d3cef2b1fa0c31b56a8d4
x-chunk-cache-v1/chunks/data-000922435277.z	26073	303ef1e7c93dceaf454a65847e6e0991b627bdf349bd960aac5cb3975e28b71d
x-chunk-cache-v1/chunks/data-000922531354.z	28003	13e089117ffcfc0e66bbf62b550d48297b1a304aef6520da7547ba9426395967
x-chunk-cache-v1/chunks/data-000922627431.z	27658	f05009b30f5f42ad5329dcef592c876dba78d9ab9aa741f939a188119085895e
x-chunk-cache-v1/chunks/data-000922723508.z	31359	5a38db1266ecdf623bbd10bb80e19da95ea50353a4463959473bdcb5f3365baf
x-chunk-cache-v1/chunks/data-000924164663.z	34075	a51efa05aa4b55e9e7c45c2242fffa3c6a9c31a7df3743581d0bd3de68491cf2
x-chunk-cache-v1/chunks/data-000924260740.z	31553	2b3ef5f18a67986f6fac5f9a3c99aebdd464c6f149472c1b76a4735088b9b81e
x-chunk-cache-v1/chunks/data-000924356817.z	31920	8af5121f9199cd66733d0a430ee86f7d0c79ba38ed96ac1feb5f53331c6f5f8f
x-chunk-cache-v1/chunks/data-000925029356.z	33185	e9e596c1f6d9fa8ec0f5dd1cb12c237b17947dd1f78137d4dac6604e6977f5b4
x-chunk-cache-v1/chunks/data-000925125433.z	33571	622c6ac8d39d5693a507660a76fd538d1fa27da59daa5cb605c7566b23a5dc95
x-chunk-cache-v1/chunks/data-000926566588.z	33023	69b8dbd14b39d6a572099e7302f28bfa0620d57eaa61615251218c7bd558fbfc
x-chunk-cache-v1/chunks/data-000926758742.z	33053	16483cfe40cf58b75061b196007e9cfc4809887a1fd350f7324d68ca3368fa35
x-chunk-cache-v1/chunks/data-000926854819.z	32546	3a1a2fd0fd5eda5ce5549f2bb06cde578242a1b1db9e2850faa9aeda7f114641
x-chunk-cache-v1/chunks/data-001021298510.z	28717	ac2b5219a55f654a7f56de7d71ca68606c0d93dd70098f3e85bb3953343e6b2e
x-chunk-cache-v1/chunks/data-001021971049.z	34522	57589e2e31c48a15c3d604cdeb7c3a577766cd296c60f2e72654cfaa46f38fd9
x-chunk-cache-v1/chunks/data-001108920734.z	25507	3bf4273850cec59f3461cf85d6a2b88879dd587032d1a172287d15cdc9b1557d
x-chunk-cache-v1/chunks/data-001110361889.z	29226	97388f94849c5b5aafe2e0d43a64143c78d0d7885bec2338bc1c84b20e226922
x-chunk-cache-v1/chunks/data-001110457966.z	29431	3556301c465fa25ba59afad2cfd4563a1a80d80832d12911526aa77388cb9c59
x-chunk-cache-v1/chunks/data-001111130505.z	32429	f049c9816a8eb94119ce5879f43a4fbdd0ddb2eb4e1accc9aefb992d58e80f03
x-chunk-cache-v1/chunks/data-001191354800.z	28238	4358b4d12227de7c78aa4796ff25ceb4a4e65f699f1d5c6d032b85289408766d
x-chunk-cache-v1/chunks/data-001191450877.z	31958	aa6d303471838ef0548719d771f78bd1c18d45f2f6ed667496916fe3b6870ebe
x-chunk-cache-v1/chunks/data-001274173174.z	33777	c67609373d5f5aa473b71eb73911619718ecdf2874e52e890fd5649fea291d95
x-chunk-cache-v1/chunks/data-001274941790.z	31710	03b2eaf0ad91bc09066b43ba6e322efc7b9cf4cace61c72e9e8797a7e13651e3
x-chunk-cache-v1/chunks/data-001368424711.z	31210	3eef7fe8319ecd891868fc9634f9987e0643bbae1bc4e30f530e744659799429
x-chunk-cache-v1/chunks/data-001369097250.z	35145	bfac5e3f657dbaf7f0a843ac3a3f919899853fddbdb6f98e51ad681ae7709c4e
x-chunk-cache-v1/chunks/data-001369193327.z	39255	248c898e4da83be5fdd5821cd16e23ffd387bda8a86fc4fe95ff6eab714d9d71
x-chunk-cache-v1/chunks/data-001464117403.z	33312	a9fdee635f7a3397e43542e03c7aa9283ea6249f750ea2e1c7774ac1a9078a7c
x-chunk-cache-v1/chunks/data-001464213480.z	35537	9e755a027a6871c638474114abd43e47d39431acb0e6d4d18398b5b9e2aaab4b
x-chunk-cache-v1/chunks/data-001558945402.z	33514	7c3348ab58ba6f7c76e6350fa9094f078961b868c38fbfa9cc48efeefe96df4d
x-chunk-cache-v1/chunks/data-001651179322.z	30865	c381e808811beca8ba4a309c7ca5ec9b2058476b83687a9666dffb3c55abdc8e
x-chunk-cache-v1/chunks/data-001651947938.z	36049	9db5133cb30ec12dba0876b988dbf65694b287105e48ccb62f0c175a11aac783
x-chunk-cache-v1/chunks/data-001750138632.z	35634	134c9f3f0691d98a9369afad950558c7ae586efcf5541f833db5cd2bb2ada902
x-chunk-cache-v1/chunks/data-001948345483.z	35965	bb1ec58f72404d6369596d98d00acc0fbb8230aff5b3ed516bf1ab1b7a7233a3
x-chunk-cache-v1/chunks/data-002054510568.z	35418	1939005780b8a94a753de43fbde67ce951be2db5fb74557493bc3ffd7e94c87e
x-chunk-cache-v1/chunks/data-002352061037.z	34637	afb81d4212acfb6df5833cd0bd59c6d506101f697955eff101210c1f3414f5c7
x-chunk-cache-v1/chunks/indices-000000000000.z	178291	9129a74ca05602a02599d06739a5ebecce70ca7e78f9c1a19bd0c56217f76f99
x-chunk-cache-v1/chunks/indices-000000096077.z	176815	d6ce6770eb979c1e243096f72e589e6dc715de9be73559893fb58427dcaec0b7
x-chunk-cache-v1/chunks/indices-000000192154.z	179083	cac28b2aa53c364a84b6e75a11004e36650186fa636c4811b8a4d653a64bc9ba
x-chunk-cache-v1/chunks/indices-000000288231.z	178633	0bf8a8e11ec7d28e5011431dc79adaa4a4163bdfefc5419510d58f49f8cd047d
x-chunk-cache-v1/chunks/indices-000000384308.z	178749	7f2c5dfa7505b4312802bd7cbe4c51e95fece19f330d4600c58881dd5671d79e
x-chunk-cache-v1/chunks/indices-000000480385.z	178012	628d854239de1418d9ebe2565b717d3da1d5d674a298c9eeef95393b77749a04
x-chunk-cache-v1/chunks/indices-000000576462.z	177241	06d06af5ead07f65474c5dc0be40c4259853e672a26e4c96060723e4ded87fc4
x-chunk-cache-v1/chunks/indices-000000672539.z	175547	d84ba02a5611e4af30de42e3e583ecfdcf94ebb8098a18a99f46aa9290d931bf
x-chunk-cache-v1/chunks/indices-000000768616.z	177315	0ddcef51d31174b3a0d5831df7e6dbbb7f68ce3acc73d334fca9299171ccd5ee
x-chunk-cache-v1/chunks/indices-000000864693.z	173484	209ad1f0699e36d14ffa6e3ab6dd345e31daffe8882352a60b2ae262b8d59f34
x-chunk-cache-v1/chunks/indices-000000960770.z	178586	f54c580cc2f140f0e7afdd5d9f768842f73f271c71df9f4ed90262b475c21c8e
x-chunk-cache-v1/chunks/indices-000001056847.z	176901	04c0ad9b928bc6fd9e4aff052d8f105ea8ac14daa48b893e82ea5550f420d835
x-chunk-cache-v1/chunks/indices-000001152924.z	173731	062e807763ff4bdb271f9cf35ad4c6e672dc3a95931e633d5974f23cb3ba17ae
x-chunk-cache-v1/chunks/indices-000001249001.z	176416	8eddf4ea29e154fc90a73105cd7287037de11ac13779e42cdb8ad97f104187fb
x-chunk-cache-v1/chunks/indices-000001345078.z	176165	71149a9ff9960b0b02edc8f523edb9fda24bee585eddea226683803f6452f5b3
x-chunk-cache-v1/chunks/indices-000001441155.z	180259	2d072fc8e4e10724bae44c13439ee5c39d26f791e17e4b0e86f2c3d84c1f7da0
x-chunk-cache-v1/chunks/indices-000001537232.z	178192	8175a8c9282da482e293a6fd3ef6dbffdeb30799e46db34e67deb49b65384a68
x-chunk-cache-v1/chunks/indices-000001633309.z	176663	4d0b9fcd16814fd226ecbfeb64e5c9f685247e8ce1167277a15ddc0512f471bf
x-chunk-cache-v1/chunks/indices-000001729386.z	177940	402dae52cc9bc12be660338d4dcdd2aff92a34976b90275a051b990aeff4c2bc
x-chunk-cache-v1/chunks/indices-000001825463.z	177573	d91ff4c164c55ba285386e92b80a315dbf993f0f0fcb0791b11449cfbacdfe0f
x-chunk-cache-v1/chunks/indices-000001921540.z	178203	af994f63fa8eb0a17c67687540e76fc6efbb2543cfe1003d038bf2ccc01e57a0
x-chunk-cache-v1/chunks/indices-000002017617.z	178594	ed853461a75ee2ea608ed8864fe8fd088072a0524a41ddb8210c9377bdcbe423
x-chunk-cache-v1/chunks/indices-000002113694.z	177569	b731ea4dc2935ac4ec409bcc855ed5a45e7fccca855e0007e4246f41488e2bed
x-chunk-cache-v1/chunks/indices-000002209771.z	178127	8cb3e5912dac9d089e006ad942b9213ca878db5dd9cfae57eeb962c3fedc9722
x-chunk-cache-v1/chunks/indices-000002305848.z	177387	b3596b63eaf5f7457847e148385df3901e77815f4e29d350e426c44b250014e2
x-chunk-cache-v1/chunks/indices-000002401925.z	178381	90c6a38a6fc4f5f7aad33ece2e746e6ec7f134faa790e506f068af4ab0bea84f
x-chunk-cache-v1/chunks/indices-000002498002.z	176773	099a6e719bb3478d3e23f5642e6be52ba3bb11b7fc8b972110a8c242bc3b4b61
x-chunk-cache-v1/chunks/indices-000002594079.z	176688	13b92397e7d23a5adb7c819bf95ee344cd850b2667f9f3555a05e7f2dd4ab23f
x-chunk-cache-v1/chunks/indices-000002690156.z	176762	518e6f53f1a2301cb8f1a9eb587df35b42f078a323736550c17d964c95ac3232
x-chunk-cache-v1/chunks/indices-000002786233.z	177991	a00843b291667355f457f25de7688ce61acc8f709557380b1c4e455f0e9b9314
x-chunk-cache-v1/chunks/indices-000002882310.z	174986	c61129a6b50fbd4637912fe4f31d027891d51c912f346a55a57e94b36419d3cd
x-chunk-cache-v1/chunks/indices-000002978387.z	173447	8b08c58f5ed6a043ba6acca3256ff8aa430768dee2cda0f5203d28be5a796372
x-chunk-cache-v1/chunks/indices-000003074464.z	178398	7a696c272193ce3da949261165c3907301870be5f975a9d866e40a45a62b9582
x-chunk-cache-v1/chunks/indices-000003170541.z	175692	64978d93663feedc8c7fe5d0cd12996db9f056f69d7095669d43883a5e9ade63
x-chunk-cache-v1/chunks/indices-000003266618.z	177571	1bda9195574173ff9b7361856fd0674c463ef39c5e4f9678757a352238783a02
x-chunk-cache-v1/chunks/indices-000003362695.z	176572	c4d01002f43cd31714178210258d0bce44ed7916abd18b148c59ef2ad6d457e5
x-chunk-cache-v1/chunks/indices-000003458772.z	177128	80fb34089a2c8c017bf293deb704f49ad4eebd0c4138569112c5c28dfa5d5836
x-chunk-cache-v1/chunks/indices-000003554849.z	175547	b27ed1939e9feefa542615a6118f698b9a327c7d2939ae5a0b7a18855932c575
x-chunk-cache-v1/chunks/indices-000003650926.z	177380	d93b19ad0a87a1f4a058e08ae180df989b8db6dae30fd49bd4b5455bdbeb2f6b
x-chunk-cache-v1/chunks/indices-000003747003.z	178298	29d98c79bd928e001b3683d024d14203cadc424fa6931395d48837a3e1efd7b6
x-chunk-cache-v1/chunks/indices-000003843080.z	177933	9fdde78fb016c7e6122efa8642355aa496bfa490b1cfe0f1254538a137fce732
x-chunk-cache-v1/chunks/indices-000003939157.z	175575	e8839e2734810202353af0f034c03f19f1a1d93eda27ec1eccad712b65d8b3c9
x-chunk-cache-v1/chunks/indices-000004035234.z	177555	91d39d2809857009d73d7a293e064572fd346e0f9aa07998e8851a47b3ebe0c4
x-chunk-cache-v1/chunks/indices-000004131311.z	177028	b2bcf826243da44d8717d0d0abc91e4ad5a7279a938aa4e4ce17779a104989a6
x-chunk-cache-v1/chunks/indices-000004227388.z	173563	79192a02a73c1c11a376ecc7cec1d8de78eef08167845d70957b70955c58b913
x-chunk-cache-v1/chunks/indices-000004323465.z	176235	4bb343aba179a56c414bff22f09aa5fbf17658af3abf576a427df2a7e1e2286c
x-chunk-cache-v1/chunks/indices-000004419542.z	174625	d3ac14a831b0ebd990a4c6bf9a24d4426cd8687c86e0a9c564a1df3f5e48c84f
x-chunk-cache-v1/chunks/indices-000004515619.z	176770	ed3d8e55ea7ab3e5a11c7b6f7133bfaed1730ab407d3b7c3faec0a2b4f35f838
x-chunk-cache-v1/chunks/indices-000004611696.z	174171	24c7f3a7d2ec2484397c6d9e59018e00476b00d7aac03f65c3db61a2c3b8eb8f
x-chunk-cache-v1/chunks/indices-000004707773.z	174423	2f63a527df9bea5c8afb00f4ddf5b42b2413a6a66ad3c2784fbc00aee1017faf
x-chunk-cache-v1/chunks/indices-000004803850.z	176144	676dcc84ae1b3955753e709ee202f7b0aed5bb7dcd419f7cf84151a093c9fa37
x-chunk-cache-v1/chunks/indices-000004899927.z	178042	79cd64b44ed055d43ded984e62e7c063b233d84bb5a2662c2e208421a3edee32
x-chunk-cache-v1/chunks/indices-000004996004.z	174579	823c37f7169f40160b3a74e69a3f446368c21b3aaba90deddffc9d5077eb262a
x-chunk-cache-v1/chunks/indices-000005092081.z	174413	8e7194940a21021dba3b87bde9ce502e4e54bf07d5d731f9c16311fce661bdc4
x-chunk-cache-v1/chunks/indices-000005188158.z	175106	89a1e1efb627cb6b5d5b11c8ab5a1fe289e105d7d8ac2f15690dda765fcfd7dd
x-chunk-cache-v1/chunks/indices-000005284235.z	177075	444401b5e08fcfb40eb9bf3908b598b8c4d5e5c79c80099014b0517c886f77f4
x-chunk-cache-v1/chunks/indices-000005380312.z	176015	fc0195dc2f729ddcf02f6baf83e675799a30da527f12a19754994e63d7b1f06f
x-chunk-cache-v1/chunks/indices-000005476389.z	177390	f55ed534c5a9b61d992db8ee2aac4e0b0a9bbbab830b75ba6d0afebdb1dc18eb
x-chunk-cache-v1/chunks/indices-000005572466.z	177824	f030bc80f3ebd1c28157b45945eb504118c9aadd8b96845142893f3ffb24498a
x-chunk-cache-v1/chunks/indices-000005668543.z	176768	891adf33faa5d3231e79e54664d0d7c94aab9c11e9f68178a1c23695b782dae5
x-chunk-cache-v1/chunks/indices-000005764620.z	176970	20df30cbb5ec2dde5b9a77322c025efb29a5f56905e385efdbcf68ef1de07950
x-chunk-cache-v1/chunks/indices-000005860697.z	175752	abd2bbd4f571714531764187d76066b8a98e336f0616db3b2337939192703d42
x-chunk-cache-v1/chunks/indices-000005956774.z	176606	f91a611604f4884cb705a70c33dec154c971c337fa67e7ea7215f26c7495835e
x-chunk-cache-v1/chunks/indices-000006052851.z	172756	2110e4c7a2caf5fe894afef4d355d35700b8a81f7429ad97a5e9d3ef7cce02b0
x-chunk-cache-v1/chunks/indices-000006148928.z	174445	77829b291acd031b2d7b186df878434e942fc81e7cf51c83729a8859a6dc949b
x-chunk-cache-v1/chunks/indices-000006245005.z	176477	3e8c96c6092894a778e00976b26746117c7428132d3dff9db3abf2941dd980cc
x-chunk-cache-v1/chunks/indices-000006341082.z	173556	951889d34445e3e8db8ea29ec27afcfe8a8661251da7b62d7c25ef712bcfcb95
x-chunk-cache-v1/chunks/indices-000006437159.z	177263	693f54e09eb6a7dbdc8983b870daf64f8e0bf98f044079d301fe2fccc716e169
x-chunk-cache-v1/chunks/indices-000006533236.z	172710	9777b53cb2a93c2b4f2701180bb65e27feb9512fc5ca11dd6ec808cdc59beffb
x-chunk-cache-v1/chunks/indices-000006629313.z	174658	be1589a492f91fe175b7e917f82d2adc96fe1d33b74dcb46207aed7dae69d151
x-chunk-cache-v1/chunks/indices-000006725390.z	174643	7e3123b8279772499a2c8d7c2f96358ec60ebd723eef896c0da262612b5e5cc5
x-chunk-cache-v1/chunks/indices-000006821467.z	175212	98dd4857d96e75892050830156045f0b60d9a302efb92848e523c076561a4269
x-chunk-cache-v1/chunks/indices-000006917544.z	175799	26502f834d9c3f8af3f655bb2cb3aaa2dd245d8a137a45055485684c8372eba0
x-chunk-cache-v1/chunks/indices-000007013621.z	174068	8c6fa69dd73a526746d923cad0036d6e2952e6719cbaaa6a32ff906155284749
x-chunk-cache-v1/chunks/indices-000007109698.z	175322	d4716f9e1221e6915ca322088dbc489b5d679b619305819d338c02dcbb8eba7c
x-chunk-cache-v1/chunks/indices-000007205775.z	173429	79934f5e4ca0d61cf9282136c20979017c51f485a3467b4ad03a5ccfdae3bb4f
x-chunk-cache-v1/chunks/indices-000007301852.z	177248	ee35cb7f4163f442f9f8eb61e4b6f8c75ee9ae84a76baea970ddacf3c6722412
x-chunk-cache-v1/chunks/indices-000007397929.z	175897	8dc8b7a7bd09c0908db514c8b903f7d4974039909d2616adf4c942c00e4b78c8
x-chunk-cache-v1/chunks/indices-000007494006.z	174277	416e11c203ddf555f60d1747c562512373fa4c06516dbb5e542aadb74a766bac
x-chunk-cache-v1/chunks/indices-000007590083.z	175886	0bd76a5c9a6808d3cd6b111da2c57832751021569c0848618a482235f36795ed
x-chunk-cache-v1/chunks/indices-000007686160.z	175838	0f0c7ae0bac85a84655623628f30854825802c98c24be2db09952fac52a418c6
x-chunk-cache-v1/chunks/indices-000007782237.z	172222	bdb58eae7031fff48e39ca4c62d5187c0a55fe4f2f78c578f91d69aea049cc0d
x-chunk-cache-v1/chunks/indices-000007878314.z	175152	a6538617236acb361579abfb3e48336d29f674ea728019af7d72d232e8c07ae2
x-chunk-cache-v1/chunks/indices-000007974391.z	176965	b2c0935a36adc0a746b499a8019e467f0e9890bf0e9b4e3e79228fcea5c7de54
x-chunk-cache-v1/chunks/indices-000008070468.z	173956	c874e3903e6fe5ff2b042d5366fb52cea3a45bbbbb2e7d94ee4b70c97e8cc79c
x-chunk-cache-v1/chunks/indices-000008166545.z	174618	c431425d0158d6cec770f9ecdef485d58b71678482283767b7a80ee847bb9410
x-chunk-cache-v1/chunks/indices-000008262622.z	176065	484f6b31ac73393e594f7bb66126d0a22b334890b112f11d0260bc70119f6e14
x-chunk-cache-v1/chunks/indices-000008358699.z	177291	d346cd39bbcca274a9fd871860aeffefa0578d9072cc4c4f5f24f13977f46b45
x-chunk-cache-v1/chunks/indices-000008454776.z	174392	51912df86e8c90afd076eaf6fe523b049ed88c517bf5a7ed19616248bf4afe15
x-chunk-cache-v1/chunks/indices-000008550853.z	174477	2697f6e3e591668c5af326d86fcecac394c54f06b8d8b27e88c6676921a7c3f2
x-chunk-cache-v1/chunks/indices-000008646930.z	171648	748b5ea3ee92a9e76012a4322e7da5379f3270aac44eb5d40c62781dcf8b801a
x-chunk-cache-v1/chunks/indices-000008743007.z	172269	4d7b54407e1f3503ec820ebe9c8cfa8e95755b37f269f33c101ae792c4087f94
x-chunk-cache-v1/chunks/indices-000008839084.z	170390	1029af9995e377940677616992dadbb41741735fbb26ceb96b1e1457dae55cca
x-chunk-cache-v1/chunks/indices-000008935161.z	169841	e7042bfbfd0a2e9168f9919bf20929baa23fff6dc00ca1ab2b72e440142bb530
x-chunk-cache-v1/chunks/indices-000009031238.z	173419	f58e4cdb31793a967e2ff11f5c1a2d90eb94b6343c74ca825c1c83aeb2e3738c
x-chunk-cache-v1/chunks/indices-000009127315.z	172487	658b7defd326b8bc27b0f13bb36776a4cd6ac814dda527868cc7f4ac707a02fc
x-chunk-cache-v1/chunks/indices-000009223392.z	174087	ac9354c8a3a639bdfd6b74459e9b52ca0dd081b627834d13ba1db4834fbf8e7f
x-chunk-cache-v1/chunks/indices-000009319469.z	172665	6da2a1f79e9559525f32b359aecbf8a9d2d90d1899614bba63bbdab982b75f87
x-chunk-cache-v1/chunks/indices-000009415546.z	169093	df354908711a552095816c5810b7b0c5bc35d88f30515e7bbe6818776a1709c9
x-chunk-cache-v1/chunks/indices-000009511623.z	173079	bfd3fd1945d002661773f0d0dcebc77928d419aa39411fa5b8d95c3351ef3bab
x-chunk-cache-v1/chunks/indices-000009607700.z	168143	ffc230a69c8a864e130991a9687eb8f99ca7b087076388ad88d92f88e0dc7179
x-chunk-cache-v1/chunks/indices-000009703777.z	169354	a8a1245b92b3d27ea2c4ecd803f92efa83aefc6bde02f0412bbdb68195df3eb1
x-chunk-cache-v1/chunks/indices-000009799854.z	171872	2d7415ad9616676c583e0d43342c404a0d8e78c072bc0b3c89bc8530c18a0008
x-chunk-cache-v1/chunks/indices-000009895931.z	171663	df759a163ce8234680c3da244e19f34e854f4f8edea8211b67798f8fc74cc811
x-chunk-cache-v1/chunks/indices-000009992008.z	172101	0b73aa9d8cc17ffab24c69a955388848237416839173002be669f661844b4415
x-chunk-cache-v1/chunks/indices-000010088085.z	171792	fb933d20d137321d7607815e0ae5d36306e35e406fc47a7df8a1b4075513964c
x-chunk-cache-v1/chunks/indices-000010184162.z	174943	2edaebaf46f3f37eab29fbd902a66f6a7507c524e2c146ab3ac59f5790da10fa
x-chunk-cache-v1/chunks/indices-000010280239.z	174361	8493b3c1754ec523c78d2917161d6187641751cf526d4d41c6a18ccaf88ea84c
x-chunk-cache-v1/chunks/indices-000010376316.z	172058	87cfdfe90c0ad71eecca919251a9f2cd0539b310459e670173ee267b375afde5
x-chunk-cache-v1/chunks/indices-000010472393.z	175840	83b42fcc1001be0491885e8ce11ad87f431f1614505fcef9ad70a59e8c1173ef
x-chunk-cache-v1/chunks/indices-000010568470.z	174835	1970fe3b0fb23fa31aa6df2f18d140e1607d187fdd7599b9482ca01fa269ae21
x-chunk-cache-v1/chunks/indices-000010664547.z	173336	af91c65dcd73ea985e6bbfeb5bacc3af81f8e4767a360b8d10007bffb2649aea
x-chunk-cache-v1/chunks/indices-000010760624.z	173956	dbe449161826850b78c247d52663877ac4eea2dd5de0e5b95a549f54c258fe64
x-chunk-cache-v1/chunks/indices-000010856701.z	177292	e4a4d8f38ca6bc31b06f10db023521b75d12dd7b8e5a8e3fb00587bbee11a5e4
x-chunk-cache-v1/chunks/indices-000010952778.z	175596	1bff23d99b013c59f70f45bfb45c381584d5359053716ab2737bbb228e3ff63f
x-chunk-cache-v1/chunks/indices-000011048855.z	171847	1045c8c43aa307de60236e1020a62b3b53a4a9aea0cd3719dce09340427c32f6
x-chunk-cache-v1/chunks/indices-000011144932.z	175689	73e52f23d8c97bbc914e861eba1086b0aca4e80761d07e90e6de8fc658c05725
x-chunk-cache-v1/chunks/indices-000011241009.z	175052	615fa3b4ad3d45cb5a314984acdbe5047559ef865985923fcc3a49707d5a91f9
x-chunk-cache-v1/chunks/indices-000011337086.z	174555	9bb419b8c5a89b3628e651242a8544ecbe707fb481d7d5fecac560d4ca549711
x-chunk-cache-v1/chunks/indices-000011433163.z	171579	7127a3ed1ba96327b591894e174e1cb564764c74971b22fd3661b5f96cc1cfdb
x-chunk-cache-v1/chunks/indices-000011529240.z	172213	82ca9755bb0075903a9bbef2e231ad2ac58a85d31df3de35c4a38ee5ebed25e4
x-chunk-cache-v1/chunks/indices-000011625317.z	170953	b6c5518ac3f793880bd72e17abeced8a5195226177043ff48df3f3d6d17f7d7a
x-chunk-cache-v1/chunks/indices-000011721394.z	172154	6f066af970b306a2f87588c6c42b7e35a7047431b4578fad6054034c7c3484e4
x-chunk-cache-v1/chunks/indices-000011817471.z	174065	ea31cd816384deb151d0544ecd0885bd8b1cc6e8a530a0f4db7d4750967e72b8
x-chunk-cache-v1/chunks/indices-000011913548.z	171155	66aff9f1f957ffc9a596818ab1dd8cbd8bfa09a9469af7310e6eaa1ebf584e8f
x-chunk-cache-v1/chunks/indices-000012009625.z	171693	98039fa99e9cadf01bf76fe2ad8ca359452baae5830afdb26c84bdd6cc765e90
x-chunk-cache-v1/chunks/indices-000012105702.z	166698	132341d0ff36fdc8fdf8d0bec200069e9a3b96afeca11a321f3fabfcb31c251d
x-chunk-cache-v1/chunks/indices-000012201779.z	173360	3919d69348b1582bd786e2ef08b5fe3a2f0b630798f9fdfe3e242967cc24baa6
x-chunk-cache-v1/chunks/indices-000012297856.z	170856	2ab5dec9bfb3c006598e1127566b7ea50d47a3142e1e49bad3ff5617346d29dd
x-chunk-cache-v1/chunks/indices-000012393933.z	175365	54d5b965db70b596f00b2768828b4b17c5eb04119c0718907b008de11f841809
x-chunk-cache-v1/chunks/indices-000012490010.z	172913	742026f905189bde03102c736a3e591a2c15e9e3574c9693e9f4ab8190e42cfd
x-chunk-cache-v1/chunks/indices-000012586087.z	173717	58c9c4facdbc80d21bac70af39a886f013c89e49c1d2e9c5312626747f5aad8e
x-chunk-cache-v1/chunks/indices-000012682164.z	173415	cd9165643ab038ab020b8f463a2cc38caf6566941a01a97404af832feb153d89
x-chunk-cache-v1/chunks/indices-000012778241.z	175322	34b60d4991d8b67fa790c7d085e4c2e529c4f21343015792bd3530fe3d753557
x-chunk-cache-v1/chunks/indices-000012874318.z	176479	6e74fab7ca7d3de3fbdcd07f0197cc450c3536400912bafeca37fdbcae284f22
x-chunk-cache-v1/chunks/indices-000012970395.z	176927	03fdc6c4ad3aee415c425e9f606bfa8cf2afa9d6dd837697698261372eabb7c6
x-chunk-cache-v1/chunks/indices-000013066472.z	175277	efabd5889c9adc02f82d569f913a477da440489c719273db6f7bab45abf73e06
x-chunk-cache-v1/chunks/indices-000013162549.z	177189	20807f50a78d02c87fe3c5a786a9e2a65e95d92c6f4c238a63a38bcc44dc7754
x-chunk-cache-v1/chunks/indices-000013258626.z	178838	61ca8f5cf324bf8102616d45ec13f11e3606c78c5a1ed983d913490af97ba1da
x-chunk-cache-v1/chunks/indices-000013354703.z	178070	41536a2b3762c55fabbae3b82b406ef9bd93730b957fce4c796b7b295fb68cc1
x-chunk-cache-v1/chunks/indices-000013450780.z	178435	aff2ae59d714eff1f3012d7ef26e243b64081f086d5c37a431a4a84997c0b1b0
x-chunk-cache-v1/chunks/indices-000013546857.z	174090	98e99d63c0d34a88e2a50c36ed2823d39e409ed1034dd6281be1a33488633a5e
x-chunk-cache-v1/chunks/indices-000013642934.z	176353	49f76ae515526ec1af4a03d523ff704756576d751e29534a28c0de0a9c9e31fa
x-chunk-cache-v1/chunks/indices-000013739011.z	176362	4b5776fed21fc9b5b80879ffd465a452ee5d442265b247a1379e966c0c97092f
x-chunk-cache-v1/chunks/indices-000013835088.z	175600	17d88f6a968aadc68e5baf4008481a1c47103ecff63b74843837f457ee44f015
x-chunk-cache-v1/chunks/indices-000013931165.z	172382	f5fb71e6bb97a97e3fbf269429c283192a62ce930ac266c947fa81e3d733304f
x-chunk-cache-v1/chunks/indices-000014027242.z	175998	a95609cc8485103b84687c4025f198ed5550ff99444e8c7928932c7cb96f8f90
x-chunk-cache-v1/chunks/indices-000014123319.z	175186	6f717862bb4d2e76f503928187c38878337d3904717aff69b63ccd209ae1740c
x-chunk-cache-v1/chunks/indices-000014219396.z	175677	d96e35b1fa407e3f86bb96f2738d7c421ce96595a735496912a04045d5f8420d
x-chunk-cache-v1/chunks/indices-000014315473.z	172902	38fa40040f53cf6d6c86e5cc52f7b95fc2b84ee62379d9af3e329feb1d0fefa5
x-chunk-cache-v1/chunks/indices-000014411550.z	170513	0039f9dbbca9cf711725022183e9889eb4c07ecae63f72b7aae32463ee4db60e
x-chunk-cache-v1/chunks/indices-000014507627.z	176360	9de62bad4fb22c626b0adce9dd818806d4b97776e037f4349af4adceb137dac7
x-chunk-cache-v1/chunks/indices-000014603704.z	175028	0d022baa68a931b0eb0c7e141aa82b0e45a26b69faabba9415a63aa91ce5a2e7
x-chunk-cache-v1/chunks/indices-000014699781.z	170660	b7b77c54600b8a474a85cc0f9c08de8f4f227a3d8194759d26c3b533cb075802
x-chunk-cache-v1/chunks/indices-000014795858.z	175342	9209c1cf0f1f723b3cf9be1a57ee77203d556e17f7328387dc23cd9a47e31c53
x-chunk-cache-v1/chunks/indices-000014891935.z	178508	d5b3dd396833e8052cc851529c20fcbdf0df4ab786f6a19aaefd45287f5c6f3c
x-chunk-cache-v1/chunks/indices-000014988012.z	175986	bca10219d42ed1077a4780bc9353a2be5315540689e624b659918ef286b6739c
x-chunk-cache-v1/chunks/indices-000015084089.z	169883	09a2b3050bafddb6986bb2f3212718c68c0714eff9e466ddcb2b368d32bfbba8
x-chunk-cache-v1/chunks/indices-000015180166.z	172204	2987b1122577de64851e518b97665bbc5ec5dcce9f8fb711f062b9dbefcc62bd
x-chunk-cache-v1/chunks/indices-000015276243.z	173426	3fd83f9ef83a79252fbc73f5ede8842f8f22b2a5c080b65c85b06ff9600cd45b
x-chunk-cache-v1/chunks/indices-000015372320.z	173749	11a38cb036600caf50e141c0d57fbd950d361ab48d58a1761cc0112d580b530c
x-chunk-cache-v1/chunks/indices-000015468397.z	173323	f7a6bc0e5bec3f08b159ea52ebc35103abf99b50dd09672fb0349040961d637d
x-chunk-cache-v1/chunks/indices-000015564474.z	174144	326011622d840459f522ca6b0e6e931c48550dd76a4eba85b01bda07f170085c
x-chunk-cache-v1/chunks/indices-000015660551.z	171041	face1b56c37943c8aea98120cb6e79dc501450013fb68b6f2b68fe6325f08726
x-chunk-cache-v1/chunks/indices-000015756628.z	170503	6fc0ae5d504d6efe490b97df6138e6f9651e200bb4f3f9c98509b335a6768f6e
x-chunk-cache-v1/chunks/indices-000015852705.z	167630	34ea486eb57ac6435d905a14de904d3b5670f3b493cce453644c30d89cfc5f90
x-chunk-cache-v1/chunks/indices-000015948782.z	174694	af55c3a7689156958a9061f03dc29a7eaf23e7618c9f907052cd0157dd6a29a2
x-chunk-cache-v1/chunks/indices-000016044859.z	173791	504aba3fa7f39c0f258c8554b3895ee7cb6491f1a422c021347b6d2127ed7f44
x-chunk-cache-v1/chunks/indices-000016140936.z	171953	03cbedaa05bf2e80d43d86a5aa04366fb0f282536a697a58c4edf4e1f21a08cf
x-chunk-cache-v1/chunks/indices-000016237013.z	174414	76b1a1eb76b988de6c5bac5206e7ccbeccf33313889014e91e768a6717d7b4df
x-chunk-cache-v1/chunks/indices-000016333090.z	175121	6a75f1e6431c41f63f8ce4e90edcfbd38daa8965f474abdeedfcab61a2c9915e
x-chunk-cache-v1/chunks/indices-000016429167.z	174510	619de4c8dc203b7f3887fd73b558e9517276f006ece363c6b2032badb3779c7d
x-chunk-cache-v1/chunks/indices-000016525244.z	174954	bd1e3e8585c6e19fb10554263e80b8a434a0ce421c840ad6e05b276016cb314f
x-chunk-cache-v1/chunks/indices-000016621321.z	173907	cb3dd668b9cb9bba7187755dad31a264a56795570929687c1287b59e736199af
x-chunk-cache-v1/chunks/indices-000016717398.z	175383	e25abf9309c9d98b28621ca2de34ed001fec2b9a54590f35a6887b6b5aa6d541
x-chunk-cache-v1/chunks/indices-000016813475.z	173979	7c129dd66fea98659517330ad51ba4edbe213dc24e8bb87d822c593be4e5e696
x-chunk-cache-v1/chunks/indices-000016909552.z	176257	db29b6a823e52d6b09415722c149763f1ea1b379ea95b58bd84150d11ed86efc
x-chunk-cache-v1/chunks/indices-000017005629.z	174402	399fa76e24788b9582dc80efc8a46e16ba27bb1fd09321b4883e60098e6d8a99
x-chunk-cache-v1/chunks/indices-000017101706.z	171837	2a53c080bd5381fa086cc999a15cdb6aaefaec7a591662b6841173867303b7a6
x-chunk-cache-v1/chunks/indices-000017197783.z	176647	f228d346bd358c25353df4486b5205dac39e797c37688d6a9433d518cf5716a6
x-chunk-cache-v1/chunks/indices-000017293860.z	173287	534e9374409d99769dbe9297180b59e6f0836da702aa9373d25f954d7b1ec80f
x-chunk-cache-v1/chunks/indices-000017389937.z	175147	797d279c3440d800fc09a26f2cf4f12e3ef761c7dc767b2b662b85691c1373b1
x-chunk-cache-v1/chunks/indices-000017486014.z	174779	fb4a1363fe98aa58d439aec1fd8c58d03a13f8e84ba3f5c6a3cd3414120a3bfc
x-chunk-cache-v1/chunks/indices-000017582091.z	172037	090b48a6eadd079a630c3ff465b322369130cf9606f0ca0e22ba7614395a91aa
x-chunk-cache-v1/chunks/indices-000017678168.z	176959	3220cf0197a2dde6d3d9f3f9679c3fe628a22f2a63f455700396c8339f5bf084
x-chunk-cache-v1/chunks/indices-000017774245.z	171984	a8f345ef53890226db0c59d380ad5e5c191d3162b6b00264c90bef7d0c2315e8
x-chunk-cache-v1/chunks/indices-000017870322.z	171417	c9da85b67891f9c5b30dd91e94f25108db0623ee979c1a4304b93ef29e6fab2d
x-chunk-cache-v1/chunks/indices-000017966399.z	177197	397096a6fdb613fb1a579f5e42b129452e502b2a0faf3e14edaacffa2f0a60cf
x-chunk-cache-v1/chunks/indices-000018062476.z	175589	913e2ab74f1b90826e8a32e96336bc9368c61bd40a65183bbf1ddd58237e0d42
x-chunk-cache-v1/chunks/indices-000018158553.z	174331	c1ff3be561f2e201fe91ae6873de3a6f343df413c0c3d7fd7814e11ada891754
x-chunk-cache-v1/chunks/indices-000018254630.z	173351	4f1f36c23bd792d0280f0b5be72df42482b32a189e443c0a7862c08f860c6853
x-chunk-cache-v1/chunks/indices-000018350707.z	175158	4a9ed855ac530f35c4921352d77e94e7b8fc0e665c0cda98663e7747a24558b4
x-chunk-cache-v1/chunks/indices-000018446784.z	175492	ef39672c40f0f7d836508a934e05f598a60501fc6c112f813c1951d67bb3ab89
x-chunk-cache-v1/chunks/indices-000018542861.z	177326	0478b4bb9f54d47ef69f33e4c8665342acc308b0ea1953c7eceed49c41d235d4
x-chunk-cache-v1/chunks/indices-000018638938.z	176067	5326f5f877c9ccb0a40c6d57a251b44c4feb1ea001296298c221784e0b5607b0
x-chunk-cache-v1/chunks/indices-000018735015.z	173037	f4a67845cd1cf4cd964d3b1c57d1d8d418156fc10acd922f48cdbe1019d07ca4
x-chunk-cache-v1/chunks/indices-000018831092.z	177398	95e9404e84bafce388731841686889775b4d38fbc0d4c10c8752a0dfec141ea9
x-chunk-cache-v1/chunks/indices-000018927169.z	177486	8ba44c7fd51ddb3cb7a9a09d1cd1cf2c4871260e8c559868a9a207a7984025ec
x-chunk-cache-v1/chunks/indices-000019023246.z	174768	7e30fc6d1509b109a37c3afd9150a708ef91fe1e299701e2d411a731adfc793f
x-chunk-cache-v1/chunks/indices-000019119323.z	175470	c2e8bb5c8b7dce95753f49058d270bd0e4d0fd13929c11193113990b4b1353ad
x-chunk-cache-v1/chunks/indices-000019215400.z	173786	fabb9b6613af914f544f77e3bb3b64057745b2e6ff193130ac8117b72b3dee7f
x-chunk-cache-v1/chunks/indices-000019311477.z	175029	69df00a37a12df12bc19d9222a0ef6ba7fd7bdcc624b6ba362569ea6fd392227
x-chunk-cache-v1/chunks/indices-000019407554.z	175039	752fc785f6acd9f7809642fb289230005df0e866366bf5d026b575cc09d6c7e4
x-chunk-cache-v1/chunks/indices-000019503631.z	172783	edb2b5ac62d46facbd3587f1a5b07b7e9fdb72f7302924ab8f3d49c0c0117650
x-chunk-cache-v1/chunks/indices-000019599708.z	175286	c7b1ebcee3e80e05079884c8b02c1d7e2c67da90dc30286d8ebda38049b5260e
x-chunk-cache-v1/chunks/indices-000019695785.z	178007	a1ef5daecfe6690006dfd5b80696b81c533b0dddc4cd4b1cce53ff7d0d9341e1
x-chunk-cache-v1/chunks/indices-000019791862.z	176649	8e053da3a7d0e1431e65a951dc374711ffc059ce0cbad880708d7d489fe04090
x-chunk-cache-v1/chunks/indices-000019887939.z	174137	235a34093e1cf31623adcb620c043988ee22693cf4882f31583edf864b3584c9
x-chunk-cache-v1/chunks/indices-000019984016.z	171748	6a9efbe0d4a9a22a17bea6aa1f273821287ecb0a74aa4f6bff7b22ab935222b0
x-chunk-cache-v1/chunks/indices-000020080093.z	175410	3275a337e2a783b0e441012495a2e73d424cebe907388e90ab475d1492db7d36
x-chunk-cache-v1/chunks/indices-000020176170.z	172447	c372e1f7d092302572c4dcee123c2a969f54ef68b0290bb5dfee2b72cbc20c50
x-chunk-cache-v1/chunks/indices-000020272247.z	172544	95a8dec372c616883f0d8b38c6da282c0c9bcc78f159e53c562a0fdc5730bc55
x-chunk-cache-v1/chunks/indices-000020368324.z	174122	0bddf3272055e1ff9e3c6bf5527f613d9bec5ec9e863fc0e43fcd51fb6aac270
x-chunk-cache-v1/chunks/indices-000020464401.z	172264	aebdd5083286b94d08b75018b69891d4463f20133c7254501494f56dd0c3e1f1
x-chunk-cache-v1/chunks/indices-000020560478.z	174762	dd75b60b2b1f2dbc59bb8a4cf9f81084a0c6a705c5f58a76e1471e671415298f
x-chunk-cache-v1/chunks/indices-000020656555.z	173853	38b9a95958bb1d45bcc2dd52a860276045ba9fa55b7690c5d83b6bff23d1eb0f
x-chunk-cache-v1/chunks/indices-000020752632.z	174768	4220fe90e7b598bc97db2444ef5c542b84511692df42dd9be9db5bce66726fca
x-chunk-cache-v1/chunks/indices-000020848709.z	171987	6062f3cf4aaa13d1c94a56c6b8697ba7b35786ee98671ced4af7895cf8296f2f
x-chunk-cache-v1/chunks/indices-000020944786.z	172236	7a2c8597ef24eedb391347e971c9466faa864b2f9c7bc28da8ec69c4574ac4d6
x-chunk-cache-v1/chunks/indices-000021040863.z	172896	b3e1a6483d121659799356f12e093ad720f0fc4d9cababae5f364d64f50088f9
x-chunk-cache-v1/chunks/indices-000021136940.z	171618	ab0474725aac509fe637fcd751a09c9267d70312b06143200c94577dac59a86a
x-chunk-cache-v1/chunks/indices-000021233017.z	172061	8e9d73a8e7020635dba6fe06be5170ef6123b67ea4a37b6dc04712fab7af09f8
x-chunk-cache-v1/chunks/indices-000021329094.z	171256	9fb295ebd2ecfa6e09b66d93909b5fa0ccf08105e4887b593ebd80b665dd6a1b
x-chunk-cache-v1/chunks/indices-000021425171.z	172754	b9c0b4c83f0728965d582cfd57cd52022ed4f01b67232b65dc6165c3b475cfee
x-chunk-cache-v1/chunks/indices-000021521248.z	171319	221df6e1bec4b93fd2973ab3817cc5aaf8ab96269b7b425dd210471d33a61421
x-chunk-cache-v1/chunks/indices-000021617325.z	169865	b79f16fadc911aec94474a06ff6e0975f65db7253f6f7d39170dcce4cd7c7211
x-chunk-cache-v1/chunks/indices-000021713402.z	173870	a56c2fdf9cfff9fb50e919f6a95a31d2c8cd8bf565fcc26c4d55008b45e11d0b
x-chunk-cache-v1/chunks/indices-000021809479.z	174529	8f7904baa35b47cc06de6b4c39f39d7c5e73e7276f788a7d4e3fae3eb423fae8
x-chunk-cache-v1/chunks/indices-000021905556.z	172930	5ad16ad331a4c347e5d9e00c92f61510a81a35966664927803ea8914bdaa425c
x-chunk-cache-v1/chunks/indices-000022001633.z	171612	5bfb65859574e4d602c33bbb9bb2738ecb1b25231be7581f8ce8b48ac4c96431
x-chunk-cache-v1/chunks/indices-000022097710.z	171187	3e3f4db1db9c64c03df03a139c61420ab48e1944ede196a97de721216cd8c118
x-chunk-cache-v1/chunks/indices-000022193787.z	172934	281ed728ef09eeee0e45b8278596516455b13f6a4596f50f58a99e3b53e0abc8
x-chunk-cache-v1/chunks/indices-000022289864.z	175211	9728c7b7e96b0a14a1c628a5157415723d4e4effc45531be7fc83ad1918c525e
x-chunk-cache-v1/chunks/indices-000022385941.z	170709	a2274a537d8d941765e92ac2a8672962d5b456901bf488afe71f26a374d0fea0
x-chunk-cache-v1/chunks/indices-000022482018.z	174730	53dc3fc0ec6d9665bf0f61e6a928edee75eb96ccfa05fe37c0664b86a20d5a2c
x-chunk-cache-v1/chunks/indices-000022578095.z	175129	0a18a90523ddc2377ccb09e6f490f40d7479b9822ab7ec6ae425958eecf3eef0
x-chunk-cache-v1/chunks/indices-000022674172.z	170433	c7d388bcdb0c464d2f0de6a6c277b94973c72485da05f9a6de6b74ce2d24fa1d
x-chunk-cache-v1/chunks/indices-000022770249.z	173310	88c0f781ad9555fe5b00fe6a00b0aab20155b2caed135bb4758a0fc8e9424cfb
x-chunk-cache-v1/chunks/indices-000022866326.z	170786	c22d76bee59ff40392d5a87087f4e17a7492e5374fa6e0bd7c396daaf1214ab4
x-chunk-cache-v1/chunks/indices-000022962403.z	174980	518a7ca3a8590a62bf147b5e2a716a6d5d6336713607ffb3fcecbecdfd1ed1f7
x-chunk-cache-v1/chunks/indices-000023058480.z	170704	b9f963e7d3bc7712488ed1d206cf75eabb07bf02ec6f17ef751cf19eb57981e2
x-chunk-cache-v1/chunks/indices-000023154557.z	173116	021b789728720b3187b830c2aab8b3b70c8b3ca9a6a70dd3e5d997f823048190
x-chunk-cache-v1/chunks/indices-000023250634.z	170763	78d1ec299b56cb44dab1b700b58a833b71137f4b5c2f0ea232f45e59305f59fb
x-chunk-cache-v1/chunks/indices-000023346711.z	170840	5442fb63899a1b0b9aa8fb063156f60f69a86afd76dd5d1a562db711caaae5e0
x-chunk-cache-v1/chunks/indices-000023442788.z	173405	c21b04bedc8680c8748259a124cc9993c170b6229e04ad34b46f7c7ea40573ad
x-chunk-cache-v1/chunks/indices-000023538865.z	168446	17b90e1e89c1a843f28f7e737953092faf42aa7d179fd247f558addd863338c9
x-chunk-cache-v1/chunks/indices-000023634942.z	171797	5758d3c04b98a20c991d213ff3e68e71f12c66b156a21c107346f180e30f1ed0
x-chunk-cache-v1/chunks/indices-000023731019.z	175335	7266bde5337ea52f830d0db64cd1ca464ecd5b01368e05f0295daaaf266f46af
x-chunk-cache-v1/chunks/indices-000023827096.z	176648	09523282416b1d6e39d60b0df556528b855b106eb4eb64bf3282d05ed81ed9c4
x-chunk-cache-v1/chunks/indices-000023923173.z	175925	cab89f8b4faee4974ccf42f692e250b0ceb0fc123b04a6ccfd8aa8d65c594044
x-chunk-cache-v1/chunks/indices-000024019250.z	175994	693a93a638c2a9778cd73ecf4d5a9303ddada0ed723b663348da2de626ded1b9
x-chunk-cache-v1/chunks/indices-000024115327.z	174106	d1c9e5175efbac8c8ad7f4052f4608e62ca5f1758537e389474f7a7d1538dc78
x-chunk-cache-v1/chunks/indices-000024211404.z	177430	f8a881d0f8a4386d0c64aeff4779a0bad058089415bc207224c33bd1f2728f25
x-chunk-cache-v1/chunks/indices-000024307481.z	176634	72e1fdb9c5647ac6c081b1612d581e0da07453d871e62f897d6222d789df79b7
x-chunk-cache-v1/chunks/indices-000024403558.z	178320	92226689a5b5f3a59af5f0c169b7b7c92021e1ed4236b3a383ae77586db0c6c4
x-chunk-cache-v1/chunks/indices-000024499635.z	176836	f4d2971bd5774431d30042fe5783632eea1b20b29e9270fbadd91c1948810dc2
x-chunk-cache-v1/chunks/indices-000024595712.z	177448	9c77d26a70506107f64639a4eed0f2c5bb2ab93731f51787f74180d57560e47d
x-chunk-cache-v1/chunks/indices-000024691789.z	175512	21f5b2105d9d293dc84d8b7368a268cbcb65c42f40cdaeba0779bb42f8cf4c04
x-chunk-cache-v1/chunks/indices-000024787866.z	176285	93b19e82961692bfd519724d64991c424fe6ebe5178c78af0222fa37d66b8662
x-chunk-cache-v1/chunks/indices-000024883943.z	177767	2f2c5cf203159c1ae5e583106c805bb9be3318adebb73c438cd6eb1f8b57f51f
x-chunk-cache-v1/chunks/indices-000024980020.z	174076	fa3474449889de6a7ecdf62bf92298584ef03d6b74286b8181debca45361799d
x-chunk-cache-v1/chunks/indices-000025076097.z	171666	d0d8c2fbc831d30c45daf083c3968e9e589290d81f3276832f4dab39170e5bc6
x-chunk-cache-v1/chunks/indices-000025172174.z	175469	120a91d5a39c862534432c889034a8d6ba7b5ede51d0028744accff3d15f946f
x-chunk-cache-v1/chunks/indices-000025268251.z	174696	0b6bf8297638bdfb6cd1e3c5b1aa7ced7eeceed6fb6d0f6746252f8605a1b623
x-chunk-cache-v1/chunks/indices-000025364328.z	178879	3b59cd1b54e75f5b6bce21d064a2640a6a1bec0676e08125fbbddd1330a90356
x-chunk-cache-v1/chunks/indices-000025460405.z	174763	c4d4ef0e56a2c3afdf0cf86234e17a0bc0f05387818d29d070f1901ca7a5dc09
x-chunk-cache-v1/chunks/indices-000025556482.z	178027	129faeb0cebba7b84368147b63a6bd098429bccbb3c79a028674905db992d1a2
x-chunk-cache-v1/chunks/indices-000025652559.z	176409	c9e1ae5246db2c1f596062157df4c1816923adf6ae042f90f01e7ba2a2bb191d
x-chunk-cache-v1/chunks/indices-000025748636.z	176876	bcd6f2d010770818344e0db159d6c49be3d7204d25a12b41c1fb8687619693f3
x-chunk-cache-v1/chunks/indices-000025844713.z	175393	41b590538f22b277a5855f49ddb3265739a46e02f715bc211b9e83a4ebdac390
x-chunk-cache-v1/chunks/indices-000025940790.z	176161	e7fe968721bed4376a9cc1592d9d377b50b140e22fbbb8fef2337f1a141ec260
x-chunk-cache-v1/chunks/indices-000026036867.z	179402	543a85678635bb6c5a5248df96562f506ba3b3d57fbb6515dbd3849beb314981
x-chunk-cache-v1/chunks/indices-000026132944.z	178871	e19839c9c520abb908df5a7113e6e737dc77f8e1b2d8e7806d9fd19e01b6e05d
x-chunk-cache-v1/chunks/indices-000026229021.z	177872	d8b9469368c233b0181b1f0674c020e2ddee935ee31b59173e2cf482eb7a3187
x-chunk-cache-v1/chunks/indices-000026325098.z	178624	ad77f513aa538089decfcce9ecb434f8ea951164cabb52664d794db4e35c2333
x-chunk-cache-v1/chunks/indices-000026421175.z	178720	0d622d07024cdfbb1103cafd8197d4ebeffc1fad6378a24ff708881b62b60bdd
x-chunk-cache-v1/chunks/indices-000026517252.z	174330	a00665055779bc425bb568174db5c1d84419b4ad6e8447504cc021ffebb96306
x-chunk-cache-v1/chunks/indices-000026613329.z	174944	c6e905eb08a0f88456c1240421b4ce67421068adc4dece1c44ea1b0e5e92d794
x-chunk-cache-v1/chunks/indices-000026709406.z	174075	a3ce5500a818c177db9179c6c7e7b61e1251bbbd6a952fc814677adf33c199fb
x-chunk-cache-v1/chunks/indices-000026805483.z	172753	9a2c5db30715cf28aa0aa90f24ee3e88618e0383924c1805954eee44c755c5e2
x-chunk-cache-v1/chunks/indices-000026901560.z	175105	d5e9302beacb6d8500c018806812db1c14d6bb3d4a6de8d6ccfad3dc34046dd6
x-chunk-cache-v1/chunks/indices-000026997637.z	174712	7b7a323fb209bbb2aa8262b41215e16280a7161a0ccb4a1a5bf422073d09111d
x-chunk-cache-v1/chunks/indices-000027093714.z	178434	9d7930dc39cea87161dd1b07738a65f804e2116c91ca0276c125b5ffbeba4128
x-chunk-cache-v1/chunks/indices-000027189791.z	177277	2c0ffec42c0451baa7181f7b6b503594122d99ec63de98d53d71b5971afcf3ac
x-chunk-cache-v1/chunks/indices-000027285868.z	176824	d9ba5f1765e88fb3e49c416c75c523166d3736f04e0586399b4f04d41dd6f29f
x-chunk-cache-v1/chunks/indices-000027381945.z	176841	39dd546ce282fa048e93a910ef3e210efc55d8f59f88c5b4fa568a6d95f8b0aa
x-chunk-cache-v1/chunks/indices-000027478022.z	174331	ae0044a38c099f5e3758637da1c7c9a12478f1f296d77d3cbe7c0baac76f081c
x-chunk-cache-v1/chunks/indices-000027574099.z	174199	45a9fa90e6f92df02b21240ca36194c4c74145b78f94be16bc984d2232c0b004
x-chunk-cache-v1/chunks/indices-000027670176.z	176095	4849f6e6b068e59cb391f153f910dd496a45337037500028514f741ad3c2e8a7
x-chunk-cache-v1/chunks/indices-000027766253.z	176514	65e3548f032006503987ca634179dc6f6c5d801e5be8c1230097e3c1a90f36bf
x-chunk-cache-v1/chunks/indices-000027862330.z	177242	ae668e1ceecf5b8b819fa7d9030325d6712e927aa12bce63a688414f90814b72
x-chunk-cache-v1/chunks/indices-000027958407.z	174635	96bbedd3d8e930a171fd5cae97355d983b82b97faf74343da02a2d0e753c86f6
x-chunk-cache-v1/chunks/indices-000028054484.z	176481	265c6ce62e0c59fdeeae3130a69dfa9d859c28d087b34cade969cf91ea1bc62b
x-chunk-cache-v1/chunks/indices-000028150561.z	178695	81e6085eb38c10c7c4e1819cd64edb6346ef393f4fcd72d7a6f3a40d2f47a27b
x-chunk-cache-v1/chunks/indices-000028246638.z	176015	bcf92fb550c92412ffd435dfb17d5677a6051e0ba730d721a897045916ef4a78
x-chunk-cache-v1/chunks/indices-000028342715.z	173608	20e9abf45a9c911e15eb2fa126555ff0b33dd37a87594002b68c289891e29cfe
x-chunk-cache-v1/chunks/indices-000028438792.z	173506	660fd6d0d4fc6341eff5e86e3b64777ad7887c9cced97db6fa00bb381ecb1e77
x-chunk-cache-v1/chunks/indices-000028534869.z	175427	06cb0f2a510410adb1a5d940e7f29c3e787f72c4f07c0a0a23cdb3fda0becc71
x-chunk-cache-v1/chunks/indices-000028630946.z	176557	3454e46d8c101ad279c6b2850e8ddffd5c901f0e123de0564064d72dfe21710c
x-chunk-cache-v1/chunks/indices-000028727023.z	172953	6942a1ebec1496531541c5afc5bc9ea0f525f8c37e8eda930d67ee35d9d82e98
x-chunk-cache-v1/chunks/indices-000028823100.z	176633	690500965afc6a3624880128ddda83c8208fd31b66aa5567eb2803fc49248d43
x-chunk-cache-v1/chunks/indices-000028919177.z	176162	599044e09915d8f91056315c4a6e97e81e545a2cdcf193cd09ec500cb89b15fd
x-chunk-cache-v1/chunks/indices-000029015254.z	176488	2490502c44e4275e4fb57f7a9788d15a95f7d931c2c978d1db3d909e3941a02a
x-chunk-cache-v1/chunks/indices-000029111331.z	174270	7248d222799e044936fd019a686fefa03737b742894cc3f2bee3f4068c0fb138
x-chunk-cache-v1/chunks/indices-000029207408.z	178851	e40cd5eaab62d57243500788fa2e50b38e15b3c44218d3d6532b379fef4ff515
x-chunk-cache-v1/chunks/indices-000029303485.z	177076	adb6c7563835a577a493c6d32ff0a1187fad53eb752e80bd8e75087ee9cbfdd9
x-chunk-cache-v1/chunks/indices-000029399562.z	178292	b32b246872ddda9b76b5694ac4c310977ea83945b74a13ae18e28b6dbba8434d
x-chunk-cache-v1/chunks/indices-000029495639.z	177864	6f064cdc5598d33f67358598a36508384163621848bccb3b4a980731873ff57c
x-chunk-cache-v1/chunks/indices-000029591716.z	178638	61600f1de716fb539882582143abbdd9ba171195bd59aa97a586182c64a2d385
x-chunk-cache-v1/chunks/indices-000029687793.z	175507	44b9f580388297173e27bab50dff22011025b77682c83602a86a5d3838529c69
x-chunk-cache-v1/chunks/indices-000029783870.z	174867	d110985c873457f4c62effa8113e1c21a0a526c0fea462ef10b298daf48b9a3d
x-chunk-cache-v1/chunks/indices-000029879947.z	173635	5e269640015c687a935596732f938b0395d4828ce4665e809d662e5f3f2ebb18
x-chunk-cache-v1/chunks/indices-000029976024.z	176763	65d2dd154741864f1f9c2aeda1fd1616a273185c65b22edc2110f7744416954d
x-chunk-cache-v1/chunks/indices-000030072101.z	174470	129c6eabfb8c81018e4a0a249339c2c34392346bbe5d89234a8762f9a2c7cff8
x-chunk-cache-v1/chunks/indices-000030168178.z	175090	dc6d55d2f37f1ab8b9bb8a992c72f8989e176881229acfd9718445c17d4a1e3d
x-chunk-cache-v1/chunks/indices-000030264255.z	172399	7762c83b2ba43510470a0c94105adaf879e2767b4824d1b25d5dbfcfe24cdaf2
x-chunk-cache-v1/chunks/indices-000030360332.z	175637	17090b287c0065da8cb78a66f675c85017766ef453664cf1579e98087ca93c7d
x-chunk-cache-v1/chunks/indices-000030456409.z	176886	045319e3a8224261708dcbcf054f6dc8c5959cf6f0ea3cbf9cda42df81dc6ef5
x-chunk-cache-v1/chunks/indices-000030552486.z	175037	543f69e9baa5a4fda63f218b535b5a14dd468b3e13e79f181480b670975a08cd
x-chunk-cache-v1/chunks/indices-000030648563.z	174315	43fbb537a67adbd577f6e91034db56ebe27ab0fa987bacd744bfc7ec9a90afd2
x-chunk-cache-v1/chunks/indices-000030744640.z	176562	544c0541755402251d936564afe45de22f2164e8ad62e6f708cf6c570eded3d5
x-chunk-cache-v1/chunks/indices-000030840717.z	175365	a5e420865da71420dd9c009882b7d4069a20f59fc212abd3040555abee56429a
x-chunk-cache-v1/chunks/indices-000030936794.z	177265	3d03ec40ff45c2adaeb2ef99d205e0d39f9532366e05cd81c0f5a2015724170c
x-chunk-cache-v1/chunks/indices-000031032871.z	177993	69dd2d81da97c5f1922dfe0422bdd91b98d7f7493ca43b5b7f7eee260dfc6010
x-chunk-cache-v1/chunks/indices-000031128948.z	176900	09725385970a1c87c8cb1d9242c20a56adc8a7d86b463a91a0ff1ca84c41d220
x-chunk-cache-v1/chunks/indices-000031225025.z	177658	a9264f6ed277101172ea8e74aa485338ba1095a5b0284ac5800263ec903ddf21
x-chunk-cache-v1/chunks/indices-000031321102.z	177235	5ab7f1d6a1202008de5e24d751cd712d9fa1ac129672f16fd9f7cd5e17b2412d
x-chunk-cache-v1/chunks/indices-000031417179.z	177795	c79ac90a21fc83f2d852cf2812c5c048caf8a4b0c28d410c547182717e21bfb4
x-chunk-cache-v1/chunks/indices-000031513256.z	175568	bb9bd44af90ec794c67686dcf7b1514458e41ea48129e833070eafb7ea54a743
x-chunk-cache-v1/chunks/indices-000031609333.z	176237	ccfaaef628a961098a634b6aa34862ca2f0ad395002d1d2a45448ec2a1e9d3ed
x-chunk-cache-v1/chunks/indices-000031705410.z	174478	aff9d855f22fd8b2cc9df807f8b13cc8334cfb520274bab843b6b1c81302f57a
x-chunk-cache-v1/chunks/indices-000031801487.z	172741	8f8211efd0139ff4db4c6f275cc50da3ca0bccf0277112e5ab8c0fe29257ec48
x-chunk-cache-v1/chunks/indices-000031897564.z	176229	8cb7f6efe936311c0e781af9fdf526aefeb587c0266c94741376397e17bfd416
x-chunk-cache-v1/chunks/indices-000031993641.z	174923	ffc95350b56867b96bb21f3534e7e044e155a3076a2a00609344b1c7d1fb38e4
x-chunk-cache-v1/chunks/indices-000032089718.z	173549	3e40108411ceb0cbfcfa86942bf335804f5604534d2b2607f298a154eeeb2860
x-chunk-cache-v1/chunks/indices-000032185795.z	173795	9e0876ba17b47f237cf9521884d7f98ed7611fd5f4ec34ea19dab7447389265e
x-chunk-cache-v1/chunks/indices-000032281872.z	173547	5798a023bbb86072b50315dcc3cb91589235317102e07e9adc82da03cf29a46e
x-chunk-cache-v1/chunks/indices-000032377949.z	174469	1599aa45f880d3db87c27e9144ea0a2eec11740c207f451fb5f730a755e547b3
x-chunk-cache-v1/chunks/indices-000032474026.z	174901	b848efc6584bee7ccd651b67b091dcb4327cbcc2652d1edab8c4bb188b852827
x-chunk-cache-v1/chunks/indices-000032570103.z	175892	1f7469802550b45ce3f350a3f3f7d9c7dee27dfe4c3e0b26533075f0128d076b
x-chunk-cache-v1/chunks/indices-000032666180.z	177630	8a5b06cc92d66db53c74bd54623d235671d85f4fd554208c83240d9767fc3134
x-chunk-cache-v1/chunks/indices-000032762257.z	175456	a6dbe7b1b0449d3e277064d87f9d757696e730be2ad8dee62f07e92591609be8
x-chunk-cache-v1/chunks/indices-000032858334.z	172837	93e73720c247904104366ed070a927f48017ee4e06d71456cca86974dde28e65
x-chunk-cache-v1/chunks/indices-000032954411.z	174011	a4e007d62a86e7857e4bd26cf691e2a49471dc144006b8f3d680891d53757780
x-chunk-cache-v1/chunks/indices-000033050488.z	174807	d527224dbc74c20c62b43ce0b1abc2f045b0c730d13da0f3778131373d3fb54d
x-chunk-cache-v1/chunks/indices-000033146565.z	173752	5ec2314d90ad184e5074fdaf6830d0ec592e7966610c2cdda6936a11e5341ef7
x-chunk-cache-v1/chunks/indices-000033242642.z	173017	969b8adef6b320ed3cc856460f1d667e12f0e2f36b2b1e324b5b1a356091dbd5
x-chunk-cache-v1/chunks/indices-000033338719.z	175563	6aaada1e064807b6fe9c5ed6b7fe036730be2b1d9949aa0936252bd7911152fb
x-chunk-cache-v1/chunks/indices-000033434796.z	175183	596067d4e83c09ab34e8eba284b93638986699d01d0359db39b4eebd2c3df359
x-chunk-cache-v1/chunks/indices-000033530873.z	175129	61292c19e5b95dca9717bc4f9287652cf8257205fb99982e9a002d9a73331564
x-chunk-cache-v1/chunks/indices-000033626950.z	177614	102a06353902c0206d82cfaa766fc17f2e4b9ecf10eca70a79f07f519e9117f3
x-chunk-cache-v1/chunks/indices-000033723027.z	175031	d5bfcd4ffd88421980aa8c415e199ab5e7bbb638ca12eb26755448636521e834
x-chunk-cache-v1/chunks/indices-000033819104.z	172982	28cbfeef144141e82c5028f7d0a106855509a2af84cc4727e72d1f1abb156c5d
x-chunk-cache-v1/chunks/indices-000033915181.z	174684	6abfadce77db8753aa1bb16192750a59e0ff04a68bad726610f2fdb12f2cf579
x-chunk-cache-v1/chunks/indices-000034011258.z	175730	6dd9d4e80579d2d2bfd40b7387bda3201cde6715be79d3d76bcc3aabd325fcc8
x-chunk-cache-v1/chunks/indices-000034107335.z	175081	747265a33433b0ffc1ed3ffe40fa360e290a7bfe80470d7009f13c953e95caaa
x-chunk-cache-v1/chunks/indices-000034203412.z	176835	e25bf5fa26aaf8845b97e1596e3dd9971e29b78b3c8ac9715a7fb5bafdea3e2d
x-chunk-cache-v1/chunks/indices-000034299489.z	174609	239d9134189a6adc3b95c8bf44b3f7ca02bc6207bd37b0ca41085be2cb4149c0
x-chunk-cache-v1/chunks/indices-000034395566.z	174877	ddd91481932397a79ebefcbee77d5df54ee01952bb6943862c8a08e29d8d18b0
x-chunk-cache-v1/chunks/indices-000034491643.z	175063	c7a3ef6e606e8779cc8dd290f47cac58d0ccf1958a4d559dbc660f63958fca5a
x-chunk-cache-v1/chunks/indices-000034587720.z	176705	7f13abe7cdb0dcf115f20ba3da67aaa24d70071440712489d536a37d0f4aaeed
x-chunk-cache-v1/chunks/indices-000034683797.z	174075	f29f6cc5f26d8ae75c7d28662af82e3404580e83928e3af7de837eb287596ac1
x-chunk-cache-v1/chunks/indices-000034779874.z	172671	6e227f5a3554e77a1d7ae1c7cbff845f52ccd93fdf44c5c6637bce0ed5579130
x-chunk-cache-v1/chunks/indices-000034875951.z	172953	a4d5c4bd84eeb629d769600617196542d209fa2effe88b7fa87fb776929188c9
x-chunk-cache-v1/chunks/indices-000034972028.z	174136	202fc6adbaf603a6accfc19e8088981e456a98501f74c441b2e3688b430b1bd7
x-chunk-cache-v1/chunks/indices-000035452413.z	175735	568e9dc5a4f82dcd644c8e0781ebc5620e79074181e7276568b9f25fc5fbc47c
x-chunk-cache-v1/chunks/indices-000035548490.z	175041	6696d6a0903f3fd7ecc0625bf402be47beb6d5c7eca6153f67f7c0816a5b7313
x-chunk-cache-v1/chunks/indices-000035644567.z	173493	26799eac13eaea48258bdd7f22c7c761b0e236e6fadd2dd84293b9ad77f09965
x-chunk-cache-v1/chunks/indices-000035740644.z	172299	1a997815f3b18a8dd3f79a1471553698eab86d0fa087323634ca8748a2eeab9c
x-chunk-cache-v1/chunks/indices-000035836721.z	176790	4c4d84df25173f0dc9516c0b80d78afed09ac7d12e20bddf9328e3a5ecb1a462
x-chunk-cache-v1/chunks/indices-000035932798.z	177067	21a4538895876079b978630f9891940ae1a68b39fb14229464e8851f368cf806
x-chunk-cache-v1/chunks/indices-000036028875.z	178491	2ac88c1b3f2c9bccdf1df6ba0af8c0b04968937df3abde03a6c7f7ab6e4ea295
x-chunk-cache-v1/chunks/indices-000036124952.z	179732	c50b415b39c8f1fb87bb14711b811841d1b116f9a629c517b3c00f3732d16aff
x-chunk-cache-v1/chunks/indices-000036221029.z	178674	13d48e0f14b0af18a1f71a54f0515db618bb4df6fa6d9c89061b351307c99085
x-chunk-cache-v1/chunks/indices-000036317106.z	178704	388e7644056a5c217e32be6e436fe4c06190b55eee0b7ba866083dab3fd5ffa1
x-chunk-cache-v1/chunks/indices-000036413183.z	179646	141ea7c9dfcbb29f09409ec44572b4af4e3ec5a7a13637493d1cedd851cfc0e1
x-chunk-cache-v1/chunks/indices-000036509260.z	176257	e551790b28d8730e791cc5df9ebeae6779339965b0b57a0fd69a4ed123f8811f
x-chunk-cache-v1/chunks/indices-000036605337.z	180532	63808aaf56081612c5840da4593d70f301fead8c66b7b9ac417148d1384536c1
x-chunk-cache-v1/chunks/indices-000036701414.z	179559	51125038cc083e22acf2d29515bf2a2db4682e97387ce5a8689b3f09e037a771
x-chunk-cache-v1/chunks/indices-000036797491.z	178655	200da0dbfaf961e772d36d7f3c8af0e03cf81c20f0050f2d19637d4f0b3611ec
x-chunk-cache-v1/chunks/indices-000036893568.z	176772	83be88bc0ddacc3a68062cf8ca2645c2e636b54babeb941c3aaf56ac3a5d9f00
x-chunk-cache-v1/chunks/indices-000036989645.z	176804	5adf7686fe889823d4c1910a24cb9c6d3a46ee95efca81851398cf39618c8b9e
x-chunk-cache-v1/chunks/indices-000037085722.z	178272	dfde1c425614c686dc47bee4a8f0b2648c33e2de8f4ddd5396ec25a4f43c26eb
x-chunk-cache-v1/chunks/indices-000037181799.z	177813	baaadc2259e634b9803210900c0b0bff957f1fe68500bb731fd8606091485534
x-chunk-cache-v1/chunks/indices-000037277876.z	174032	92a5da471872e5c339c34bb115d17ee6e6cd6de35f6b6eb102eeeca1e9e3b28b
x-chunk-cache-v1/chunks/indices-000037373953.z	174927	c56f0b5bdcecb7ed80647f908725a29ef174ff93ebb6244a2b6c0847bf35d421
x-chunk-cache-v1/chunks/indices-000037470030.z	180027	6d2f671503f6e71f74807d11e3d1ba63107eafd2aeb2feba2efdb11244cb561f
x-chunk-cache-v1/chunks/indices-000037566107.z	176912	dc0679b0d14e1f9b9910e77b9fdbbe87ed3272f7ed58d35933fab3eb324040c5
x-chunk-cache-v1/chunks/indices-000037662184.z	177576	658af80852bfa8ee83b75d46aef7f779823970fc9a89e7c6bed4e4809f0433c9
x-chunk-cache-v1/chunks/indices-000037758261.z	180220	b83af94efb4abcb8d94c435d22bb57f91c7facdbd32742ec766a3ad5edff8e00
x-chunk-cache-v1/chunks/indices-000037854338.z	177192	24046c0fa6eced5491c2da1ee7149e493c11ea4a159f0585fd55bbe3b2808661
x-chunk-cache-v1/chunks/indices-000037950415.z	176602	e726333cc7e7f99e66c2ef9b01b380fc880cdc3db0a14f350a109e0ba8c94264
x-chunk-cache-v1/chunks/indices-000038046492.z	177727	f5141796d52635812448e2315e333532955d0aeef2ed3a34f4b4791ef1b95371
x-chunk-cache-v1/chunks/indices-000038142569.z	176059	2fcbd675605ef423b77bd19caeff7a1c63f1643b0c2f629b19b2f464d8f5ee83
x-chunk-cache-v1/chunks/indices-000038238646.z	180427	4a888a067a4891b0108557f6d7afb887bb3f49a321d8d34c662993d921498656
x-chunk-cache-v1/chunks/indices-000038334723.z	177041	23528c046161842a5ceaa27fb22fc1e157e6ad5d57af963da338520ea6e7eab5
x-chunk-cache-v1/chunks/indices-000038430800.z	178375	894c04283840e1f588448f38374805043578c4c781b55d5252f72307f5873a17
x-chunk-cache-v1/chunks/indices-000038526877.z	177992	cba5a67b4ac2df935582a5a6b615440846895855bb5ed74c7cbe9bea7f5140d8
x-chunk-cache-v1/chunks/indices-000038622954.z	176483	4867397277959aacc57935611020ecd3830bca96d69662f41e12b0c52b37dfff
x-chunk-cache-v1/chunks/indices-000038719031.z	174744	be7f885935bc25339a3de5fe8c517010a92aaa822c2dc36b7f54cbeb9d150233
x-chunk-cache-v1/chunks/indices-000038815108.z	176150	f71262a0b837324a055da50252b3140e1191f5b743f003e62934de57c660c19c
x-chunk-cache-v1/chunks/indices-000038911185.z	172248	054bf08ad5246bc06a071f6471f00a6e19ec5fd8ea6741f5ed64ced5e56a0c30
x-chunk-cache-v1/chunks/indices-000039007262.z	176963	fedc2f998c182f0d7be6b243f4ee42130b9217af280a3080568dcece325cb189
x-chunk-cache-v1/chunks/indices-000039103339.z	175720	9d9292afca1fe2e1f72db7ac1a015b3cf775c02f908ddf15934bc3c1217bfb65
x-chunk-cache-v1/chunks/indices-000039199416.z	175780	0a5e6de50773545ae96394f7db9332cfb1fcb3ab05b3854a54290fa639d8882c
x-chunk-cache-v1/chunks/indices-000039295493.z	175880	b8f856f6facb56c9a6767b764fe915e8f74d5eb8d9eb3417719386b4a49c08dc
x-chunk-cache-v1/chunks/indices-000039391570.z	176452	09c787e503fa78eb469da0b790f13bfa7c7259cb7e4fe9086aa7eef5a006728b
x-chunk-cache-v1/chunks/indices-000039487647.z	181330	4bbec926e69d309a1059a25058f8964d7e0fd7681d64c892e8fd854a9ed3d91b
x-chunk-cache-v1/chunks/indices-000039583724.z	181552	c954e58a9823ee094d1e4f6285b5464604abda7522607c6bab624b29c04ffa77
x-chunk-cache-v1/chunks/indices-000039679801.z	180735	79d98d666f0e33cfddfe06b96b7aaa3fd2b86c76d900c1f87ba5abe97139a0c4
x-chunk-cache-v1/chunks/indices-000039775878.z	179766	ab71add324f95fb0f9f6260d098a69b450184763d2076250bcb7c43ba940cb36
x-chunk-cache-v1/chunks/indices-000039871955.z	180221	7f763940039208377c5fac99755bae5a633cddebc8682fde5f9b96a1ede7adb6
x-chunk-cache-v1/chunks/indices-000039968032.z	180464	a19cfef6589c940953d886f2172925daeefda13e5149c668fa78e9ca8f42075f
x-chunk-cache-v1/chunks/indices-000040064109.z	178954	e203afa3474e3f604058a565896d23c533ef4736330632ab927c04373075bc98
x-chunk-cache-v1/chunks/indices-000040160186.z	180893	48a42ee4f15600853cb23953640e5c9c1dc1003817f336197e351f9a7fc89a76
x-chunk-cache-v1/chunks/indices-000040256263.z	180063	70678a15df32c312a4cbe57fee8822e0b96f124a89e584f155c8358a240f015c
x-chunk-cache-v1/chunks/indices-000040352340.z	179762	e7e5aa013e831f80a52d7f675f52393a44f58b65d2fa73f7b582f596c05f7927
x-chunk-cache-v1/chunks/indices-000040448417.z	183789	521f284a40ca722fd5d66aec28d90ca7970c38e0f3408efe824f9be5b00c146c
x-chunk-cache-v1/chunks/indices-000040544494.z	183776	68346cee5effd76414f7b25e94bd77b4eb450bfa990aff2a0bf93b756696e3e8
x-chunk-cache-v1/chunks/indices-000040640571.z	181688	2589918f2254c3af50650965ac3d39d7668767a979ea3f31d3be8bd7c8e27be5
x-chunk-cache-v1/chunks/indices-000040736648.z	182583	dc634d74c9da9dd45b8fc6544a586d9339b0565530795dc4a34021d8ee1084be
x-chunk-cache-v1/chunks/indices-000040832725.z	181386	44601e6d81eb4e9922e0940bf28f85025a0f4249cf7bbdcf11db3fc75b7a39e2
x-chunk-cache-v1/chunks/indices-000040928802.z	181001	031ef561b6c8e121f4e2b73f590bfbdb8152692f752c8156d6a140ed7b2a6ff2
x-chunk-cache-v1/chunks/indices-000041024879.z	181503	dce6436c27115bed6621605753b000d7f4a344f6a7eaec4fb6e2c874f8ba2db4
x-chunk-cache-v1/chunks/indices-000041120956.z	180217	fa7b4fa1ff7f22001e45ca9f3606ba8ef4037b9df9ee02f27ad918b918683271
x-chunk-cache-v1/chunks/indices-000041217033.z	180776	59c7ac926c8120d5b41ac4179fe0c3d8100481ca6aa40712abc2a2bbe6cc9eb1
x-chunk-cache-v1/chunks/indices-000041313110.z	182892	5720d04a9769fd0235b0f676d40639039abe633497a5e682ad9bd192f5dc1851
x-chunk-cache-v1/chunks/indices-000041409187.z	180194	3607700293f5d59374050c3da0d3965595b61faa069ff5bec978835229901d1d
x-chunk-cache-v1/chunks/indices-000041505264.z	180966	a308c63df48c5b71174ef96b600b87465b6d20c014ec085a55a9bb4d75734a6a
x-chunk-cache-v1/chunks/indices-000041601341.z	180477	79fba8fcc9bdb62f93154fbfef981b38cacf94d47a9a500c15b39c82454e9774
x-chunk-cache-v1/chunks/indices-000041697418.z	180693	ad5a827f087d177c56e6e2ba3193c19093c0d0121b34473c76ae8844c211ca7c
x-chunk-cache-v1/chunks/indices-000041793495.z	182152	39940cd238c919fd9b5c5f6cead3eda14e3406ba5f81beb99b847a31f2e039dd
x-chunk-cache-v1/chunks/indices-000041889572.z	179020	831c4bbf57ba4ae3771e6ffd7b31cebcec97a8fb6c0450c422c4dd572acb83cc
x-chunk-cache-v1/chunks/indices-000041985649.z	180004	ff59b89e6a9fb7eff8f18c76ee3fc1deb58f5b03870af33a4e7d05a9b076a256
x-chunk-cache-v1/chunks/indices-000042081726.z	178495	d1109ff22d540b6b135d69ac16e431446c78788fd51f99e0be4c2e2686753f96
x-chunk-cache-v1/chunks/indices-000042177803.z	180515	8c648bc4a283cae1dc317a401370d6ed9cefefa8b4aa6a709befc1937602e1b6
x-chunk-cache-v1/chunks/indices-000042273880.z	180147	a1e8f7ef91e177b420049edb8061b283df5071d6028e987909052704ca3f4d7c
x-chunk-cache-v1/chunks/indices-000042369957.z	181765	ff3dadfa822d80b48782e9eca1243aaf06a7dbf8cc9b52f9bf080d42b8742812
x-chunk-cache-v1/chunks/indices-000042466034.z	181460	f1d04c65d9c0b5110c0ea0f2d512b055baaae77bf483a8dbe4697cd928f9712e
x-chunk-cache-v1/chunks/indices-000042562111.z	178603	40b0dcf09af06237ab3d15c0da1fdc6191c2b112b352f9834025b8f82a9ea2e4
x-chunk-cache-v1/chunks/indices-000042658188.z	177807	c2f91219b3812004cfc39061d440a083150fcfa13ff41ea3269a65387a8bfaa4
x-chunk-cache-v1/chunks/indices-000042754265.z	183797	def7bad4c938611687fca7e38b82a9dc51e9031c39fe7fbe0a03f29e3a687d85
x-chunk-cache-v1/chunks/indices-000042850342.z	180876	9ac9fbcd8d631c2fdebc0b1a2092d00a822c08a3a0cd470927b925ce81c92c7b
x-chunk-cache-v1/chunks/indices-000042946419.z	183082	b63953fd5727dd10d3441f8d7d24ed9efc509d311786cf3b07122c59fb23478c
x-chunk-cache-v1/chunks/indices-000043042496.z	179895	13b0e8aa1e684434f7e6fb6861241366adefe6de3d7b7c0d2b1e97fec36b551a
x-chunk-cache-v1/chunks/indices-000043138573.z	179273	1c55053eccbc59d3cfba2f897225a8daa53c3ddc0a3e86c02a424476836b5c40
x-chunk-cache-v1/chunks/indices-000043234650.z	179820	065b4e803758a80746b029944b152db7233668505f3b7ac40808b2fcab7fecf7
x-chunk-cache-v1/chunks/indices-000043330727.z	180907	ca5fad3736d4b29543d6638d13a4abd1a52df53d68302010ff8365259eb0cf69
x-chunk-cache-v1/chunks/indices-000043426804.z	178748	71db849dd0b876c47bd1d9232692e3776c5c9dacf6136ed876eddb1ad52993ef
x-chunk-cache-v1/chunks/indices-000043522881.z	180844	0cbe8b15809eae9cfc49483870ca125c98bca5c84fb0b85dabe2a18f6d65fa09
x-chunk-cache-v1/chunks/indices-000043618958.z	183055	28edaf9003445c0c484de8a3fafea361c629cd1f4318e948b7fa6fb558ba498f
x-chunk-cache-v1/chunks/indices-000043715035.z	182882	560fa00e843e73ab44dd540cadb3644117310b40ae759c2718a04b0e22fb9b14
x-chunk-cache-v1/chunks/indices-000043811112.z	183260	cf41c6a4a1a57081a324bb62ee1d9b1cd40aaa528343f4f883c63cddfef6f5db
x-chunk-cache-v1/chunks/indices-000043907189.z	179935	df98d58ae2eb8e66dd9886d4b78d7c993e1fcf8f5f18021c0a866100c48dde16
x-chunk-cache-v1/chunks/indices-000044003266.z	179350	b3b8f2691c9788094ae703b1a2c822d4da174dc20f417655baf2d38c965add91
x-chunk-cache-v1/chunks/indices-000044099343.z	180116	0536bb459dc0b6329aa9e9f3ce804d3aa452a00e9a8ef936424488bb515784f0
x-chunk-cache-v1/chunks/indices-000044195420.z	179984	b9ac93b8e5fad09b1a1c12995d2a52d769d3e962f5378ccd7fde4f407558e419
x-chunk-cache-v1/chunks/indices-000044291497.z	180151	11efcdea11a0721a5b767217ff57c0fb7b7f41f65f552daebea179e7bcd678f8
x-chunk-cache-v1/chunks/indices-000044387574.z	182249	c4ab9b70f54eb8e4f02e5aef6320c96eef1c97a648b38ca29b970f0b6a82ae42
x-chunk-cache-v1/chunks/indices-000044483651.z	180551	cfde5eccf109d7d7259ec10eddd1561dd70064ce6cc90a1e5d2e82cca1ca5d6c
x-chunk-cache-v1/chunks/indices-000044579728.z	180849	3b7cb8911778c9ece41ba5a91a60db38613b90c1880d1085c825a86388ab4361
x-chunk-cache-v1/chunks/indices-000044675805.z	183475	583fe04f88aeb000eb8147109710fbac883ef69018d7e0471522c434f4c468eb
x-chunk-cache-v1/chunks/indices-000044771882.z	183660	b176ee08545a0d0117be6ee95a801b46010ddbbd52cccf53bc476e7a71aaa335
x-chunk-cache-v1/chunks/indices-000044867959.z	184105	63cbc0ad759fe950d99da49d13cb845ec9971f7c063e9c08894d5069584e6fa5
x-chunk-cache-v1/chunks/indices-000044964036.z	181222	b57098f599a2aea723347a5e8933b1cf5e098cee494ff5f6dc3686a2b142e625
x-chunk-cache-v1/chunks/indices-000045060113.z	183235	b298e54cbbc9c1eecaf37a3ac3bc16620e541b49f97642be9f63acc602d8cba9
x-chunk-cache-v1/chunks/indices-000045156190.z	178862	adf22b5098afe0d067332b7156116e615b35c7b4f1f3c3dc02a93239a57ca378
x-chunk-cache-v1/chunks/indices-000045252267.z	181027	a59d8a4c0483360695a654f86194427ee01f5e67e639d7441ec28db4b333129f
x-chunk-cache-v1/chunks/indices-000045348344.z	183086	72d4104b3217b5a6b3f7b2420d92276f7c0ff82a806cd65be1217d1cb9bf5b5d
x-chunk-cache-v1/chunks/indices-000045444421.z	183228	91f3d0642e07851de98b7dfd98eadf68b1583686efc35a010b4fe8e9b3777feb
x-chunk-cache-v1/chunks/indices-000045540498.z	181296	6e68885268e1782fa7168dc3ca6b331a0511f47056f40ae796592c742288dcfa
x-chunk-cache-v1/chunks/indices-000045636575.z	180252	bf0845c898d6476c4cd3cca4c5e174d65be711b442946b6f190116d29ca33994
x-chunk-cache-v1/chunks/indices-000045732652.z	181126	e3e67056b28eb4f08a481a8e134f1ff16be553e7f3cf596dc0058074027a7b68
x-chunk-cache-v1/chunks/indices-000045828729.z	181420	430d339631677458ce8d3c38c8589f652b1ca99d0487f724cedf6cf9b3270807
x-chunk-cache-v1/chunks/indices-000045924806.z	182338	d161b42cd0315413488ef67cf60d8b9c1f846794773b7e92e4f2a52a275c2742
x-chunk-cache-v1/chunks/indices-000046020883.z	181296	442daa7b257b7c4765136ee6104c676f245b816fc6f2894811f51ce16f1e3c3f
x-chunk-cache-v1/chunks/indices-000046116960.z	179916	1c00b849a81e261f52e885885d0b69c511dd98e142aa7526d069172cf8d2f141
x-chunk-cache-v1/chunks/indices-000046213037.z	179496	87bd58002417c39108741fccb0bb6e0fcfe596129e827363073e33619cb2bd03
x-chunk-cache-v1/chunks/indices-000046309114.z	179083	9456aa3ca73dfd31e25cb222d43493aead01b66a933d2965af13d96e9668a776
x-chunk-cache-v1/chunks/indices-000046405191.z	181306	6d42d2594aa68be0857f5ffafe2fb8485e9cec55885552dea63fd285a3c77932
x-chunk-cache-v1/chunks/indices-000046501268.z	180167	05c7f6dae08a5fbd504df2ef0fa685f17be98a500c3e21eea896e1e63be8d33c
x-chunk-cache-v1/chunks/indices-000046597345.z	179026	ef5bc9ac51c9e25b5bb42b4a826eb0798b6279adfa8297b6243989f7f20237c2
x-chunk-cache-v1/chunks/indices-000046693422.z	178154	1d41cab366ab450ee3d1b97d2ed1e87d6893cdeee4e56a1c825ccb71115fd72c
x-chunk-cache-v1/chunks/indices-000046789499.z	177476	9d6a972b7fcdfeade9a6f7da47b47d9c57732eb253e04bad85c56e118b3b43e5
x-chunk-cache-v1/chunks/indices-000046885576.z	177350	97668c659c60f162395f7dd67e557175dff2e21c7ef9528e5365c05b52ec9af8
x-chunk-cache-v1/chunks/indices-000046981653.z	181369	44c9b3a9093d42a767be8bc04efcbd6694327ce3c19e32e6a8eb7f358a150f63
x-chunk-cache-v1/chunks/indices-000047077730.z	173943	b3a61dc09eed77ee3a228070b8c970a31cfede43577f7d90db462d4ad6adc57c
x-chunk-cache-v1/chunks/indices-000047173807.z	179519	9f75bdea120d6df6183d7609066d15b8409b2f2dbf076e8a300287feb4ff7480
x-chunk-cache-v1/chunks/indices-000047269884.z	175616	41b94b5390698159551d1a99f7a74602924a0118820b04cd0f9d7ae6080e84d8
x-chunk-cache-v1/chunks/indices-000047365961.z	179308	47a0cca8ecbaf83805ce98b2c819af255385c98ad09c87af8e84eff0d6caa732
x-chunk-cache-v1/chunks/indices-000047462038.z	178833	fc879d8fc17c34be5d8551e3a3aa15c272d3a3d3fc9c1d390ea6c3a560cc5739
x-chunk-cache-v1/chunks/indices-000047558115.z	176151	7438d339d351c0a850b92cd6ad70882160fc47030ebf19d167c0072e44b98068
x-chunk-cache-v1/chunks/indices-000047654192.z	174847	5d2ab63ef1a1b5dcd89b027cc101d1a96eff7ddd3c2db8c701b995186dcfe870
x-chunk-cache-v1/chunks/indices-000047750269.z	177273	b66a9d0659c6881dfb53229e3d12360c33ea832093a8e355d74ee9514e386c36
x-chunk-cache-v1/chunks/indices-000047846346.z	177638	f8a27ab8fec40f7298bf1fcb4824af3857b0da67f6d8ee79a472ac300eb4d906
x-chunk-cache-v1/chunks/indices-000047942423.z	175891	2114160499c66bbd9c923f34e3b1ddd2c88edfbb68590d27eab361f51b222bc9
x-chunk-cache-v1/chunks/indices-000048038500.z	178930	375f97b42e73a02f682d997e89467a5e8027a80182cab89a3b32d269f32ee227
x-chunk-cache-v1/chunks/indices-000048134577.z	175950	8c80990cd3ac04c42642dbf04a8e050821f166ea0c7d144309a51377c14b1016
x-chunk-cache-v1/chunks/indices-000048230654.z	173765	175d933ac3b6e012b09b96aa473c20bbed5f39e591d010f85e8c9adf32839821
x-chunk-cache-v1/chunks/indices-000048326731.z	175174	b47ef17fa17aaf81baad8b5774b4dd0da311c7d05334e2d6fca1c9623805993c
x-chunk-cache-v1/chunks/indices-000048422808.z	176874	c19cdce3ba5ca25495dc0785472536714ebc4f83f383397f1d5e6e414e3dfd18
x-chunk-cache-v1/chunks/indices-000048518885.z	179105	49685d5265e34f1c420df0da799b211c585c692dc94cfe851b03f872b5a540ba
x-chunk-cache-v1/chunks/indices-000048614962.z	177198	940acda7ff3e64c7d3b23174e27cc559a3dc346eabcefec1af7d2a39d49095de
x-chunk-cache-v1/chunks/indices-000048711039.z	178003	28dd51f6b90fd67b5df8ec3afbf2d282a5b8b2285632ec8fa8e79bb44a2fa157
x-chunk-cache-v1/chunks/indices-000048807116.z	179642	ed5ff2418e3f5ac4c7268f2ea2bd9b43d531083a15c2a8677bd1c83a76f7a0b8
x-chunk-cache-v1/chunks/indices-000048903193.z	177739	b70b5e0ac6105c693b4385cec9b1908e62c123c577193257da6972ede77a8d97
x-chunk-cache-v1/chunks/indices-000048999270.z	175606	a2b9837691bdb5631c37825710181bf9a4f58b9703523d2dd893c98f26194d9a
x-chunk-cache-v1/chunks/indices-000049095347.z	175105	305dbd4453e75eda08213e11727828b0b0af22fcd604be81503212836114de04
x-chunk-cache-v1/chunks/indices-000049191424.z	176243	2f0719882c6f6de37ab456f646ff0c09fad065b592d21a2bd0e622bd6c01bec3
x-chunk-cache-v1/chunks/indices-000049287501.z	176613	3f4e924c2a87877b9ae82d9556675a20545ee2488556943d8fc3d4c10f2a61d1
x-chunk-cache-v1/chunks/indices-000049383578.z	175621	f0035cf9a2c5b56898afac5bb84df309c76f2d66e97f1bcc9f5ad58f521c359a
x-chunk-cache-v1/chunks/indices-000049479655.z	176418	1c466e4b6380bf71d557933ed230861bdc749a8087268c05e1f3be453481e8ee
x-chunk-cache-v1/chunks/indices-000049575732.z	176795	8d4c1084b246d31ed644e24161d91ef378eed75daa210476c1997a502361dbde
x-chunk-cache-v1/chunks/indices-000049671809.z	176811	3ef43a8ead8b3fd5e8feb22c8cb20bfc88748af0e5a766e0f638d4765eb41e50
x-chunk-cache-v1/chunks/indices-000049767886.z	175119	5b3a4b9f956d5518ddfc90140cfae1b676793b92dd8624ca2d50f7e25ea8b91d
x-chunk-cache-v1/chunks/indices-000049863963.z	177039	9c0c82a8da0b4527bd4ab6c3701067c40562db8cd20c7f06dfb172f9e8b79e8a
x-chunk-cache-v1/chunks/indices-000049960040.z	177218	7480fce56f29c0ac62b54cb7ff676464e60a9eea2d2b355a177937d91662a3aa
x-chunk-cache-v1/chunks/indices-000050056117.z	175818	1bff706dbd473fdd96ba1b4cc095924ee4245fcd33c30c37f2241f2dca079bea
x-chunk-cache-v1/chunks/indices-000050152194.z	177908	d869ac1a4d9ffbd3928b5c7489de2dcf26b2f6f09c5459e9082b2442e98ba873
x-chunk-cache-v1/chunks/indices-000050248271.z	178758	28603d5821e796368cc8f8151e72d9b8b1d2b1efec4b596c2551a678536af486
x-chunk-cache-v1/chunks/indices-000050344348.z	179048	0e18e3bdb3c357ef43aece9107bf2dc9419abbb0d932a634f48867bf300edb20
x-chunk-cache-v1/chunks/indices-000050440425.z	177348	2507af7b304fa0758b3962e94b15d63c459a5dac9c4e6cbb3f642b0cdf25971d
x-chunk-cache-v1/chunks/indices-000050536502.z	178687	a401658595ab2fc756471044def2a91634d39983843c51d02737b05593ae28c3
x-chunk-cache-v1/chunks/indices-000050632579.z	180447	dc63b30c278452c3c689316f9fc592c36985ff41b79c4960b8749ce9ee1d7d65
x-chunk-cache-v1/chunks/indices-000050728656.z	175893	0eb9c8c40936a249404667d4bfa760219ab294bf01dac06836324f8e58c5b586
x-chunk-cache-v1/chunks/indices-000050824733.z	177925	c411cb2e46bdea9cdc95d1dbb3672976a0f820a37f8856aae3074f1588905597
x-chunk-cache-v1/chunks/indices-000050920810.z	180351	dbf28695ff5ad53059320c61b34c9cec6f3b6367b8e60486a467b01514b4c095
x-chunk-cache-v1/chunks/indices-000051016887.z	177740	f80384a8bd19d5227a9296f323df96df56beb30c70cfa8a044ae754b581da883
x-chunk-cache-v1/chunks/indices-000051112964.z	176341	0f0cdac7174a002c240dc5eae3d2b4a13974ebb6b01c19f2b5a92aa9b8ada4b7
x-chunk-cache-v1/chunks/indices-000051209041.z	175261	e6ac5a7038dd7047207fef8cfda4220cd075a7a0ffec33c3e67d8941222198da
x-chunk-cache-v1/chunks/indices-000051305118.z	176120	769d192aa60213931a29a07806bbb894514ae857a5097fa7acd9accc7d675b41
x-chunk-cache-v1/chunks/indices-000051401195.z	178086	4f84aa1a316e90adc195215af2568817e8f3de8d3cfbdd90e7967c4ef48e0028
x-chunk-cache-v1/chunks/indices-000051497272.z	173483	7db81a54234623efc73633c2cad8c934a8016951f358c44027f11ed8feb3d4e1
x-chunk-cache-v1/chunks/indices-000051593349.z	176544	3dcf91d6b8766d05c2ceb8e20b42581f9d79dddc51000e92a7aaadd24b951956
x-chunk-cache-v1/chunks/indices-000051689426.z	178326	ff41d24867f5e1368ff7b0eb7a53c402551ff1ff4e55a28793d7b6d0f7383718
x-chunk-cache-v1/chunks/indices-000051785503.z	174792	db3d0d236b4342eee397322299aaecf87a5f400c052ce5a91df280b93020ab78
x-chunk-cache-v1/chunks/indices-000051881580.z	176448	e41379b16f2e8eb9e83dac48463b09fced0cf3d0b895583e5d75e2e35ff7c52d
x-chunk-cache-v1/chunks/indices-000051977657.z	177184	1ab082a38ff5970dbae754695bf66c60fa0d667105ced998a35f77abc54018ed
x-chunk-cache-v1/chunks/indices-000052073734.z	184288	aa763ec9b66aa282febe68a514941e4f820f6fa98378a48c4932b4b925cb1960
x-chunk-cache-v1/chunks/indices-000052169811.z	180017	595977a4c69975a4cdc87bcea9483a860c8b306dc5596596a935dd5ac6b0ba03
x-chunk-cache-v1/chunks/indices-000052265888.z	183463	b7d28137f686bc3f82746e6d2569c5720a449550a7ce6022c4f23b6b1931aeae
x-chunk-cache-v1/chunks/indices-000052361965.z	182962	d5deb2493d030659c18213066eff4f1d93f5a9431b9e21ea726fa7e171a70ef3
x-chunk-cache-v1/chunks/indices-000052458042.z	180723	e10dbf18d5f19ab78ed3775c6b3d9552ee354829f89ed24d86921504a668637d
x-chunk-cache-v1/chunks/indices-000052554119.z	181731	5c1502ac992de76a10426e08da9eab9fac0a9ba946c90b7cd5ae117ddfba5dd0
x-chunk-cache-v1/chunks/indices-000052650196.z	182205	91fee807d24fd08d2546e186e6d459095c2d77f66a364b678907d83863c21f49
x-chunk-cache-v1/chunks/indices-000052746273.z	180477	bb8fae9864ef28a802064252a1761e968b01ac7b62e03b6c1558e50090fd2391
x-chunk-cache-v1/chunks/indices-000052842350.z	177432	058931463cb5680a2df7c789e939f2dcb2ebe79fa1777bb29981ca76614f867e
x-chunk-cache-v1/chunks/indices-000052938427.z	175291	895ce9fc8b6cb28813aa6b943a477c66321a5e258830cb138679d078ae80e077
x-chunk-cache-v1/chunks/indices-000053034504.z	174432	0bfe515257ff148126c7b8214409180fb0c2828cc56489341c578f47b0d29f00
x-chunk-cache-v1/chunks/indices-000053130581.z	175628	b78c3b8b7a263e4c760eb7b7d5adb83f5435c16091f6f7c00a9aa73458ce20fa
x-chunk-cache-v1/chunks/indices-000053226658.z	173372	42af254e09c7d1784530dfb90f4f7b7aee40d4de25c61b8fc13321e4990a6c27
x-chunk-cache-v1/chunks/indices-000053322735.z	175833	545d68f5faaceb64430fdea5f772c1e0aea3b30d5a7303354bb4807db7bad351
x-chunk-cache-v1/chunks/indices-000053418812.z	177370	ff835c8adfc50d3a3675264ad7532146401209d50af7cc6926aedc6cee161dce
x-chunk-cache-v1/chunks/indices-000053514889.z	177547	5ccec8815fc6d0893a7584d49d2feb5b4ee3836e86b34f23a871564d44b996f5
x-chunk-cache-v1/chunks/indices-000053610966.z	174839	70058009b8a2ead79c27cca63fa4da4dcb75241ac835ac88bc3a2455999ef7d3
x-chunk-cache-v1/chunks/indices-000053707043.z	175699	fc7972bc3444ead34d736812b34f175d79329346fe4aa6e028ef7a032125b912
x-chunk-cache-v1/chunks/indices-000053803120.z	176509	cce382a12c01004528ff31a33b87686b5cf72e959b6822cfa905388ed4af0314
x-chunk-cache-v1/chunks/indices-000053899197.z	175344	6e2f219890973d79790ed2a55b33bc9d2ea23990c652bf1ee0b9c8512aa1198a
x-chunk-cache-v1/chunks/indices-000053995274.z	176334	f145f275e8de81e9f5d831acf26337c3f2f29313addde9b2589c10d432f72bff
x-chunk-cache-v1/chunks/indices-000054091351.z	174934	abc0f2b22f36e267d80520ec496dcbb1dab47c2d714e60e3fe0c3882a29fe1ab
x-chunk-cache-v1/chunks/indices-000054187428.z	172549	d8111b5e87cabb8a5b8a0e46b21badd1d3324fe82dbe0efa1edf78650960e83e
x-chunk-cache-v1/chunks/indices-000054283505.z	173953	7b7deb5efc73d1c4c1853a07dc2233580bd0f577f2a794450e6a4dfc7a326d4e
x-chunk-cache-v1/chunks/indices-000054379582.z	176393	90a4e12c46faf82315e08b0552a3000ed38a7c3480f7dcb1df1c6bdacd395a8d
x-chunk-cache-v1/chunks/indices-000054475659.z	176579	a139de6b1a49a13a47ae02c50a26a6529306acfb07bdcf04331d9746dcc7f3f1
x-chunk-cache-v1/chunks/indices-000054571736.z	172333	50d7c164ec4ce735a893b9d90691776991742df6dd9579a1e5abfc914dd88b87
x-chunk-cache-v1/chunks/indices-000054667813.z	175809	f192d0b111097e5571685f88a4c38589d9b8e05831096f55ab3f05f1228be127
x-chunk-cache-v1/chunks/indices-000054763890.z	175208	a317be079e3bf9b471979f8bf21b1ed2313d30d5fb187b4770c471e502214b8e
x-chunk-cache-v1/chunks/indices-000054859967.z	177570	8259eebe8ef9618eaf8436c5c819e7791728897450bedb15697bee3e5e8f21a4
x-chunk-cache-v1/chunks/indices-000054956044.z	183273	0a781617597e2bbdd94789e2a54f9feee3009358db06d9def0cce2253aec7f9c
x-chunk-cache-v1/chunks/indices-000055052121.z	183825	e7a5048501ba11d5adfef26653d5707584fcfedb62b6bdb832450b6e5e8793e6
x-chunk-cache-v1/chunks/indices-000055148198.z	183268	a90a8f1ff00d24461f0a773dccb12ebb68c9b9411080087d488f3add0c40dcad
x-chunk-cache-v1/chunks/indices-000055244275.z	181030	a15e053547fa5ae08a95ca94a4a0bf3f2f91ea79705b2e2179a805491fb78c17
x-chunk-cache-v1/chunks/indices-000055340352.z	183285	6ce82560913b15d0681eea4a489de205065f39aff16d0205d2a5455691d86e71
x-chunk-cache-v1/chunks/indices-000055436429.z	182659	b33d203c8a6ced47a1f68a0bc652f8a3559f65be894b0c4246db55cc37401e15
x-chunk-cache-v1/chunks/indices-000055532506.z	184734	60e2c391735369b9093e680338ef65f64f76a1f04af3c0ddaa7e58baa109e765
x-chunk-cache-v1/chunks/indices-000055628583.z	181719	a1757d2986d173a96edcae536c24b16709de9154ffbb271ea125092fdbec1687
x-chunk-cache-v1/chunks/indices-000055724660.z	184510	38a599bb21352dce71525c35d473bee5fea69fe5bf565a6bea241700811604b6
x-chunk-cache-v1/chunks/indices-000055820737.z	182937	3af8a54cb83f7afa834e465092439612b1dd4ba37be17275e7bfd268d9d0dd09
x-chunk-cache-v1/chunks/indices-000055916814.z	180528	734ba60caf41e8e6d4bf4712cc6065edec0eb0418e057255713dc59d66190684
x-chunk-cache-v1/chunks/indices-000056012891.z	178782	58a9363a6f5195ea42c56cce9dfe95f9c1562623d790b1aeed24a470dec4e403
x-chunk-cache-v1/chunks/indices-000056108968.z	179887	d9e6d4e5d456c8bd5f7a3e02002554c0c28b9411314917f8b9b2226fc22f6498
x-chunk-cache-v1/chunks/indices-000056205045.z	177533	a6a342007373968502248de55418c3b4dd1e9d20e317bd02ba4c9c663bf34b5a
x-chunk-cache-v1/chunks/indices-000056301122.z	180619	c0ad2fc3094770b80cd827b8c0f4a14240cb597170d7e8e918e01bd5d9986b86
x-chunk-cache-v1/chunks/indices-000056397199.z	186461	1ace5f9d5b5e8f9c7a27d408f99d4e8a05e0b913464103bb12a5063e7b96b304
x-chunk-cache-v1/chunks/indices-000056493276.z	184438	dd8361aec74f8bd65a5fbbf43cfe9005f5d83f1a847ec784b3b0597c01bf9230
x-chunk-cache-v1/chunks/indices-000056589353.z	186042	264c6627dd0fa04bf1286cb4038a5b3c859c9c992f8e143cc5509f9643e0db79
x-chunk-cache-v1/chunks/indices-000056685430.z	185851	50f15923fd5126719ccbeaf120d4e9cb05d95c672b9e27181f545fb079ca7a9c
x-chunk-cache-v1/chunks/indices-000056781507.z	186133	f6532b614b8964e2d873b4a729922fa4e0cbeab440dc5e44bc598abf6ac7fb0a
x-chunk-cache-v1/chunks/indices-000056877584.z	184246	b0a76a115d3427a424b00c5555628b7b7971938ee3d650d244be6e1bcd002e41
x-chunk-cache-v1/chunks/indices-000056973661.z	181134	506c8119e02faf0ee1935e82734b29ae2750abdb952b3ac4aa832acf62b00d40
x-chunk-cache-v1/chunks/indices-000057069738.z	182718	02a86be216945c9d7b06d4386a93124e00830a42bbe276b16002e36440054d2e
x-chunk-cache-v1/chunks/indices-000057165815.z	180536	b8dbddbadb5b3dab832fe27b9ccf741e847c5f73ac3bb776caf952968c9ec14f
x-chunk-cache-v1/chunks/indices-000057261892.z	180654	73ec4cfa8c28ad4ec677d5f66b948cf033e4652c2ce428b3638a7345d29b8265
x-chunk-cache-v1/chunks/indices-000057357969.z	185413	bd68477a600f595be0af5f682248a4ad85b26896ba615465803b39f2f0bd0426
x-chunk-cache-v1/chunks/indices-000057454046.z	186234	0b7963ffc063823156ac162c098b0b6e11a1327dea502b31fe5c6ddada0f599b
x-chunk-cache-v1/chunks/indices-000057550123.z	186150	55cfa1846998aa0c0b7353a00799159d764388fc34f58b85260319fe723e14ab
x-chunk-cache-v1/chunks/indices-000057646200.z	185981	c32d3d5a8d64d0310ea47493cda812e58c7e8064e1edf0d57ffed4bf7e29f061
x-chunk-cache-v1/chunks/indices-000057742277.z	186804	ef62944effdc59eadbb7fb62b83fe6c46022f9d446b17f558555bafa8a0fbcbc
x-chunk-cache-v1/chunks/indices-000057838354.z	185089	937c25dab5d952e6038328fe848cb2b72ac6960512ffa08e44a4b6aec37f44a2
x-chunk-cache-v1/chunks/indices-000057934431.z	182612	f8c9d6b7950aeb43f55565685577adea6622907463e5c5a4081097725768b9c4
x-chunk-cache-v1/chunks/indices-000058030508.z	181590	7d1b9673b1237970aae491915460b568af4873c53bc182f0b9ea47097028edfb
x-chunk-cache-v1/chunks/indices-000058126585.z	179594	9d543e1bdc665b9ee8378198308e07fd521bda99346f1aef6a87b4c67c1e69ca
x-chunk-cache-v1/chunks/indices-000058222662.z	179335	9ab16d2e102b81fc3616e382902439cd2399fee8013f0c88be68ec6ec992e9e5
x-chunk-cache-v1/chunks/indices-000058318739.z	180844	2f9ede5235c6c05331cf444507a1151e9d30452e685a8cb94232f3d66de8b0cb
x-chunk-cache-v1/chunks/indices-000058414816.z	179551	6e598ad65a86464abb20903c0b463c4d22aea2c7617e89a7bcf794002eeb322e
x-chunk-cache-v1/chunks/indices-000058510893.z	180008	2f13e43a59c5c619adbe6ae362325bc3fa03a4af9ee20fadda705bbcec5dd1e9
x-chunk-cache-v1/chunks/indices-000058606970.z	183119	1554016666b0b4b15574c52612214b43b3c384ae0bcadec1a251414097f78ede
x-chunk-cache-v1/chunks/indices-000058703047.z	184692	d2e33f2bed9d6f2d09013f76d1071c2cd40dd63486f2430af0ddfc7412efd190
x-chunk-cache-v1/chunks/indices-000058799124.z	183753	627b2a27ed2b45dbe5f83b9151c8c15d92f37910d49b726fd3b1124c44a212e9
x-chunk-cache-v1/chunks/indices-000058895201.z	185703	28596db6cb92d30d8c6292e972fa44a4ba9f169b8d61f4ac7c8d20901a81630a
x-chunk-cache-v1/chunks/indices-000058991278.z	184593	837745cb7a1252769f20408f3b7a9196e17fa6bd15d6202b2077fb4abde908d1
x-chunk-cache-v1/chunks/indices-000059087355.z	184725	c387b817e790911c8a590edf1e1867cf8a3c08ac26ec69d2c040e96b8ae4e8b9
x-chunk-cache-v1/chunks/indices-000059183432.z	184631	7d9750822458a2cf6b91fe68397c16f2ee24e597d398f77355613c77e6e65cfd
x-chunk-cache-v1/chunks/indices-000059279509.z	184594	683cc2683b9517c4c0b3b844b186f9ea51777cfbe5f3c5a95c80ba7f46e3c289
x-chunk-cache-v1/chunks/indices-000059375586.z	185659	a9722c9a6cd4683c31c1e16d7450258085cd21524838c7a7fd82d6cf7873cf5a
x-chunk-cache-v1/chunks/indices-000059471663.z	185139	93e1207e1714fea60292de8af1d377503641a0346b0f35cbb180bf65a6c508b3
x-chunk-cache-v1/chunks/indices-000059567740.z	185014	3ee39d4192514289ba4e3e9039f0da61fa79dd142663ed76b6ed1f8f86cee42d
x-chunk-cache-v1/chunks/indices-000059663817.z	184523	5e910d645512a6742216b5f02d52cbc9cb31464b8968620941139d7b44e0e698
x-chunk-cache-v1/chunks/indices-000059759894.z	183589	461c496f87af0d35356d0bef49c55edab1d8f25bd382a31c78b476e5177b8a21
x-chunk-cache-v1/chunks/indices-000059855971.z	183847	f65380b1cb78dd3629188f8524be0bee200d4c265c2d1ddd60bead910155afd4
x-chunk-cache-v1/chunks/indices-000059952048.z	183598	02795647e6813770c2b9219184b226bbd5ba27b1f9345186e5ac2bb811023123
x-chunk-cache-v1/chunks/indices-000060048125.z	183544	33d1250280cf39d2185de4f1a1456f3016ad7ba735cda38a0025f506fe14797f
x-chunk-cache-v1/chunks/indices-000060144202.z	183562	799bafb6e447ead1e8cacc9556c4c6e0f0ac70d58f13e1043d250d0be26def72
x-chunk-cache-v1/chunks/indices-000060240279.z	184462	46301a10b491d67502428d913d326bab96d5eeaf9f99b1a41b0235725ef250e7
x-chunk-cache-v1/chunks/indices-000060336356.z	184754	8be403ee92d4dc3af76b5ec77d01ffc2632a5ef3c979a64e72ed342051656fe5
x-chunk-cache-v1/chunks/indices-000060432433.z	184506	e78b31d138bbb85084877ae0e49d7a246a3b85e29ea3a1d76a0e439b51f98c4f
x-chunk-cache-v1/chunks/indices-000060528510.z	183221	cd3f709d503a5df716fe7127b7e4bd75a515caade54396a7ace595e45d570acc
x-chunk-cache-v1/chunks/indices-000060624587.z	183295	7864ab79376171f5dfe1953cc5c23d711fd8c33f3c37bdcc91f10e520b10d9ce
x-chunk-cache-v1/chunks/indices-000060720664.z	181316	33faa5a862b79d20fb990c3e1dc86a6d0336692d6dff8eaa6e4b9f4b30ec2cfb
x-chunk-cache-v1/chunks/indices-000060816741.z	178762	006ce3745a42499d511af30153d57fef00afb846c717682a08931089627deb9f
x-chunk-cache-v1/chunks/indices-000060912818.z	179283	634e82c658a64fea20ceade1cfbc1aed4d452686c14a04d6b9f4cf3d1b8ee133
x-chunk-cache-v1/chunks/indices-000061008895.z	181249	85363c03eb88e059d5c7046ec511d5384c6b66ba336a919d527886ed1ead3213
x-chunk-cache-v1/chunks/indices-000061104972.z	180532	e2f37a717aa21552262254dc7b45fd3eca2890f07d57a90b32731e48f2dfa021
x-chunk-cache-v1/chunks/indices-000061201049.z	182245	50f381f5bbed9948ef10d51c27a7aae9fcf474758d3fa9f9edac2c8236e5f8a5
x-chunk-cache-v1/chunks/indices-000061297126.z	178119	28bd6e3e2af21bb6fc611f2f5caee2d7ca6df3b72c7c06e224c4dd93bf4578b0
x-chunk-cache-v1/chunks/indices-000061393203.z	178932	c3361940c8023615a07ac732a694ddff507c82610ab65928a16427b31264ec58
x-chunk-cache-v1/chunks/indices-000061489280.z	179886	2a56d61d1ea67152cb9574f9fbe5cc0de47d932a2f363a4ab8177ec2790921a3
x-chunk-cache-v1/chunks/indices-000061585357.z	178996	6296f3a02e04d1e55401f542a0fe354d43577cee3537ab9d8d99f64224ca1f04
x-chunk-cache-v1/chunks/indices-000061681434.z	182326	ce4edd7ee0671e09e35653c5a01905ad9b04127105e289bf1ffa760dca73c36c
x-chunk-cache-v1/chunks/indices-000061777511.z	181860	01a3616ba3bb1cbedb1af19b506c4210963592b13f227054138bcbe754e23d88
x-chunk-cache-v1/chunks/indices-000061873588.z	182820	933d6365a251509173c4cff7fbe3145456d03fe49ff0eb7f2899aec0bcff3cc4
x-chunk-cache-v1/chunks/indices-000061969665.z	182037	e732ed9fe593e00ed43f85d0cb3406e21e42a9131eb9913cc5ea5d0f5511ffbb
x-chunk-cache-v1/chunks/indices-000062065742.z	182293	0b6c14cd2d1ef6d81707f3cb5a2c866796e0ca4018b6d512fb71da226344a0cc
x-chunk-cache-v1/chunks/indices-000062161819.z	181053	99a3d9ca7091439d6f59231bd0eba86276dfc25e05fa3fe8dd4acc67f6030c09
x-chunk-cache-v1/chunks/indices-000062257896.z	181060	c60654fa2ddc92b54a7c5f42f1bf362a99ba58d27330d25719fa56d8b8521a2c
x-chunk-cache-v1/chunks/indices-000062353973.z	182537	d6e7bf2c2b6992fe4767fe22b66f7bcab7a6e80d06d277984f0cfcbac1d04033
x-chunk-cache-v1/chunks/indices-000062450050.z	181090	31f9e6d423265c33daeebdf6666b4918854e4d49f239a915519957a2fffcf81d
x-chunk-cache-v1/chunks/indices-000062546127.z	182420	dda86566b9211157f4a7c9009a581a2d6525050c446c39c999de4c9b01ca2614
x-chunk-cache-v1/chunks/indices-000062642204.z	183238	a6e32510b301ae4a87f8fcf4135738452b0f4cb8a0b9c35b375e67d187141bda
x-chunk-cache-v1/chunks/indices-000062738281.z	179886	dccb66c07c8983b744f86cb08419a0811bbd9edbd2ee57563a5715259ea00567
x-chunk-cache-v1/chunks/indices-000062834358.z	181989	60e6cd86aa2ff2712b63a485dc4ab32ce91ca26fc62e0be27322f7cf820dfeec
x-chunk-cache-v1/chunks/indices-000062930435.z	182115	74acabb6abdc3b468cec69f96f396853ba61ff883568ff716b441655f687ead6
x-chunk-cache-v1/chunks/indices-000063026512.z	183155	3ff2ffd59f575035fdc3f19b71fa2233d2a597923a234bc3265c156a85eb5fb5
x-chunk-cache-v1/chunks/indices-000063122589.z	182118	0ea10b4d87424bf9717be389acf28dc84f2ed6787f88cff0164be0f36ae035c9
x-chunk-cache-v1/chunks/indices-000063218666.z	180696	05a22a6ebe36905ccbe1c84f2d3d6fd5886e9e4ac4c1857d119dd6195defcbe8
x-chunk-cache-v1/chunks/indices-000063314743.z	179573	526176b42cd793eef32f3e40094b256a6a1caf3a9a372cc7601d600b4f54edab
x-chunk-cache-v1/chunks/indices-000063410820.z	182431	126900c4a98de59b07cf1be0f2de23cefea94c59b82a4a3c7010fb1a6fe24be7
x-chunk-cache-v1/chunks/indices-000063506897.z	179983	014e4df7c04e74df8a7c206b5a9c4063aedda6576fca4b954d2c1058fbb5e3bd
x-chunk-cache-v1/chunks/indices-000063602974.z	181276	916b065c425611641249a488a575a110f8af67708025a78745063c6d1dd333de
x-chunk-cache-v1/chunks/indices-000063699051.z	179827	731b7552c0a6320321ffef74708dd0bc103e591f92ca24b778968d3d13671f1f
x-chunk-cache-v1/chunks/indices-000063795128.z	181975	bdae6a3fe304c4e46bc11613a65cabd2094ad0ddac207cf3dffa96faaf0b889b
x-chunk-cache-v1/chunks/indices-000063891205.z	180521	33e12cd5ef190f156c1f6734112314e59f2556d1c983436b5f32cfde99fa26db
x-chunk-cache-v1/chunks/indices-000063987282.z	180166	7b231a716b68e62df0a121f683950df371006365b683ab96d67029f5156d6ba3
x-chunk-cache-v1/chunks/indices-000064083359.z	178336	64644cea3bacc3c412ba47b245dd64b61aa4f198a47fee1b6d3088913e0a10e0
x-chunk-cache-v1/chunks/indices-000064179436.z	179319	6e71fabc21c494750c2409e5baebfb66241071fa1ebceccc7841acba81434e03
x-chunk-cache-v1/chunks/indices-000064275513.z	178295	e0ee56c694088cc2b028e95662bac5022e290af6ace1c4ebbc5869bf1b08722c
x-chunk-cache-v1/chunks/indices-000064371590.z	178542	a8b7c1cf8d0f6e89719b4f8b783b5d812259daf333d07d8c5a5183ec011b36d9
x-chunk-cache-v1/chunks/indices-000064467667.z	179460	41092f25a7e8eb6771ecb082f25afef65d28bfe849afad716af965e660bfe396
x-chunk-cache-v1/chunks/indices-000064563744.z	177308	9b0c0825153a476717f107a74c7ee629d0905315f0c3603ba87a34cf943d3564
x-chunk-cache-v1/chunks/indices-000064659821.z	176959	e7b90582c1ebbc484ab5e7fffd4ca7de828822c44590c4ccdd8dcc7418c79131
x-chunk-cache-v1/chunks/indices-000064755898.z	178339	731813c97363ffd253676a5907105b33b0dee0097b92a6bcf5764d98ad74427e
x-chunk-cache-v1/chunks/indices-000064851975.z	178574	961d2801304903437ae040c25d183d392e3a9e60444887320ba2b7c2eceaff4e
x-chunk-cache-v1/chunks/indices-000064948052.z	177428	d24086adb239c4de0ab35b7cfaeaa1d8f7c7503fc93ec7e08d7caecb128756da
x-chunk-cache-v1/chunks/indices-000065044129.z	174337	0ca0e9ceb1d5597c38fc94ce915c6d6dca90defbcb16feacfb14a69b937b95ee
x-chunk-cache-v1/chunks/indices-000065140206.z	176224	70c864ada2f7790055478a5c1643c64f7d68e8bfe66ebf21c5f6b93d790f24c6
x-chunk-cache-v1/chunks/indices-000065236283.z	185187	b343e92c47b5569a09cdc8526a310dcf9fd45d12822954d3700e5a8b4369b995
x-chunk-cache-v1/chunks/indices-000065332360.z	184069	0cbcfa2a4ab2f3f3baf61904fc7aefdfd8fea0df3994625d13960d840f87909d
x-chunk-cache-v1/chunks/indices-000065428437.z	183466	3e6b07cc7f2799aa1b88321135beb21db29114b673de51b3f289143fa4b2dab6
x-chunk-cache-v1/chunks/indices-000065524514.z	181545	54631bfe216ae1c0c6298e5c0186458ab119cf36e2dded5f61c1e2941747856c
x-chunk-cache-v1/chunks/indices-000065620591.z	184492	85dbc699794c13b78a8bdf4f6eae0e39070a509b61c244ce276c2595b69bb27c
x-chunk-cache-v1/chunks/indices-000065716668.z	178971	e51a7fb669c07051eb9aac83273c015e9414da817568b23c93289cfc1ef833d5
x-chunk-cache-v1/chunks/indices-000065812745.z	182388	e34c6ff6824f37f84e6ca15810513305f35ce7ac230fad8cf5f95811eaed53a6
x-chunk-cache-v1/chunks/indices-000065908822.z	181286	ed490edff478a2a424e41d8facac22f9fc52e3e3c10b531599342243be208234
x-chunk-cache-v1/chunks/indices-000066004899.z	181707	b8681d468c895919578b8b263947be47d094dfafc2d000bf8b84445b86b13bd1
x-chunk-cache-v1/chunks/indices-000066100976.z	181031	45966d86671d56add19866c9af484234ba4c0adab2395b9b13c67a1f23db3727
x-chunk-cache-v1/chunks/indices-000066197053.z	180916	c5531d669e22d2967a4f155e95cb45fdc180efb3d954369b6633c8d7c4577cc1
x-chunk-cache-v1/chunks/indices-000066293130.z	178668	58593acc24171008b350b269ad474ce7d284e32f3e220f0c50ac6541590633a6
x-chunk-cache-v1/chunks/indices-000066389207.z	182179	7039c2ef02ad16eb655491c2a7b81b830021a36cdbf1ce859a0fe5f73e21477a
x-chunk-cache-v1/chunks/indices-000066485284.z	181859	5624cf0af3b20d994c183ebd7b5fdebf1dbf823ffe21e67ca60057e6f787869e
x-chunk-cache-v1/chunks/indices-000066581361.z	181514	315c4fa3ffc17ffab8fb939bcf1eb1ecd8a6824f19530c476725f1a1f6087ef9
x-chunk-cache-v1/chunks/indices-000066677438.z	180673	0dfb6a773730d800fe05b38e38a03c9ff285e80d1e8e4c81da6f655fd83200e3
x-chunk-cache-v1/chunks/indices-000066773515.z	178502	cb1d3cba172e9b1e3a01ab3a5645a02eb610b9bb144221d889e73a7a5098244c
x-chunk-cache-v1/chunks/indices-000066869592.z	179795	b4b38122b8ada4d34b1d2d921762daeb5e32d2d7f2e8c3d6b96cc986a801ca81
x-chunk-cache-v1/chunks/indices-000066965669.z	182405	fc064962c8efdfbd6200a6a275a25c606ee4db336d4231ce9b120a7d62a370bb
x-chunk-cache-v1/chunks/indices-000067061746.z	180687	e974117a73a73e5f8c13a8ba7549147952e4ef9acab7e597e0f591756953434a
x-chunk-cache-v1/chunks/indices-000067157823.z	180789	abbabb18b6f5dc25b115b12a52acd8a9258cafb383b0d9893f8f3e8a2d663739
x-chunk-cache-v1/chunks/indices-000067253900.z	180450	3ed4c9c387d0d03db51429007b1728a40ea3f2cf7593d3090a0adf300eb7e392
x-chunk-cache-v1/chunks/indices-000067349977.z	179798	3ab6601a7a24f41fa0df5077531e045adeaf19a2c8683f9dee7ece6e08bb91c3
x-chunk-cache-v1/chunks/indices-000067446054.z	178815	7325b7bab29604ca6089f7aafdcbd11a1d5f8b7035e0c87d4916658d0dc641c6
x-chunk-cache-v1/chunks/indices-000067542131.z	181979	728b4339c65603819592ebd9f5578673f37819208138b80378b4509088748ab3
x-chunk-cache-v1/chunks/indices-000067638208.z	180273	08d881918c26c0b10ddc7b751b4641231fd139dd15066b8f9bd528d1f383efcd
x-chunk-cache-v1/chunks/indices-000067734285.z	178982	41cda7a5a4682f3e2dddcff79b73433bcbfb5812f33dee6f89980ede1465b235
x-chunk-cache-v1/chunks/indices-000067830362.z	179144	bca502da10665485156aa03ab25602497d2044e0e24123d1563c37ebfecef715
x-chunk-cache-v1/chunks/indices-000067926439.z	181168	be9d083be7b08c460cea6a5b23403358de64729e631d62b0dde2bf467d59e5ca
x-chunk-cache-v1/chunks/indices-000068022516.z	182009	a4e7010dc24f9c076da249a23bcd800309a288c06c319035e6d11cf093c43e22
x-chunk-cache-v1/chunks/indices-000068118593.z	180909	256dacf2029365ea81785f0295f1b536655432da6a67a2fa41694197f4f78157
x-chunk-cache-v1/chunks/indices-000068214670.z	179979	ee7cd9041e0ac4863372c36728cf390baff848c7c861fe3d4406e02b6293bf67
x-chunk-cache-v1/chunks/indices-000068310747.z	176836	b6e20a27f1428c580be99103f76000e05fe0fde0c690f468ff55eacea1196704
x-chunk-cache-v1/chunks/indices-000068406824.z	181020	cd49eedc07fe93abbeea25b26fbaea4f5b8d91bcd551222bf253a296d51233e2
x-chunk-cache-v1/chunks/indices-000068502901.z	179183	e0a544ffd0684f948e77407acdd5ccea56e53cf0097900f2f9c58ca0c9cee768
x-chunk-cache-v1/chunks/indices-000068598978.z	179524	fc6945312647ff00de138dae4cf0d44dabe0ae1624c2cd87f5705deb132de495
x-chunk-cache-v1/chunks/indices-000068695055.z	179785	9f015c0a8f778867e3f445afa34939708692f01ea4cad4fa50df71674eb38a35
x-chunk-cache-v1/chunks/indices-000068791132.z	180117	b6a5eccbc4cc25f5f1dcc1af28f4bb270cda3b9bc6de8a8ff0b2bb947bd9912e
x-chunk-cache-v1/chunks/indices-000068887209.z	179081	9cbb54429f21cd5cafadb07d8bf639f4a26413e54a8d74343dc040596f91adbd
x-chunk-cache-v1/chunks/indices-000068983286.z	181200	f6d79f7c79b9115b42f26c16e2f510f1fb442cabfdd2de6506bf5e1a1a42465a
x-chunk-cache-v1/chunks/indices-000069079363.z	179969	f8bcdaabee852e73ecf120db9a42e94b9648f78cafd0d5a1b0f91c3d8addfa50
x-chunk-cache-v1/chunks/indices-000069175440.z	180467	c0e7cfcf38ff2d264ba17d8b7e593a052d26ce22c9dba0c7a23d9936a1ef19ac
x-chunk-cache-v1/chunks/indices-000069271517.z	181456	abd2b9235f45cf6a15b0e0b65bc5ce940c64f3a256eb06eb12e60c03d235953a
x-chunk-cache-v1/chunks/indices-000069367594.z	180395	6033f182cd4836cee6af598b4cc0643b9415e9dbff4875323b75d93a52429d29
x-chunk-cache-v1/chunks/indices-000069463671.z	179610	b43bd8694f65fe18312f07cd3f62b1913ac63e5f793f83bdbc92f9107cc6221f
x-chunk-cache-v1/chunks/indices-000069559748.z	178234	33466bb9dcfac05f1a09c1215104611ee0dffb65b6dc144dea4660239c7eda05
x-chunk-cache-v1/chunks/indices-000069655825.z	177859	e360e76b674286af776a8555e0cff28510f46b8869d7caf53b6312581e71c663
x-chunk-cache-v1/chunks/indices-000069751902.z	177004	2c43f080bd771390a0cb888fa58198fa1ee1178fa4b5e6d98f8f228f30ef71bb
x-chunk-cache-v1/chunks/indices-000069847979.z	177905	ad03c9e7b57f3ebe164287bfe4dc5a399620c58400e16eb767a374874b3d0a3f
x-chunk-cache-v1/chunks/indices-000069944056.z	177946	b4c0a1ebf43dbd52a787267b15b5456913e8bde63edca8aff6373f98e34e7563
x-chunk-cache-v1/chunks/indices-000070040133.z	179205	092e0d8ed0459ccc4237e32d2f63021c0bc577edfc2eac2dea4f4c439832984f
x-chunk-cache-v1/chunks/indices-000070136210.z	178472	bcaf92a002a6cf2c8ae366a3e959e1204e3d5bbc990191eb67f73af96755ed4b
x-chunk-cache-v1/chunks/indices-000070232287.z	177989	86e2aae925a8ab12ad3cf6e67488a9937e9ee0621c8360e7e250b0bf8e2fbaa1
x-chunk-cache-v1/chunks/indices-000070328364.z	179471	0e08532a01fa2be6dcd1bbbcd45780cdffd38a52976b2da68de7cf37a01c369a
x-chunk-cache-v1/chunks/indices-000070424441.z	179245	7bb7d755fb502121cb16ddf9e5f3e720111d42a226937f3d5f4136b5ab2a9b2b
x-chunk-cache-v1/chunks/indices-000070520518.z	181266	f9cd5b40a90af9bd3631b8e2d9ad54c259e608a9ec9e487c0dced8578dd0f242
x-chunk-cache-v1/chunks/indices-000070616595.z	177090	e4016077e903d35cca7d875fe925eb2ce5c9d65647dc80e6e268192759305cad
x-chunk-cache-v1/chunks/indices-000070712672.z	178069	cf45e5ce7f7bc9324610c0c0f6e32c69638629fae3c8d7fdb0bc9c994b79ef09
x-chunk-cache-v1/chunks/indices-000070808749.z	174354	2d97dbac434e0a2a1abc40f6746924fc68d59bcfdf47daad00a0f5c09de407a1
x-chunk-cache-v1/chunks/indices-000070904826.z	180201	77ccdd443da2f38987a69cbccc3a81bf1e14bcbeb3fbb3decc79678a776f07b7
x-chunk-cache-v1/chunks/indices-000071000903.z	179270	0ead7887a654bde70e26c22c9daeb69ee88522bd70bdd69ced54d166c38aa106
x-chunk-cache-v1/chunks/indices-000071096980.z	179744	cc02fb832a449c4e0b438d8a7acd3ccd839a3cf69fdcf9e1adc939bee4efefdd
x-chunk-cache-v1/chunks/indices-000071193057.z	184628	b9d143db4a39f5e8744df0b1c96e55708da8d870c20ecf70ea705fa6d58689a7
x-chunk-cache-v1/chunks/indices-000071289134.z	182753	25814f650f5f076d54922a95ef085094e67b74e77c7202b49c39e1453fd85bcb
x-chunk-cache-v1/chunks/indices-000071385211.z	183598	c83b25314ef869490c0fac168138bfdd7d9b2fb741beb3ab79433b163acffac8
x-chunk-cache-v1/chunks/indices-000071481288.z	184440	6d95ad5ea6f42aabf4743f36adeadaaacec5245e9f62f2725d1f45009fb7d246
x-chunk-cache-v1/chunks/indices-000071577365.z	184146	126e7e797fec6917c92d178edc5871c708fea543e07bab2f4e28eaa0e9a91831
x-chunk-cache-v1/chunks/indices-000071673442.z	183140	a3dff2a480c959b7f4be60fe0cce6a6466429e0d38cb7438d794e1922542abc0
x-chunk-cache-v1/chunks/indices-000071769519.z	182907	cbf1f4cd8c8f4f631618ba5d3413008a34d95d3d41ced8f3490e1f632ff9b9db
x-chunk-cache-v1/chunks/indices-000071865596.z	182023	d59d3654b2c01bbe19b20d4e73eeef2bf2dbffa676281e0ef94f13be1cc4f3a4
x-chunk-cache-v1/chunks/indices-000071961673.z	184051	4a33a4345a8614f1719f30d244c74e00cf2058450e04e02dd83a3dee9954ab80
x-chunk-cache-v1/chunks/indices-000072057750.z	182589	e50921eb9cc60b0445034e19bf891979a994796e50d52e9837955329024fc417
x-chunk-cache-v1/chunks/indices-000072153827.z	182379	2ab71b9aa04806926e6b11a687529e35fb073599cd12c33f29d7ab2f5702c70e
x-chunk-cache-v1/chunks/indices-000072249904.z	183048	67a4cecdb74dea80ff4d6a6a5f5cd323d51acd46b2c995efbf9754420692db4b
x-chunk-cache-v1/chunks/indices-000072345981.z	175928	203a54bf570cd18139168b9d7f133a5311b76fe02ec88a8c6d0b6f8e71fa8cce
x-chunk-cache-v1/chunks/indices-000072442058.z	175880	fa6fc3deda36f3886406747676f431ba2bb39a3971c22ccb47d69acddd0bce9b
x-chunk-cache-v1/chunks/indices-000072538135.z	175001	b86ddfbc9ea12e19b7d89d291381bd268871542da3b856928b40a9d88175f8f3
x-chunk-cache-v1/chunks/indices-000072634212.z	176447	9235b372f7bdb832a567124c8fd01ef9a1aa5bf808b6e13db415e8104faaade8
x-chunk-cache-v1/chunks/indices-000072730289.z	173320	4e77b27d84222bcefcdb34bbfdf4d0f7e4ba6c999b393a0cd7c0763e89c1a1f7
x-chunk-cache-v1/chunks/indices-000072826366.z	177145	416ad981e66af58d0928e168e4ef9b56574c18aac630d379dd87cc9bfbd9c019
x-chunk-cache-v1/chunks/indices-000072922443.z	171999	d7883fd63e579b9a788227ec4fbe83eda48bda4f4435ba74dede4ce111b82afc
x-chunk-cache-v1/chunks/indices-000073018520.z	173386	d90a408926128931e35a26e9bf12cd88843a0bf68d4f495216a5023da3014c66
x-chunk-cache-v1/chunks/indices-000073114597.z	173870	a7327257285c19951d05cfa580feaa6cbb91482120dd58587f4ae03a75b7dd8c
x-chunk-cache-v1/chunks/indices-000073210674.z	173024	62a55fb607fcc779bf48b5bf41198cb08d21c81699cadbaa362ac6b5be21f403
x-chunk-cache-v1/chunks/indices-000073306751.z	175508	bfb8604ee35d8abe52f552c6b073be953f35fc262d3751c3a503d17cb221914f
x-chunk-cache-v1/chunks/indices-000073402828.z	173873	2edee6843ff0d73998fc18be3e04a35f89ef4f03be30ccc82d838970990d9aeb
x-chunk-cache-v1/chunks/indices-000073498905.z	172534	371bb710dfe6b2a6e9ab021ba801a7ec37a99786ac8c196ea1235d0e92582cc6
x-chunk-cache-v1/chunks/indices-000073594982.z	173098	4da8f3aab489a3233a90ceccbd2a4ac5fa155621c49e659c2ee490cd900ef51b
x-chunk-cache-v1/chunks/indices-000073691059.z	176687	313b7c80afe5d1aeddc764eeb70b5df690190343a0f2fe0fd39d124fd1b67fdb
x-chunk-cache-v1/chunks/indices-000073787136.z	176740	accd497a74529d8d51b31c8a1e899c76cbc775622574cdc64ec35eac009cbea8
x-chunk-cache-v1/chunks/indices-000073883213.z	175220	bb5f26034d7b291e7458cca904260f53c12cf73538a5c2f49cf4301f07920765
x-chunk-cache-v1/chunks/indices-000073979290.z	173303	9d755f13d51e170630e8c85a17b7011791eab78e737f43048ef01b36b0a6df22
x-chunk-cache-v1/chunks/indices-000074075367.z	173947	95814b72950be34f52512dbdd1381b942638b069a089a3bf1fca02de4a53a721
x-chunk-cache-v1/chunks/indices-000074171444.z	177824	9a7d69c4840b2265a232946f28620916fb43955fa39f30743df520390d7c69c9
x-chunk-cache-v1/chunks/indices-000074267521.z	180586	f8d6ce595518b72af36942920c90ecc6f22ddf1a012ced9bef5b7defaf52d7cf
x-chunk-cache-v1/chunks/indices-000074363598.z	180454	6a3bccdd50ec6431648dfefceb7f90a0cb9b3fbf45a0f5bd7f4e695e78db743f
x-chunk-cache-v1/chunks/indices-000074459675.z	181175	4eaaa25ae80ad34028477b5802ec8ced146c4d9fd66c42af0db3e015b0793412
x-chunk-cache-v1/chunks/indices-000074555752.z	181076	3a6e8044f412cb3cb67a3b623dd25c3575bd149881a74d5d02bad0abd3bd7c43
x-chunk-cache-v1/chunks/indices-000074651829.z	182317	e775fa877a5f0bad3ac1315f4a79e08a5c7c00c9352849a030bff2d08532b024
x-chunk-cache-v1/chunks/indices-000074747906.z	180770	11bc4511c4acae478d97c4827792e438985f2fa67b6e0b206e28c00a2e12514e
x-chunk-cache-v1/chunks/indices-000074843983.z	181601	07dea478ea03d7d51d3445e027c3b92418fa684f8ef78438616521af80a1c46f
x-chunk-cache-v1/chunks/indices-000074940060.z	180569	0412e45049773caa154dea2b4e680ec908beb78ef6bb3908a932b88e87ea82b5
x-chunk-cache-v1/chunks/indices-000075036137.z	179189	4088cfbcfe0183b22f2326ef7d51dbd77701a4f644a1dee16cf77663121c2c0c
x-chunk-cache-v1/chunks/indices-000075132214.z	178642	667659c5378f641612cb758c75b6e03469262775657623ef38dd7c4dae254152
x-chunk-cache-v1/chunks/indices-000075228291.z	179975	c59fa0ccce125f1d366e642a8c3f54e2c66d2a416cc0075136bcc3547ee8b590
x-chunk-cache-v1/chunks/indices-000075324368.z	179547	14a68b40077c74d3c60d0ea6055a4a8f17aa1bd39242b99522bf9811262e99d4
x-chunk-cache-v1/chunks/indices-000075420445.z	180697	c910b9b3e1eeff44ffe2b05efcd7ae984286acdd6ea118c9786cb5e4492636bd
x-chunk-cache-v1/chunks/indices-000075516522.z	180571	6f749b2a6fccc62712823b8c8c9feb39b9a8271a89f7e28aad683ea54436ab85
x-chunk-cache-v1/chunks/indices-000075612599.z	178404	7607bf4c616c3c65dfab7890ac120dbfd8f7217b864895b3cf7e0aa083c0c5d5
x-chunk-cache-v1/chunks/indices-000075708676.z	177971	0b436a6fd2bcafb2e0d8805ffaea7b4257b8f782b1593a77b323b0086dbd3497
x-chunk-cache-v1/chunks/indices-000075804753.z	179926	78b7867cc7612ac61135b8fce84c5ff741084ed4e61e86594c47f3c5170c1e16
x-chunk-cache-v1/chunks/indices-000075900830.z	178188	b161ebbaf899a288873f201c38c9c652ec598670f46d3747f5732f1e9b816006
x-chunk-cache-v1/chunks/indices-000075996907.z	179815	99d62ff1af64c60d6296562127c77832a8bef448d8568b2e1cba9c120c9a286c
x-chunk-cache-v1/chunks/indices-000076092984.z	178329	0092067e947c9eb9162839445b8b0fd7db7ef76e993055c212bcc9575cfe7bd2
x-chunk-cache-v1/chunks/indices-000076189061.z	180569	14b34917627b7fcd835b321dde4e0f9e03a97f94287abec8843ab92267c2170d
x-chunk-cache-v1/chunks/indices-000076285138.z	178064	356c940baaf37e53d6834a1d3c1748aa0ffc80584d83bc52e481dd8fdcf0abde
x-chunk-cache-v1/chunks/indices-000076381215.z	179235	625ca6f11bbc0966cf04d13465d20536816fbc32ca32e33fd0e4ee08af277b26
x-chunk-cache-v1/chunks/indices-000076477292.z	177248	886bb73d54e9f5ba069546ed840748f91affa3132d64e7d53cac9ba094d82b92
x-chunk-cache-v1/chunks/indices-000076573369.z	177691	44c1967a213d9985390293eb3c172c214730d93aeb95b739aedde347c6cd9e02
x-chunk-cache-v1/chunks/indices-000076669446.z	177481	7c98513c4f9fc2ffdcf0c3efa7c29b17b5ea32f2f81840c781af3bc5e997e10b
x-chunk-cache-v1/chunks/indices-000076765523.z	173808	b5e06e231816c0c49132ca4d4216605fbed29ad873bfec5a3f40094e282789e8
x-chunk-cache-v1/chunks/indices-000076861600.z	174670	e34bfdef5ccab70e8400ec22d1ef31a97279669fc1a4f25cae58f768dd776ee0
x-chunk-cache-v1/chunks/indices-000076957677.z	176438	9ed58911a4b9cb7e98a5723e1c6c6efebdd15b95b97dab277da4d3b89aa52049
x-chunk-cache-v1/chunks/indices-000077053754.z	176130	fd5b94b7e0dde4c33eed5a17b4aeddff531dd9efd6fa7ead9fb4d3409af712f7
x-chunk-cache-v1/chunks/indices-000077149831.z	174748	ce4c643fe6b3968b5215db5da841c070a05e622f0f6286d29c3b630d443cc510
x-chunk-cache-v1/chunks/indices-000077245908.z	173397	30569312f7a6ae2d1ecbe7fa8d20862e3f18385785698b5d22f927df01360b6a
x-chunk-cache-v1/chunks/indices-000077341985.z	177020	ca7420e9084e3a28c349d8ab7d2dccd9afb9cd09eb1334cc95bf19c4e4fbb4a8
x-chunk-cache-v1/chunks/indices-000077438062.z	177871	cc79caaebc9198f2e485313c703011a93cbb87f0d2f5cb790606fc9d0064dd71
x-chunk-cache-v1/chunks/indices-000077534139.z	176033	544c69b953e046f7eec0fa997329e58ae85c89a002839662a3d55b4be03de599
x-chunk-cache-v1/chunks/indices-000077630216.z	175353	30a532af2c126b66f7269b18981d02c1532e32b401419617596537d90d21d599
x-chunk-cache-v1/chunks/indices-000077726293.z	176041	2c7e0c6b6465fc59d32516c54d4abfde9178d5ed4a776f8655da157987acf535
x-chunk-cache-v1/chunks/indices-000077822370.z	175063	667eb3e658eb2ef136a9a1356c0f3a1d58bba67fc68a06ac1288ccfeed263a0b
x-chunk-cache-v1/chunks/indices-000077918447.z	174490	689c3fe725bb63f9d42b8b2f55d5630d5f05d71a39541abe4f7ba3ee9318f948
x-chunk-cache-v1/chunks/indices-000078014524.z	172381	ba5975d8f4cb7dc4fd07ac5c293d01f0c2512a464fbcc1d107f22859d1dc8d78
x-chunk-cache-v1/chunks/indices-000078110601.z	173194	1f297ef6b53b908f166812a8b97c8d70431ff8946b82a89f2d175f3ab88d4eb3
x-chunk-cache-v1/chunks/indices-000078206678.z	173807	4593f67b2a7af47e84d33a81731c58f593ee10be21f8449acf4abfac3cc5ae35
x-chunk-cache-v1/chunks/indices-000078302755.z	173335	9d309e804b9625d4b6fc354d784481827853851ce23ab600e33eb8f53c2a0ab6
x-chunk-cache-v1/chunks/indices-000078398832.z	174337	fb9da1c38cbbde8ee881bbe2eac263d9cca948610db9e5164cf12a819840b165
x-chunk-cache-v1/chunks/indices-000078494909.z	172265	071d61d6b470be692f2e5ec6c7344e3866246bad526ca27525c8a595993a5d66
x-chunk-cache-v1/chunks/indices-000078590986.z	175717	4a876e1590a5246cf033cbea159f645e17cd5778015e97ffa24aab369c35eed4
x-chunk-cache-v1/chunks/indices-000078687063.z	175063	a272cf6f650dcf68771ea001d22a033fe1b9980a8bff5ba031488e388a3d399e
x-chunk-cache-v1/chunks/indices-000078783140.z	175896	837ad9653c3f2c975ce3683219731817f50c6e98740e9f118ba1844545fd24ff
x-chunk-cache-v1/chunks/indices-000078879217.z	172873	96de744a5fc15bc26617c160b3a466b1c8f20fb12c5101e8de36b3a0a8bb4b75
x-chunk-cache-v1/chunks/indices-000078975294.z	175586	dfb8a72aac04272d9009fca2f93e9f8b83aa10af8f77c5dab348f5cc8ed68ba9
x-chunk-cache-v1/chunks/indices-000079071371.z	178444	24ba4b5f5f241c074518a1d13e64750d60ed4210ab9ae72e206b5d3de4af8339
x-chunk-cache-v1/chunks/indices-000079167448.z	178663	d31de8725076472b9022df10337da8e3d42b0ae5267ae6cda14210e59736dbb3
x-chunk-cache-v1/chunks/indices-000079263525.z	177350	8f8bd702ded7e5fdfce73459f0bfadafd179ab73eb5a538129dc075cba25fc60
x-chunk-cache-v1/chunks/indices-000079359602.z	176510	38d88c4396ce19a1ddc74b6dc7084cd037aec5355ffd8e91ef1b937bc223abbf
x-chunk-cache-v1/chunks/indices-000079455679.z	177484	bdffd0545783d4ca04d59383047fb853ea0b6e8f540b2d74c076628b95590a2d
x-chunk-cache-v1/chunks/indices-000079551756.z	179913	dae21221a5cf9b3ff950cd3b390fb178659e5ef849274c8065a6f9eba7024161
x-chunk-cache-v1/chunks/indices-000079647833.z	179549	874f6b6379f66fc3f02bfa1615d8cead01c9ae9fa2343f8c262f801d3c889cd4
x-chunk-cache-v1/chunks/indices-000079743910.z	179541	6c7f81412d48499e28d0f5bb783478db2d1b4a34335b7e76fc5daba3f10b9cf1
x-chunk-cache-v1/chunks/indices-000079839987.z	179463	b283dc0ff176661d510e94911b146eee0619ce752275aa0976989d7a114a2882
x-chunk-cache-v1/chunks/indices-000079936064.z	174983	5412158ca6e639e007b93bd39848484ec9185dde8274f0c6c71ac83ded344246
x-chunk-cache-v1/chunks/indices-000080032141.z	178428	752d5722cecfa614119acddd307223775c4d6b8fc429ddc692dbb68a0e81f805
x-chunk-cache-v1/chunks/indices-000080128218.z	178399	ebd12cc9b19aa3a6068f2d5f61f266b8b9ffbb0d2656098b6c99e3f85a5c6219
x-chunk-cache-v1/chunks/indices-000080224295.z	174132	6624d642f75c7e2ef3106ec345dcfda8eff4c65aea4d8bb56b34796917460d4e
x-chunk-cache-v1/chunks/indices-000080320372.z	175736	7aa407972f7a95007d51fc196c520d1764221ed95ada3bc9ab2dd51ce5b98e69
x-chunk-cache-v1/chunks/indices-000080416449.z	176941	ed891167004fc4683b8b99b4378bab10c4da62410d0bffce41ced9944e9beb1a
x-chunk-cache-v1/chunks/indices-000080512526.z	178730	824d1933dfb1eff9df79a6e8c0ce6e3f1bfb57600eeefac2c17093a5b3c0eb79
x-chunk-cache-v1/chunks/indices-000080608603.z	178812	4ab23433918779a4e026a5ab53abe289e91f76089c907f624295d470f807ae2f
x-chunk-cache-v1/chunks/indices-000080704680.z	178834	98644d28169d90392b23650f02f88e7d3f62370a08a07bfb2f18cdc25f67f4a7
x-chunk-cache-v1/chunks/indices-000080800757.z	176199	61c8525c07fdbda684164b333a997a3e30c5efc80866ea4d6299d25d4dd3b566
x-chunk-cache-v1/chunks/indices-000080896834.z	173981	185a3b6ccf7d219abad95d5e0cd4a496cedcad0ec8b65dbbfb539b892e20eda7
x-chunk-cache-v1/chunks/indices-000080992911.z	175593	a6739089f1074cf1d1cfae0508e66067be650a43c8abcb412d2185dfa797f263
x-chunk-cache-v1/chunks/indices-000081088988.z	173677	8f02a787c8a78b126acd35b2d95b2e6c4cfa10dd10acc227dee03685557fc1aa
x-chunk-cache-v1/chunks/indices-000081185065.z	172622	a4e6b43e599bf0cd7537005d55347e1c78a6cbe18dc5095fab09826646109eb8
x-chunk-cache-v1/chunks/indices-000081281142.z	174505	a69532497d96484399f178b0a6c781b1948300962846ef204f9d7644315d4cee
x-chunk-cache-v1/chunks/indices-000081377219.z	172869	3dda14a5b390b31b11dfa5b0e78f25ff559feaac575f2f8bfa74fc14917ebcd5
x-chunk-cache-v1/chunks/indices-000081473296.z	174564	385bb421047035a3a4ba9e5f8712a22adfc2348df0148914eac037615770f4a3
x-chunk-cache-v1/chunks/indices-000081569373.z	174187	f763b3d78ff3ea1040e4743a46d9ee686e6d44429689d7ed6d90572823449c89
x-chunk-cache-v1/chunks/indices-000081665450.z	174532	82a80609adef4e012321dde7cc15cbee928b4b18cee9e6bbbe9ba16e3aa5caf3
x-chunk-cache-v1/chunks/indices-000081761527.z	174750	20a748cca3426ec470d7989174ee6cba23be74c022fc96c9ea9a7ac82f3464f9
x-chunk-cache-v1/chunks/indices-000081857604.z	174989	5927ed227fb4b7294f5118290c59e114af1bc8206412daabe2651116b165bd7c
x-chunk-cache-v1/chunks/indices-000081953681.z	172532	52b1d6a21c09155f035a1f9746985f005147455e0c4a7929a0c34a4dc6a5621b
x-chunk-cache-v1/chunks/indices-000082049758.z	171487	7cb3b8d402b1deecfffd1494c11a082a87e375d7061072a3720da6183bea6bdc
x-chunk-cache-v1/chunks/indices-000082145835.z	168301	3f23e63c0dafaf8d597efe3664e7b18f2c2bd22c318a0a8b8d362d1c2f274fb1
x-chunk-cache-v1/chunks/indices-000082241912.z	175718	5d9ea379c840f2e361b238423a9461fb0cf8928b2b5b5eb2fd89dd718b7ca9c4
x-chunk-cache-v1/chunks/indices-000082337989.z	172689	7449a05f68d2c633b9b5253a28ecacc02a3d752db16b98b89524c948bb205fde
x-chunk-cache-v1/chunks/indices-000082434066.z	175171	9e81e4cd3203d6a9381acf7e428c0a9386e075a3c4980d13ff94af8f5ea006ce
x-chunk-cache-v1/chunks/indices-000082530143.z	172669	14d3fddf356c5f1027ffd1a3e3a69ecfb51fb19179f89e53b9702a76a134377b
x-chunk-cache-v1/chunks/indices-000082626220.z	174480	8217ceec4788b8e12a2d8d44a4ae6e68092d76172cda324732255452afed64cb
x-chunk-cache-v1/chunks/indices-000082722297.z	172546	2700a3cbb88bd2d2ce36ca3ddf3ae2a9ce3fd710fe35c87cdf58fa6339fd27f3
x-chunk-cache-v1/chunks/indices-000082818374.z	172966	890ed767808998d71d3bb2b20c3b8f2a55636032c49c1194c34590a70779d2c8
x-chunk-cache-v1/chunks/indices-000082914451.z	174032	f228a77f3480f9250e51b761b0c495bbbd0f0c66195ba02ed266ea00979a6875
x-chunk-cache-v1/chunks/indices-000083010528.z	173117	4256016d6937d987c381af964e19eb29796e293e6463f98209998f175b5590fb
x-chunk-cache-v1/chunks/indices-000083106605.z	170929	3fdaa7941fef24fd939b8258e1a5d8c57c1edaa5300ccf07ca4e18941cda9629
x-chunk-cache-v1/chunks/indices-000083202682.z	180227	efdbf45d22a77d6914194442040cc7e34761f719b2c41ff252b012a40cde98d2
x-chunk-cache-v1/chunks/indices-000083298759.z	177961	3fa13db7d8d2026a9329d2067b2a054207f257e064cf08a4d65c66a19c3b71bc
x-chunk-cache-v1/chunks/indices-000083394836.z	180941	5c959b24401a350865a4ebb956bf067a3078ee836ad13775a1fa0a492a17b20b
x-chunk-cache-v1/chunks/indices-000083490913.z	180699	ddba39b84c0a67bf055167036f92bab5b5201bf89c9296482363912790840846
x-chunk-cache-v1/chunks/indices-000083586990.z	181118	90b7ed984b2736cfb3b7b754b9527b0deac94ac4c369415ce2e5d3345e6bb390
x-chunk-cache-v1/chunks/indices-000083683067.z	183265	11a6f599b7e779f25abaab6be1aa851338094d5f3109cbbfe28ef8c5b712c70a
x-chunk-cache-v1/chunks/indices-000083779144.z	181294	87a54f67bf078de95befaf9c12303518fd3c8eec9766095ca9d558883b8fdb67
x-chunk-cache-v1/chunks/indices-000083875221.z	181438	6a25b198ad1c839652ee2a04c9aae366914464b64bd4bab074ad70a9f4880dea
x-chunk-cache-v1/chunks/indices-000083971298.z	180000	469b004de598fecfc0246cc54954ff112ee30e84463ebf03cd748c012e8e26a7
x-chunk-cache-v1/chunks/indices-000084067375.z	181196	38f115ca8dfe557ca4a6c51e2c94b4a2fa8f1d0de362c2d7545aa96c6f5acf50
x-chunk-cache-v1/chunks/indices-000084163452.z	179123	2efc5b8c670a257dbbcc0f94fc94a4f4daa6416c7c33193049ab725de3ce806f
x-chunk-cache-v1/chunks/indices-000084259529.z	178635	915cc1a028ef96bc1654d5f8b61c885b93c5f1da66aec0cf7dea7abbec850411
x-chunk-cache-v1/chunks/indices-000084355606.z	176333	daf8124b16ccf15911ee1448c6afb3da2538bbe4394bacbdc00abd2e57086502
x-chunk-cache-v1/chunks/indices-000084451683.z	174405	4049916ad783cb405a7cce74d24c9c6120d1642ca50aee3640bbc744f6bb931b
x-chunk-cache-v1/chunks/indices-000084547760.z	176043	ae4fd16b0aebb220456bdc2c20902cf9759cb1ee5e0eb4f88c59da3be6a0d210
x-chunk-cache-v1/chunks/indices-000084643837.z	177853	1b9fd46d5a798e732428bc05683cffd21f712b83d53f972309f312bf7b0866d4
x-chunk-cache-v1/chunks/indices-000084739914.z	176307	749cc01fa94c77b61ba8a6ed8d8d0359d7ccd61c8099c972c80d92073e045e20
x-chunk-cache-v1/chunks/indices-000084835991.z	178686	9e7656b74d1da410bc7b83fbd87bac0ee08017f397bebf22ffd8b36916a4df14
x-chunk-cache-v1/chunks/indices-000084932068.z	174857	fed2b47767610ee35e69eec7b1d8ede30312d44c6bfbfcd02919b356b1d83473
x-chunk-cache-v1/chunks/indices-000085028145.z	175945	b6a5361c14575182cae1930f1fa78e2b6510d65c86697be2844ea3d196514c70
x-chunk-cache-v1/chunks/indices-000085124222.z	177265	bf24fc4338e3b417d8d7af708eefd09f60e0bddbe997620912fd552d173f1b9b
x-chunk-cache-v1/chunks/indices-000085220299.z	176825	7c51f344e157746bf22c9cc471fc990376fbd85965d7ae1e597f572ab90fad07
x-chunk-cache-v1/chunks/indices-000085316376.z	176751	5fa79f861f81a729fa15714f98f57e4183dbb07c0232b52dca54097ac18fb71c
x-chunk-cache-v1/chunks/indices-000085412453.z	174141	67861d3d0ccec11e4aa9091afc80ccd05b5958f427170f0de20d7a5111660d45
x-chunk-cache-v1/chunks/indices-000085508530.z	174394	f088310665f8255c08131e428e8e8185b6ceb554bf9eb71746f056fde9a30fb5
x-chunk-cache-v1/chunks/indices-000085604607.z	176225	aa44c875a3c54436a92dee2538b9a2c3cddc83c829ff186e8c484c6530dec17e
x-chunk-cache-v1/chunks/indices-000085700684.z	175643	918307bad43dc8da020c8ac1f90eb8c265c3126d86686d520c0f5372bcdd5318
x-chunk-cache-v1/chunks/indices-000085796761.z	174346	89f1179da42159e249bace9a00e19aaa4c41f7e188ab2a4b24ed8537d4022a56
x-chunk-cache-v1/chunks/indices-000085892838.z	173002	d942422e84ec5dafb9a8b287d80447b158154380dceb29da3d37400ea9976b77
x-chunk-cache-v1/chunks/indices-000085988915.z	174989	0a0f163cf3e4d0ebcada89edb70f2b393b37b1360c1dcfe37b476883e00ebcb0
x-chunk-cache-v1/chunks/indices-000086084992.z	177395	00e8d2ac0c7d821458129bace6db7e5758f903ee4cfef2917169eebcbaa0686b
x-chunk-cache-v1/chunks/indices-000086181069.z	176833	cd846c0b93ec379d5df718d79978e6bf1117267e2ae1815f65ce5f8f9578ab14
x-chunk-cache-v1/chunks/indices-000086277146.z	177811	cf94e387dcd113beda915a60b976da48bba23f59303298e22210b86a2e07f477
x-chunk-cache-v1/chunks/indices-000086373223.z	172375	ebfdd3bf4195fa7e84aad7a076e26645ea59dcfc5a5f59f41a8ae1ed4f551f2c
x-chunk-cache-v1/chunks/indices-000086469300.z	172180	e7d2c693c102f5bb06a687169a98a04d06c888315fef7ce1a0aa825ab319903a
x-chunk-cache-v1/chunks/indices-000086565377.z	175473	20670b840d8c275f9b5882512e93538b1bf3ce6c2ff0eb37af0c8f3f8096d627
x-chunk-cache-v1/chunks/indices-000086661454.z	179580	e209989546903c8d5770718a989f9346612bf161910d93f0576b72346ec712be
x-chunk-cache-v1/chunks/indices-000086757531.z	175815	ea1eb0a5b01da118ef14ed24ca0c070298f712f1d13503b9f9aa698c0ab92a52
x-chunk-cache-v1/chunks/indices-000086853608.z	176748	4e644a86a3dd126381000f68a4c0933693e5db06328c0403b24ca3360efa4946
x-chunk-cache-v1/chunks/indices-000086949685.z	175632	b2c526b558d2306cfb1648f7d5d496f4c309e35a2abf3cedd5cb21cbec6e13d9
x-chunk-cache-v1/chunks/indices-000087045762.z	177632	1df98a78d442cebbe98ca086bcb71f203a558b5c95aa8f3de39f489f23bbc9be
x-chunk-cache-v1/chunks/indices-000087141839.z	176302	676cedcc051a57e5e12eef2d0e394f316f3aba092b98359ea94c756e77581b5a
x-chunk-cache-v1/chunks/indices-000087237916.z	180071	fbe2dbc426dc32dd83c73bf84831e25b653d82ddfe8414c48f6d7cc48a49897c
x-chunk-cache-v1/chunks/indices-000087333993.z	178102	b73634ed6c061963b5070c7b288c742750f049f6e68f864f60712677e63d8dee
x-chunk-cache-v1/chunks/indices-000087430070.z	175643	edeca6646a133572e4a941e963f76ed0ab0e346ed5f370e729c52bb2ce49de8e
x-chunk-cache-v1/chunks/indices-000087526147.z	176522	f0ff1311e6936c20ec819e152ba6e5105026d232df05bec168806b2dc33e4a83
x-chunk-cache-v1/chunks/indices-000087622224.z	177024	6e390d1957bb7d6edf5dae6d61b01cc4516ca6b427757fa4d1cf35b054b7f8f9
x-chunk-cache-v1/chunks/indices-000087718301.z	176968	e196dbf097c74f2581a6d3a353c5adaa8dacd739f983a63f9ef6561c4776c91b
x-chunk-cache-v1/chunks/indices-000087814378.z	173202	2d8883e516cc2ba1f6a89049e8ea76e90da53ce04d5dd68d54fd27a6d6b22c50
x-chunk-cache-v1/chunks/indices-000087910455.z	176144	cac6e141a15b9fd4113f7141ddf6e21a492f1f0b1eeb8b21f9df03d284058d79
x-chunk-cache-v1/chunks/indices-000088006532.z	175202	a510b8cd2f51b6db46b8bedde96c9ec2958c4f57cf2d212d302815d6f354814a
x-chunk-cache-v1/chunks/indices-000088102609.z	176815	728b4e38f8da07bad85cfb78bcd60af7dfdbab62e09d28627075dd2917c4091e
x-chunk-cache-v1/chunks/indices-000088198686.z	177691	03590a9c891fd32ff2efa09c2d8a39d27d72ce6fbecfea9c52d1ef2882a2d6ba
x-chunk-cache-v1/chunks/indices-000088294763.z	176119	e2721043e25a975aa2d83f1f443904ab54be55bb88dd7d6ca90656953d1556ee
x-chunk-cache-v1/chunks/indices-000088390840.z	177456	ec95fe334b1fff760b1353cffe69e54cbcc7175703b77e744d6a98e1e04eae49
x-chunk-cache-v1/chunks/indices-000088486917.z	177160	f9dcff372983279f7ea61874089486331165553f7f488906eb9b11ef5a7d58fc
x-chunk-cache-v1/chunks/indices-000088582994.z	178031	60378ca4f1e94d19deaf1cd1d23b99cb4d9632622123929d3b69988b8ed01fca
x-chunk-cache-v1/chunks/indices-000088679071.z	180330	9508de7fb2646cf165b269bf8d4f1e2313f44e1da7f870c036090f3fee1d6345
x-chunk-cache-v1/chunks/indices-000088775148.z	179348	b21b4ece05e4527f420db129af79c313a1c3eb1a2a57f09b7ad3c2f5c8aa7740
x-chunk-cache-v1/chunks/indices-000088871225.z	177289	3e0e7d7d882f2cef1405affedbe322a5eff9684afd90373949c08ba2915af5a8
x-chunk-cache-v1/chunks/indices-000088967302.z	179894	9a56ae6db3108e987059873cdfc9bfa3cb7121ed2796a0b3f8c9aee72720dd86
x-chunk-cache-v1/chunks/indices-000089063379.z	179394	b9552ff541c39f9b8d0c0e4e4e8c5bcee58d2f39306d178fcccf78f44009a6e6
x-chunk-cache-v1/chunks/indices-000089159456.z	179139	01e2703b43850035e37b0de4caf92542f352d7a5d4ceeb02ebf521c1630d135e
x-chunk-cache-v1/chunks/indices-000089255533.z	180736	92c73bbee61138e445f4f51fb016bbf8120b6dcf36caabeeea3f176d3c7d0468
x-chunk-cache-v1/chunks/indices-000089351610.z	178390	5aebf335c574b8c202a677ed2497e5c9fabb415e71044a3977902d3ec25027ea
x-chunk-cache-v1/chunks/indices-000089447687.z	178338	23ae53b221f7239a13b1b5df036f9f8ea0d3698d55876a226a098ecd1b72391c
x-chunk-cache-v1/chunks/indices-000089543764.z	175648	05124cbb90acf82160e7ff79c0d9648a28d99904665b989fadbb60410f6ab765
x-chunk-cache-v1/chunks/indices-000089639841.z	178596	e39fa603edd2b4a48ee0a16f64abc5627fb8b6e3c13a5e38b0fc46e880c9ae5b
x-chunk-cache-v1/chunks/indices-000089735918.z	177009	b91e6d62ba42dbdca0ce6e53e9c325bd6174c334b538c7f7d837d8dd833631f3
x-chunk-cache-v1/chunks/indices-000089831995.z	178495	bef1a70315aaa32001e4f968ff167f1190b9ccf1f93f83f87729c628fa3b226c
x-chunk-cache-v1/chunks/indices-000089928072.z	175390	0d9db4279f48da32096047dfb86d4e0f910491413b4be6fdff9a943747159a72
x-chunk-cache-v1/chunks/indices-000090024149.z	178970	8531b9b66998b9e26efc9ab32c6b8641db3a3ddf95d2a8626f69eb687b412e9d
x-chunk-cache-v1/chunks/indices-000090216303.z	177738	5757c0a0837f5e9094d8f63159d144f06dd8657ef33ecf85e36388106a405700
x-chunk-cache-v1/chunks/indices-000090312380.z	178685	5576dd1dd6ad10d7d4e5e98f741c9f7c89ffba2060f2c18a414d661b2e211c42
x-chunk-cache-v1/chunks/indices-000090408457.z	181374	b2180e3ae11db7043f7aea46afb55508717284a7a300e663724728e91043d2b9
x-chunk-cache-v1/chunks/indices-000090504534.z	182146	2626bfa2b5b5dfa530e1dd9474fb50d4070f4d502101af41b7ae0e2ff8a26bd6
x-chunk-cache-v1/chunks/indices-000090600611.z	180595	9083aa92057bfc0b5a7780023fc9bec585e52b0b954f9e619f481649ab5b6693
x-chunk-cache-v1/chunks/indices-000090696688.z	182080	3d688668dfd43db5504a7f51e72c629c966b57676ac7ce66b788a1f980eb5ed5
x-chunk-cache-v1/chunks/indices-000090792765.z	182254	95a2ef3f12442dad45360195653a26af808d4d8572781b4360cf34e09e1251ff
x-chunk-cache-v1/chunks/indices-000090888842.z	181881	8a70ba54e51cc07b198bca5b7b977c77950a8bfc57d5d63ebd8a51b9b32212bf
x-chunk-cache-v1/chunks/indices-000090984919.z	181293	1af2e255ccff422a345ebe1ad9b3b5b546e2f9024a752709af82e06a7e9d194d
x-chunk-cache-v1/chunks/indices-000091080996.z	180363	b5eb1028bcda989c314c98352316b1bd7258c720c1219aa282a7ae454d6c0971
x-chunk-cache-v1/chunks/indices-000091177073.z	179436	780565c446ad07e9104865561a3d1e774ee2934447e10535b01250b7467caab5
x-chunk-cache-v1/chunks/indices-000091273150.z	181195	a20fd26dc06ec3839c0c8d6f931aa906ae6cfa1c28d5df29beb3a95e6c285c8d
x-chunk-cache-v1/chunks/indices-000091369227.z	180850	9964260f7b342280874d31b56ef05ed1f2e3d53ea49454163200e98d1e0a7937
x-chunk-cache-v1/chunks/indices-000091465304.z	177106	6418730b50b24a31f7bceb298b4ad4781cc7dabe8d3df7f78edce43652bc3b54
x-chunk-cache-v1/chunks/indices-000091561381.z	175426	9be30a0dcb57262a3bb5d324885a29372dc4b0f67c90b2b25d53dd3bc51b666d
x-chunk-cache-v1/chunks/indices-000091657458.z	175380	bf2e0f1fd712f593ea85845d6f86dc5e0e8107ae983497bbd6a0b4ec45d838ff
x-chunk-cache-v1/chunks/indices-000091753535.z	178485	db40e04a10d1d9b973b646105295f031936a71943afb4cf9ad5a52442d456335
x-chunk-cache-v1/chunks/indices-000091849612.z	176246	f0d68e9c8eacce7396ab46727c9d3c1e6770ba3152d94200f4db085d969581a7
x-chunk-cache-v1/chunks/indices-000091945689.z	177377	54bcc890d53be4b651b9c98cc6c742cf01b1a9f6f9ae6fbc92a5a9ed26be1842
x-chunk-cache-v1/chunks/indices-000092041766.z	172378	d078705fb06f4ffc37eea4d29b70e6380cbb127ebb893665721dc7cf6cbfedc2
x-chunk-cache-v1/chunks/indices-000092137843.z	175771	84a3566d0fac2c28686056ec8f75419b3b4a071a0a1b4ef793c7fdde4294844b
x-chunk-cache-v1/chunks/indices-000092233920.z	176244	0fe486e941dd69ece03534a8f8da6ac942d352c7a0d9aa5fe370c4e4ee4934db
x-chunk-cache-v1/chunks/indices-000092329997.z	177581	8c67bac858c9d0b1eae20b5461aeef1289c5e248c9475b895643cb401fb06616
x-chunk-cache-v1/chunks/indices-000092426074.z	174169	6e95968bd2608723a6da039f06decab419ee8e690313f17cdd061b23cecd65b5
x-chunk-cache-v1/chunks/indices-000092522151.z	178262	933e0357cab3f599760f603ef835d4f54f6f8c416e0a4c93340c8ff8505290ac
x-chunk-cache-v1/chunks/indices-000092618228.z	178736	4867526e22ad62e89eadf869bfb63f82d0fc4095dedd0813846b9d233acc6712
x-chunk-cache-v1/chunks/indices-000092714305.z	176279	0ecfa977eca405fa3a9078a9d05b5bf198dc7b8981d8c9a824d2e6aee858f557
x-chunk-cache-v1/chunks/indices-000092810382.z	179063	c8bf4cf6e93a5ed4d82889be8195244db1f33953e18dd7ce51608af1a58ccfb4
x-chunk-cache-v1/chunks/indices-000092906459.z	178442	acb3e72d0f339893cfc1da07a18c7eded160ac3857215e5aa6d8ce21ac1e6835
x-chunk-cache-v1/chunks/indices-000093002536.z	179746	10eab4b6e8e534d04671237c6bdad66f197fad6910ef7793159a61d7424f400f
x-chunk-cache-v1/chunks/indices-000093098613.z	177638	347b420202f1d79b771ac44e5702c20f2cdacbe436d30d90e4ddad0746fa747c
x-chunk-cache-v1/chunks/indices-000093194690.z	180861	25059c4d270476546051c72b0a7c07a912d3556cb27fe4f1423f44e7834b0c9b
x-chunk-cache-v1/chunks/indices-000093290767.z	178071	c56baafd561cca971a290804393871ca33c252db56822ca6383bbe86aa06d171
x-chunk-cache-v1/chunks/indices-000093386844.z	176710	5edd31f83ab1dc8fcc1eee6e8dec82583c59d161502a8868857d8b07264e44fc
x-chunk-cache-v1/chunks/indices-000093482921.z	174865	eb17f97e2c5a0ab0f786cc4f52581a6dc3919b2f64087eda6cf816df828dbeae
x-chunk-cache-v1/chunks/indices-000093578998.z	180646	c42f846da6325eeed1ec31f09cced090dcd7c014cbb0ad95c17d6df02f5b693c
x-chunk-cache-v1/chunks/indices-000093675075.z	176063	a460d0e84916a2115903b76cf79faa80b2b07174ddbfe2bc4f215cf5264cb170
x-chunk-cache-v1/chunks/indices-000093771152.z	176396	1698b7e269ebf0693d5f0efce94007d0679278c5a2d111747f4597e8edb44bf2
x-chunk-cache-v1/chunks/indices-000093867229.z	178473	4479f6fa0349c92c6d92e1fd49d4f411168d5702851fdc33080eff1a658223b9
x-chunk-cache-v1/chunks/indices-000093963306.z	176615	dfee3ac9ef8c0db3047c6fb3429b93355acb5d046ff84b2eebf5c16af30fcb39
x-chunk-cache-v1/chunks/indices-000094059383.z	178681	ab4266bb1d2143d7e23030374b3372ad07cb56b3bd17640b0c5cecc927db881a
x-chunk-cache-v1/chunks/indices-000094155460.z	176562	0b553111059c3daea81f5225bd6c952d7e57efb0251016408094fcab43831899
x-chunk-cache-v1/chunks/indices-000094251537.z	175656	adb4c6f1b13c5588df767bf0c4779399ef8352e610933490edeaee05d2722cca
x-chunk-cache-v1/chunks/indices-000094347614.z	182105	82d033b0554cb49b587eabb1bad0df9232c5a11592a0f8964693232084c3f3e9
x-chunk-cache-v1/chunks/indices-000094443691.z	181482	d8e929e898ecf468e8db64d1a5231bb09459b7e922dad42e7fd3d4b2912dd086
x-chunk-cache-v1/chunks/indices-000094539768.z	178651	749b9f2269afe45e6a27efdeebbc03a2443184b5dd74ca0f5b2531eb8e4f9556
x-chunk-cache-v1/chunks/indices-000094635845.z	178937	747f18072d80e8a8fc6533fe31347a354fd9ca8a18f1c7e0c51508d43a04cc56
x-chunk-cache-v1/chunks/indices-000094731922.z	181480	af397518154bb79caa376d9c245f2b2ca5f26459d2b388e8ab603f9a1f764a2c
x-chunk-cache-v1/chunks/indices-000094827999.z	185363	c5dc10edcf47417a11e62c4e7baaf9719d1de7ff171f54a8e40916d8f6dfaf76
x-chunk-cache-v1/chunks/indices-000094924076.z	184340	7835f186214a433e1a93e6f5b06fcc70d8f951c9a19fe81480bc8ea1aebe946d
x-chunk-cache-v1/chunks/indices-000095020153.z	184757	c5fb6013d856f25e105cc26751b323846dcc4476ee951831f660c74bf8c69564
x-chunk-cache-v1/chunks/indices-000095116230.z	182809	9528976e6a4b6f4747e20ec09ed1aa3b2722338cf5e7375050089d2056006958
x-chunk-cache-v1/chunks/indices-000095212307.z	185276	acb4c17745597db0bdf90a249c65232390e15a4197972d7d918ccc65e6186acc
x-chunk-cache-v1/chunks/indices-000095308384.z	183262	b1b85818c2f80ec578ac1f49c304e4a228eabe2b7e36d7e8939e1cdf34a45e75
x-chunk-cache-v1/chunks/indices-000095404461.z	184243	7bf42fb940b0b8e8e0e7b42c8b8096c364befc740bfdba9814a92e801840969f
x-chunk-cache-v1/chunks/indices-000095500538.z	181540	f16e2fd169fa3949ff80d9d7e95ab68d7d5e0ff201fd77245ed13f84e50b7b86
x-chunk-cache-v1/chunks/indices-000095596615.z	180483	e7b6beb9a1ee271e1b2185b23f6f91d1e733a4eb7c3705903f8dadfa25057013
x-chunk-cache-v1/chunks/indices-000095692692.z	182904	b87859b9404718ff58f12e7c88bdffebfef46daff1596a2a14f0a9f229818148
x-chunk-cache-v1/chunks/indices-000095788769.z	183131	fb08919ac59149eece4a591812e6fa42d2b98eef206f471059cc60e56b843baa
x-chunk-cache-v1/chunks/indices-000095884846.z	184252	ae114f4f6f0891dd25c9ae43c912077e1d1fd24448100cedd9de0ed671d86fed
x-chunk-cache-v1/chunks/indices-000095980923.z	184189	572573be392a362a9a5cccfd518159b9e76006e19d2f723527959ba71da02f59
x-chunk-cache-v1/chunks/indices-000096077000.z	183694	2d9582455b0e203547645a08a101ec6e84ee20213755197c7cc1442249447a87
x-chunk-cache-v1/chunks/indices-000096173077.z	183592	65d497b35e8c4d175daf9a7e46fc675835dd1cd9afa793a4426790c8a2fb5c93
x-chunk-cache-v1/chunks/indices-000096269154.z	184439	0396057ca4faceabd707564dfb1cdd2f95e72f0ddd687e83db96dc284af16d72
x-chunk-cache-v1/chunks/indices-000096365231.z	184048	aa655b0dad4dcccedfb89c9b0e70554b2bc6ce9f12fdf73d176588388230f05d
x-chunk-cache-v1/chunks/indices-000096461308.z	185172	f14eb8ec002461e468f0ba8447859c24ad900e00e326787a824fde6f70aa395e
x-chunk-cache-v1/chunks/indices-000096557385.z	184255	41ff68564a7789bafd5e41cbc1e02d4298cf8308afa3a6bc42892a971d0b48ee
x-chunk-cache-v1/chunks/indices-000096653462.z	181511	4a91c436946c0e955958f606ccf6c83c4150c5e40f3174823fa325e1f8660e4f
x-chunk-cache-v1/chunks/indices-000096749539.z	179843	72efba5b9fda202425c7c8b6698d3d196ab832e0eb60834024568a4bfc7120d1
x-chunk-cache-v1/chunks/indices-000096845616.z	177645	08b4d3e2825222d1d2ae90b05de0643bcb8c7e88564a25e7242a31e061c37b91
x-chunk-cache-v1/chunks/indices-000096941693.z	181024	aea4ad4017db95c85714c62da83d2134fd8f79673fcc9b3c15d286edfc054141
x-chunk-cache-v1/chunks/indices-000097037770.z	178414	9ddaac9574c78751656723f08142c6e73f3c5a45348d49f4ad8b408471a15538
x-chunk-cache-v1/chunks/indices-000097133847.z	182400	b49a2828d59bddd9fe9b2979b3b2b4f07bfa74473bc1735f8a03c241bf25a2c7
x-chunk-cache-v1/chunks/indices-000097229924.z	177954	85b6c401253b13b7b567c7a648b2cc3ad50fec6f7956217811ce0b2ebfd74eea
x-chunk-cache-v1/chunks/indices-000097326001.z	180739	512d34d2b197ec78f4de44ced08cdb5b5765d1a47fb7b4bdbfaa085cb8decb18
x-chunk-cache-v1/chunks/indices-000097422078.z	181234	b89a9badab0d3761b7c227005466b95fb83b3f1b30bbd063800312d7f3e191b1
x-chunk-cache-v1/chunks/indices-000097518155.z	178101	00a40e7290611a5923da5282e0c8a8159779ee7b38b0b08211a83578383841ef
x-chunk-cache-v1/chunks/indices-000097614232.z	179053	cb31b7fedbea40ee02bbacf2de4bfb54bb51da39c328762da9ff925cf89ffbc8
x-chunk-cache-v1/chunks/indices-000097710309.z	178393	c7f49c66da259967f4b88ea1194c4b427a3c4308756035b8cbd707c34253ea87
x-chunk-cache-v1/chunks/indices-000097806386.z	180001	8db191e1fa7f2015109624f168994d1bcb897ed15c73aaedfa899e0ad0fe01db
x-chunk-cache-v1/chunks/indices-000097902463.z	180523	00738e158c32161286eeaa8d7e9c3c5da8e8d0bcf362ef8e9fda72962516c58c
x-chunk-cache-v1/chunks/indices-000097998540.z	176773	f4fc83673f2340c8d3d5e2656558b2861dd0e7c9799f3cc1f962e9e4048bd7b1
x-chunk-cache-v1/chunks/indices-000098094617.z	177271	deebc3c3ed159820c22b7270aefc5c5fd9a284ad796118d070628d36388ce69a
x-chunk-cache-v1/chunks/indices-000098190694.z	178585	eff31b84b05d09b4fee075d3367923a77045cf3b97633d03d20c4b37a5b87924
x-chunk-cache-v1/chunks/indices-000098286771.z	175429	b0358a1dc80bffb4d4f07c2ef997c3900ef538cd89eb449ff23e8b149b098b76
x-chunk-cache-v1/chunks/indices-000098382848.z	181227	55553f0ac1abf4817492cd9f84122863c6b3e682b0f313905516358e356be015
x-chunk-cache-v1/chunks/indices-000098478925.z	179453	2a4355d1643ea37fa4f7aff32c96a656abe1728d60c11d212d30b17a645bfcbb
x-chunk-cache-v1/chunks/indices-000098575002.z	181145	a828ba9416354c6db4f61b836fa257c5f3a684785841695ea5fcde5b23be2762
x-chunk-cache-v1/chunks/indices-000098671079.z	179801	4bb45eafe8c81536121e8b69a2faab22625898c7eb6c5e1ec8781041be2ed8a4
x-chunk-cache-v1/chunks/indices-000098767156.z	176431	869a6e740510ef8d2abc2ed3a3fb80c3ebe6ae9a9f87084194224751f9b7545e
x-chunk-cache-v1/chunks/indices-000098863233.z	178229	e833fe027ac719053d11f7fd88729a285cf6c3758ea3fa9c8d67a51371f44cc1
x-chunk-cache-v1/chunks/indices-000098959310.z	177283	db006e1eb1059d84f6e8edf4b8be519285ad11d399c4f3e4d03271e5be0d5381
x-chunk-cache-v1/chunks/indices-000099055387.z	177152	0e2f82eaea8115c1bbbbd9e3b4e94cc90ca7c9a57c5e9a6c7cfbde5ccac0dfa7
x-chunk-cache-v1/chunks/indices-000099151464.z	178279	473b4954e5dcafd9e7bed127b4032d1a744c5b7e3a23e77070d8f62e351e6bdc
x-chunk-cache-v1/chunks/indices-000099247541.z	176324	a02f088eb6cefc10a9399b487766ee4e0c884672f2341253070a963f77699b9e
x-chunk-cache-v1/chunks/indices-000099343618.z	179693	75c695c22c1935bd181c89eb1e8a1a46477eaed3b2506466c24c9a2cb09b4ac4
x-chunk-cache-v1/chunks/indices-000099439695.z	178263	8bb0c528b8fa1582aef811ad61439362e3bf4a725cf5711660dec0d203b116fb
x-chunk-cache-v1/chunks/indices-000099535772.z	177086	f2c269d4e964003d90c01015187f0988caf142c04a5e4d8dd53c29273d2ded05
x-chunk-cache-v1/chunks/indices-000099631849.z	176635	1a400a261e143947cf1c724c57dc375dc2a08d83728e4cb61f9bd432c1dd8754
x-chunk-cache-v1/chunks/indices-000099727926.z	176574	b3333d56d2464c44278a634c26b9d5f12d66c1146afc4f2192fa9183eb520e7a
x-chunk-cache-v1/chunks/indices-000099824003.z	181580	846ad2add9c7a79e4bee00ac1c3534fa41f2b433fd63c544cae6552e7460b129
x-chunk-cache-v1/chunks/indices-000099920080.z	178294	935681a39c7758ce99b5fa3b5979f6c2bd9f2255d15ef63fea8a94aec5dcd92c
x-chunk-cache-v1/chunks/indices-000100016157.z	178150	cb0a479ed7171db5a781da8b6d9a0fc3eed8d49f244a72dcca66c0803c21e66e
x-chunk-cache-v1/chunks/indices-000100112234.z	176964	9bf7b3e064064ba12c71bd48eddd2fe00200d7085a03971ca07760e5a4e26ce1
x-chunk-cache-v1/chunks/indices-000100208311.z	179374	db6efd4deb18db3b7e0445439b4c19e9fd7f736d9a5cf7d7f15148b306d96823
x-chunk-cache-v1/chunks/indices-000100304388.z	176109	3568f522a108a3727ebfd8cdbecf95f2ec0ef025e8e399592ba400f689ebc49d
x-chunk-cache-v1/chunks/indices-000100400465.z	177775	b82f000a4285b210540f034ab93b62b2957f9c76574ba3dea773a374fe293847
x-chunk-cache-v1/chunks/indices-000100496542.z	177060	2ad42a8676f30bd448f2d5df67b602c6d0bc1147cef950588e9056db048a8c10
x-chunk-cache-v1/chunks/indices-000100592619.z	177523	6c3641ba086dd75d56ef58c57b36a595e7867f88855e9ba70587409274512840
x-chunk-cache-v1/chunks/indices-000100688696.z	177704	d92d5ba6f308625a2471d805bec59d6622edcfb4721765045c14e9d741377059
x-chunk-cache-v1/chunks/indices-000100784773.z	177048	f3674f04d6e2c06b09e63a421e81e90b4b0b726515d96c07a294f5ccfe978155
x-chunk-cache-v1/chunks/indices-000100880850.z	175820	57197f69d6dacf767b298b89b2c186179553641f0e4d6ee7dfb57e3b54f9c4e3
x-chunk-cache-v1/chunks/indices-000100976927.z	179265	dcc209e79b5daf9671f94cc38ff381c98139c9463ca6e25cac08009c6978ad73
x-chunk-cache-v1/chunks/indices-000101073004.z	177302	497be199b4f4f9f3341d9729c08f1bc674de1710cbd01d2f20d06d3e86c9d47c
x-chunk-cache-v1/chunks/indices-000101169081.z	176946	e88a2937f1a3810b3a5264519b906cb0788a6ac2648465f9acf70174e4cde248
x-chunk-cache-v1/chunks/indices-000101265158.z	178267	2a034407a18677f715dc104b1d72f0ba42eec534d59d95797b662d5156c4ed14
x-chunk-cache-v1/chunks/indices-000101361235.z	177348	984fdd88cfabf759f079f8a2dfb64baa727932b076973398621ae0f03e6fb315
x-chunk-cache-v1/chunks/indices-000101457312.z	178409	7d8e52ef359b6f4aeb44b883b7a9bf8e93424b5d1fd96aa96e70448fdb0c6875
x-chunk-cache-v1/chunks/indices-000101553389.z	177241	a3e270fb83ec265375f3f8c559148f1d91b31243de78df80f03e1233ebfa0fe2
x-chunk-cache-v1/chunks/indices-000101649466.z	179862	24524efb329e267885656198ab063f49f7b68253239904d225f7e07963728e0d
x-chunk-cache-v1/chunks/indices-000101745543.z	179143	79b7ca1f711787e25a231c837a6080e325b62ec188fedbff8deaeac937c8e372
x-chunk-cache-v1/chunks/indices-000101841620.z	181554	528adfa2dbd22f89e4dd732d140e76edef1a7d03df3a89ab7ab1938169bd9873
x-chunk-cache-v1/chunks/indices-000101937697.z	178338	91b2506599b324c153a348f8d549499f54a11f95445545964e3c2069edd0d69e
x-chunk-cache-v1/chunks/indices-000102033774.z	175914	d1974c4f79e36d9ff4954bb234e33cbd9f9a7def115a43bf79236c72bdf55384
x-chunk-cache-v1/chunks/indices-000102129851.z	174795	c59a217e6cfd64d79e24a189a77c08b4325af27aa86fb614e0dbdb3c488b6800
x-chunk-cache-v1/chunks/indices-000102225928.z	178274	f7593ac47f9bce978c9631a8e1032da212243d8833a7da6f7ccff1cac2f63947
x-chunk-cache-v1/chunks/indices-000102322005.z	177440	62a107fc67739ddccc2e28e1866f04795991971262f1b4a99c932aa8b842b057
x-chunk-cache-v1/chunks/indices-000102418082.z	176235	3d6465c0492928e8b80d9621886735bcf5e9f02e5987e3b5c9ec45826f69a085
x-chunk-cache-v1/chunks/indices-000102514159.z	176969	1c03a41f70f7d24082f676b31501083bf39dbc1e1b4b1f26314ba59c2413ef22
x-chunk-cache-v1/chunks/indices-000102610236.z	178499	40887a8a64b9045476750a7968e8efe0e129fd9815c04ffd488f7acd8ba2126a
x-chunk-cache-v1/chunks/indices-000102706313.z	179350	9c9f859ca6010bad968e2829e4e96aaf9cc6e32cb388ebd00aa988fe3e51c30e
x-chunk-cache-v1/chunks/indices-000102802390.z	179862	fea34f815e2c08f782e02cb60b425f513217bbd6ee92d397dc5a57c57edfeb22
x-chunk-cache-v1/chunks/indices-000102898467.z	177878	e7dc17816f9c22bb166e9834ed43817ad6671ceb0b76dc90c6750730039a7fa3
x-chunk-cache-v1/chunks/indices-000102994544.z	177534	29d632092d45595ef7be6105a9c8fafe073459a045e2f28fd5cd90e31cae7a69
x-chunk-cache-v1/chunks/indices-000103090621.z	175453	4ed6f0bb25ffebd48119e4a09eb338cabe341e63d0e2c2762cf53a90cc271236
x-chunk-cache-v1/chunks/indices-000103186698.z	177605	b677266c28f62c9dabb46d0d423acd111b2c83670955b120fbf89f599ac88e79
x-chunk-cache-v1/chunks/indices-000103282775.z	178620	465e95067fa8eaf04edb8ac86c234ba8b8225c845ecd255a5b269400ad5949c8
x-chunk-cache-v1/chunks/indices-000103378852.z	180354	bbb03e1b52373329599b0a742f1198ea641d327741d65c12b9428c5d5bea70fa
x-chunk-cache-v1/chunks/indices-000103474929.z	179305	72b09d141300b26adc9de8667b317489310a31bf234b946b4e497cf36b1fd4d5
x-chunk-cache-v1/chunks/indices-000103571006.z	176785	8f41d7ce14d3ef188f00f3fb247a66124f55b86af466467f2b6492f5dd3f39a2
x-chunk-cache-v1/chunks/indices-000103667083.z	178505	57886157ea7c99769f4d79bbde8676e26f5455cae80c975498f14023430f5df3
x-chunk-cache-v1/chunks/indices-000103763160.z	177687	c59ff196c1375a1b16820dec09ab05443e12f229d637fed7dbac59832e9b8f24
x-chunk-cache-v1/chunks/indices-000103859237.z	175748	22ee9fc1891469d936885723fd61c30723b9fbbf9b318e7d29aafa4aae649cbe
x-chunk-cache-v1/chunks/indices-000103955314.z	178699	24ec6dfd029005a9e05ff0ec2c3d022687feecdcc01d1db05b22f4537e11a6de
x-chunk-cache-v1/chunks/indices-000104051391.z	176754	752d2e9b2267eb011374412f80ebe6c3a9c54e3c20ec3a3b8537574fe38097cd
x-chunk-cache-v1/chunks/indices-000104147468.z	176405	fc2eb48b84bd339627245c4871eb2cb49512739fdf261c9630100bfcefbbad45
x-chunk-cache-v1/chunks/indices-000104243545.z	176727	6c4c2c0be730178fcefb10884bef7804eb2ee6ba0e27776696e564d9a3a46bd6
x-chunk-cache-v1/chunks/indices-000104339622.z	177066	78636cdd6d3ac6028bc3b66178a3bf044ed9873685104d164ff8e0e60e20c5a3
x-chunk-cache-v1/chunks/indices-000104435699.z	177633	90c580e81a9bc62f74f0750d2a990e57c5175563c6857b6392eb9a2db971f3d4
x-chunk-cache-v1/chunks/indices-000104531776.z	177872	7cf3e03ec53f5aa9633d27e454a63194ae1923c1fbeda13e2aac73b1dfaaec1e
x-chunk-cache-v1/chunks/indices-000104627853.z	175311	8a61dcd592e09d5fb84877bc240efc2fb737b13514ebcfcbc30d3e8b4564a0e8
x-chunk-cache-v1/chunks/indices-000104723930.z	177228	fbb069a8f006b9c03324d442e452787018731dbc593275dab8724ac289a4914c
x-chunk-cache-v1/chunks/indices-000104820007.z	174680	889f10506e3de0d18398d8e580a24bc6a03b90973bcc09c93c9667c3ee34676c
x-chunk-cache-v1/chunks/indices-000104916084.z	178083	0f8b90e47156685e4afd2a0b7ed005909a57fe2c1261a10ce377d3c4ac80d853
x-chunk-cache-v1/chunks/indices-000105012161.z	176136	44c8fa75a3ebe3577519458b7a144ea7d3a12c6e6d7ec78cb94a67330834b21c
x-chunk-cache-v1/chunks/indices-000105108238.z	177666	4704bfac1c7b8087da641dd4ba7e3d13b3fc1e16fde7609d63cc57289b2614ce
x-chunk-cache-v1/chunks/indices-000105204315.z	178406	c2a79708d6014017642fbff64158a48408e75b25088dcc02ebe97635a87b1067
x-chunk-cache-v1/chunks/indices-000105300392.z	176917	eefa3f1e53150d0bbddd9cf1a81ad326986386883633bb3c4dd5279ee860fb0f
x-chunk-cache-v1/chunks/indices-000105396469.z	179916	125467c784aed58ccac91e4de49911c82768e710b67ad1d5e1682109915c41b1
x-chunk-cache-v1/chunks/indices-000105492546.z	177655	a3e079118e1ee02655616a38694884500a584461dcaa2f21908870c398a6154a
x-chunk-cache-v1/chunks/indices-000105588623.z	173517	d520b301229c538edef9d1d506f944fd85522e865a22af6048aad67738c30a18
x-chunk-cache-v1/chunks/indices-000105684700.z	175630	1d594f114b66b3b871011ca4d3697ab29f2be13de15f151fd795afd3285be237
x-chunk-cache-v1/chunks/indices-000105780777.z	177770	6fd25277cca7ac527ccf22fd8f335464999c6fa890c7fc7114c61bc7e3d83bee
x-chunk-cache-v1/chunks/indices-000105876854.z	176993	a89b8590ce316023b98cbc21c4472d75115f2e3a82848bd951670b54c0524bf0
x-chunk-cache-v1/chunks/indices-000105972931.z	177244	69b56d94cde65964dcef2bae7d0b9ad43e824db327f96fc6a00e3c50a52f5dab
x-chunk-cache-v1/chunks/indices-000106069008.z	176349	1d2e441ec13b69d098986dc694b5670bccceb14e7a35a8d885fef8ce669ea0ab
x-chunk-cache-v1/chunks/indices-000106165085.z	177775	1e8eb8ce07c45fe851cba0c5302cbbf5248f6ec5715b0ec2cd75f0218aae44f1
x-chunk-cache-v1/chunks/indices-000106261162.z	178467	4630f4ec67dd890c494ae28a33d117648a2c3692d7888bc20b775b352bfc1264
x-chunk-cache-v1/chunks/indices-000106357239.z	177390	eb04f2a67cdb913cc298aa6f1fe8a3664eaa084f0bb6fc406234dd9108864780
x-chunk-cache-v1/chunks/indices-000106453316.z	173390	93dfd52665cdf1befa4213778ed71125ed8df6468aab511060e896b11ed93cbe
x-chunk-cache-v1/chunks/indices-000106549393.z	175135	b4760627fb3d6ae4062688b24f6caf7cb4a35bdadb7ea3297bf42a8ab716a335
x-chunk-cache-v1/chunks/indices-000106645470.z	175354	f28ad618f013acb69573cdd1e2d5e103b813517f38396d4d259e7f834a05f963
x-chunk-cache-v1/chunks/indices-000106741547.z	172806	841e163bdcb0cf137dc5cd4f5e1d8350acd0ed77d9e63b22b19da46a3f436721
x-chunk-cache-v1/chunks/indices-000106837624.z	178288	f1c5dbaec69d27d6d33ca0b8e7042e4743630f39882f0b202d6e7b2fdb21aa82
x-chunk-cache-v1/chunks/indices-000106933701.z	172419	d228628e0a7fc3f2035f8843f2c213bb21761ca2c024a1ee2b92e140892f637b
x-chunk-cache-v1/chunks/indices-000107029778.z	176099	48924f0d0ecabc5aae7622acfbaea6bfe336f7ce274e0920590733cfc459b567
x-chunk-cache-v1/chunks/indices-000107125855.z	175549	dea372793ca368dd6baec51938b3085267a46a18b6f557a052407ec9b58cd4ee
x-chunk-cache-v1/chunks/indices-000107221932.z	174957	f2641b7fa9477955db356d4485b8bd84b9a30af9acf284bd9efeada197c11b64
x-chunk-cache-v1/chunks/indices-000107318009.z	173092	ef051c8341a46655a02986adf8cba4ffb8b4031923dd608a6e97bd1778120982
x-chunk-cache-v1/chunks/indices-000107414086.z	174295	f9f6d15ab2e6d443ae5d47c21a7866d2baad3766e2d4a84f249ab33dabdb2bf9
x-chunk-cache-v1/chunks/indices-000107510163.z	174078	00e689308204f36b21ee5417a125e6af626b1091c339cc4634a5f9158040cea0
x-chunk-cache-v1/chunks/indices-000107606240.z	172618	2162199bc5e9bdfd3cb1cdf5965b7662bde2dc365f296a980933b7dfafc86e70
x-chunk-cache-v1/chunks/indices-000107702317.z	174309	93eb51c31c0429e4a83d6d3e369a58ac52183922f7b51b93600a1393b7556bc1
x-chunk-cache-v1/chunks/indices-000107798394.z	174941	b5588e1dabb63f1f378194832c442bfc62d8aec894c9e69234f0df6fb0193aca
x-chunk-cache-v1/chunks/indices-000107894471.z	175483	6ecb3bbb3631cdd90d70168e4fd3557cba85e0e7807c15ff905dbba368f7f3af
x-chunk-cache-v1/chunks/indices-000107990548.z	176048	f6d1803255b444fc06a1bd6c0f825656254432ff75838fc9b97c1fec96f224ae
x-chunk-cache-v1/chunks/indices-000108086625.z	173222	d87531d2cc391aacf0b0305579ee4ddb9b3a73f46bad9dc31e49cdba328ff5f3
x-chunk-cache-v1/chunks/indices-000108182702.z	171593	c1564ba57a02045b38a93afe3f7c3bc975b3f1de23f15f07af2f2e6bfdddf5d0
x-chunk-cache-v1/chunks/indices-000108278779.z	176022	9c085fa6b7c43334fcd64830c0c1cd4fdf39a01c8de85a5ee647eb99343dbf92
x-chunk-cache-v1/chunks/indices-000108374856.z	173121	cd3acb7b22e6efbc114c6d7e702027bd3a72306c27a56cabd6e5302b1d59362f
x-chunk-cache-v1/chunks/indices-000108470933.z	174983	889bae0f8c358a48dd051b4b710560bac72c468a863c0a74c63fbea82b913d56
x-chunk-cache-v1/chunks/indices-000108567010.z	175588	f12d49e86626d5a3ac60164f10072c0a932061b408c69eb0a97e93fa357cc5c1
x-chunk-cache-v1/chunks/indices-000108663087.z	175167	d5e638f6dfade45153ecd019f1973fc726c997cf5879a9a1a9191720bf5a201e
x-chunk-cache-v1/chunks/indices-000108759164.z	175761	afe3b19c77ffd40c81b6f1849e35ccec407cf87bc5278c662bcd29fb8f5408bf
x-chunk-cache-v1/chunks/indices-000108855241.z	175565	0c6dc95a0a51291f827254c7c108184dd6c3b81413e24c854bf4ed9ed19c1399
x-chunk-cache-v1/chunks/indices-000108951318.z	173310	2fe8711c6c126f3646973b2145942d52c0024123045693386d1fb1fec88f2964
x-chunk-cache-v1/chunks/indices-000109047395.z	176089	8e8d55492b3a1dba7b5db63e62b4bbaf2978429df8b3a0d7c53d7b64fdd71dd6
x-chunk-cache-v1/chunks/indices-000109143472.z	175841	faa8bbb40462bf6438ee55d68ab4b6461f4bc94057ed5bfc8c04c608c4854eec
x-chunk-cache-v1/chunks/indices-000109239549.z	174421	889cb77a59c9b285dedeabb3e6b93fafc71e54f1ed2359546f49ed7d958f4fae
x-chunk-cache-v1/chunks/indices-000109335626.z	175103	a67211c5d9760f5ce317b4e1453af0b6906641ec68155c54e9c93b502149850d
x-chunk-cache-v1/chunks/indices-000109431703.z	178117	e16714277652999c856c89f181cd8af12dc99e9315acde251fff78d351f83f25
x-chunk-cache-v1/chunks/indices-000109527780.z	173591	974f5df4670e478893b731336c3e2cb6b8c6936cbace91eb95b219fa6e82a51a
x-chunk-cache-v1/chunks/indices-000109623857.z	173789	78067dd3d6421ad9d604fa412a7bbe6c85eb3f46ae15db503391f7e1848fcd8f
x-chunk-cache-v1/chunks/indices-000109719934.z	173394	6d821fcaec536bde115646427b6914fe5e49c66c2f1fb1e84834a5f9c391dc0f
x-chunk-cache-v1/chunks/indices-000109816011.z	171555	c22c0ea4c76f601f742d911893e0f89eb2b8f116c62ca2ee74c26ce12e559e9f
x-chunk-cache-v1/chunks/indices-000109912088.z	174091	92d2626a1a480416490a9e1194a40cbfd3cd0390743d433fc6e464350c9f1a2c
x-chunk-cache-v1/chunks/indices-000110008165.z	176358	6a4671367da90ca32628f098d3192346c97945350311f259907c6b50e5eee18a
x-chunk-cache-v1/chunks/indices-000110104242.z	174610	8b84be30455d7dd0c60f5cf44a88b4fb485c98406b14ed5d8e4c31cca2fc6ebd
x-chunk-cache-v1/chunks/indices-000110200319.z	170085	d06673ca302333ace719061208ab5d7b516093a1382ddad9d38d78a53617c4c5
x-chunk-cache-v1/chunks/indices-000110296396.z	171782	827a8b409cdb415147c7c5f1e17f7a217c1c710fd96b1fe3dd3424abd86bf92a
x-chunk-cache-v1/chunks/indices-000110392473.z	170486	9e3b03f9882a5a45106c3ba1f0afaaf49dc61bf67ecc82ea7492b73666a25981
x-chunk-cache-v1/chunks/indices-000110584627.z	174983	61781962116a6d639110f62bb226647b59833aa28b9c98584a3aafd53c402d14
x-chunk-cache-v1/chunks/indices-000110680704.z	174693	e15b646ab287c79b48b1daee65f86b48c87cb581c0fafb28889deef011ffd8a3
x-chunk-cache-v1/chunks/indices-000110776781.z	174370	dba73ddd9b33c9ba70197f3c136b98900707f6f606c1d7950272eb72518e85b1
x-chunk-cache-v1/chunks/indices-000110872858.z	174491	a136240a302121511aa278860cb702925dfd162e5c492e8efb8b1a56dde6400e
x-chunk-cache-v1/chunks/indices-000110968935.z	170028	fa4af044aa9aa8ec4c06c7e4843fff1207e9c7f71f6e4799bf36a011c7bacd4e
x-chunk-cache-v1/chunks/indices-000111065012.z	176089	689aad43cb7b9c8a60945be2cfe8d5ce87365e6011cc909d8316641ade24fbb9
x-chunk-cache-v1/chunks/indices-000111161089.z	174775	7562ee41c6ffa9e725b6690e0ad9032d91e0c84f430a49ce85a04ebbc48e74e4
x-chunk-cache-v1/chunks/indices-000111257166.z	175024	44aac989197efeea3d9487135488e336e5bec8ee294b384b5cadeb9eacf29ff2
x-chunk-cache-v1/chunks/indices-000111353243.z	176943	32f422aa9366f9974f0ce73984dad7928846d14e9082eead38822781d92aa224
x-chunk-cache-v1/chunks/indices-000111449320.z	174890	556eef40255eb548a337fa0270b6cc81c91e2f73c1ad4bd4888119a29b41ff08
x-chunk-cache-v1/chunks/indices-000111545397.z	176446	02b93bb1d8b0deccdfeeb5f909894000a0b3a14e9f755b717ffd8cb408778459
x-chunk-cache-v1/chunks/indices-000111641474.z	175634	e4853a997699c615e42d86d62ccca96dae39be58ae54156d223f5620c1caef60
x-chunk-cache-v1/chunks/indices-000111737551.z	177358	e612ee7ca61f86a7b262fa1171dc3f10281d88b886d0f7337268414777e28f5b
x-chunk-cache-v1/chunks/indices-000111833628.z	175162	e878324075340f08d277efefa7e708f7a2327b2f754aebfdc0402f82b0db0cee
x-chunk-cache-v1/chunks/indices-000111929705.z	174160	9bd998652c68979383d2c4966991bff060233d51062219cc0690e615652c6f15
x-chunk-cache-v1/chunks/indices-000112025782.z	175657	0aafb720750488263a1badde90b84cf2f774100a59ae1189e8389ddf67cb78ec
x-chunk-cache-v1/chunks/indices-000112121859.z	172975	6e9d23d1df3da8f3ffb77c5d43a78eb5fbef58b612fd38b6ae0ec83ab412ad10
x-chunk-cache-v1/chunks/indices-000112217936.z	175180	34e71d3388b92ceed80af4609d6c0d32979bab3e2522ddd5fb02720fa29c36b9
x-chunk-cache-v1/chunks/indices-000112314013.z	175421	ce4f28a63c5a164045fcf05878da94645610466736a665f45635160bca12c624
x-chunk-cache-v1/chunks/indices-000112410090.z	173585	7340e7524fb2c4d0e5c83bea381e8fde4afb56ab80cd15db72881c747a7e012c
x-chunk-cache-v1/chunks/indices-000112506167.z	173581	354bb512126afc85d5bbaa8d67dd1e14f79b11a6890306b46a55f750db8b70f0
x-chunk-cache-v1/chunks/indices-000112602244.z	172797	94c322838cb53949bcc41a9f23b49e440c10383ff298eeaa5e28b839c8b3bb6d
x-chunk-cache-v1/chunks/indices-000112698321.z	173225	90bff23ef10e0fd513def3395386c9c4a9c0fe6fc6f1f2bb3416302b9ea46cbc
x-chunk-cache-v1/chunks/indices-000112794398.z	176302	658ff2405fca245fddca8808e2a92f2c4e7dcde549c1842591c4a56cb985c0b0
x-chunk-cache-v1/chunks/indices-000112890475.z	174353	f15a4de9db7253d2d6fd06708a00f2e77f563da770d2edc84f238a356fa4df79
x-chunk-cache-v1/chunks/indices-000112986552.z	172442	e0fdaa7c67bc280a6258e1aa1d147d4dae82a05cca4d6fc73499d29462513761
x-chunk-cache-v1/chunks/indices-000113082629.z	174472	fde6882e8a7ec128d6230c0e5283811f48eef713b7ea2ca1407308ac75342b27
x-chunk-cache-v1/chunks/indices-000113178706.z	174131	18b18ded4e49b10b9b5d5eb5c938a5936fec4b27fd640c04f498202ef3fc75a5
x-chunk-cache-v1/chunks/indices-000113274783.z	174161	16507c7c4fa64f21845dc8822970c4258e1ab6314feea2aeb74dfe43b183a5ff
x-chunk-cache-v1/chunks/indices-000113370860.z	173810	44477627a7b9cfcb93aab66c69238e546f3058ade94b4582912773cc0e85bb76
x-chunk-cache-v1/chunks/indices-000113466937.z	173634	f3698204fa79d7607f3f56fb63e0b74da98e5eea6b82d9c22ec29787c2ed7a77
x-chunk-cache-v1/chunks/indices-000113563014.z	173557	de2a22101cc8a8b4f791de3e9abddbbf10c9121545d148e45cb8262c29afeccd
x-chunk-cache-v1/chunks/indices-000113659091.z	176418	8402e62d4e75d72d372453481ba6341ec361b7a0b9f65a8e028acdb7f9f8cabb
x-chunk-cache-v1/chunks/indices-000113755168.z	172016	64f70233e1ef150aed19aa6bcce15ef4d26cfea154a03a944a4e0470d052ca14
x-chunk-cache-v1/chunks/indices-000113851245.z	172434	7925852f00ec2cd5baff4812c5ee749c42216b0be1625eb6bb0c6bba1466eb94
x-chunk-cache-v1/chunks/indices-000113947322.z	176876	006b819f4b7bfc0c5fc8bcd543d691d5311c84a93d5dc3f5771deb96d08af23f
x-chunk-cache-v1/chunks/indices-000114043399.z	176281	c421859091bb42e58b1baa1c865a51ca4319bb3dca203182d6ffeb1d0622f196
x-chunk-cache-v1/chunks/indices-000114139476.z	178545	f0e0f9722c76f95b9a70741c6facc3d773ce0a974fe9c3329745bdc25492a610
x-chunk-cache-v1/chunks/indices-000114235553.z	176970	4521aeb769c6feb25a8c2a335437128010abebc90c3eb9f326fa7c0af2e816fe
x-chunk-cache-v1/chunks/indices-000114331630.z	177993	a2970022cf1e63da1a73bd2df6aeed94f4a3c8de824e9988f7a2b0ae15f855e6
x-chunk-cache-v1/chunks/indices-000114427707.z	177836	779559de88d7f7016d0392f9a4293e62dddb0793f1597bda552b9b51776d3f5f
x-chunk-cache-v1/chunks/indices-000114523784.z	177606	e56e448d7075d9d5eaef259717c9e524b068361b267aceaa1e572b243ca8ec52
x-chunk-cache-v1/chunks/indices-000114619861.z	179779	cb58b33662de04c23985fa2037332fc84850e4aa4e415a011e3b2bd638ff862b
x-chunk-cache-v1/chunks/indices-000114715938.z	177757	df65a5758b706f5030e6578e87a0275ca9aca79f8e8a5f92cf7c6dd441d5fb5c
x-chunk-cache-v1/chunks/indices-000114812015.z	177046	0cfb79fcce9a04a54bc1b118ec456369cfe913c01b49a2dcef64c3c847f1005e
x-chunk-cache-v1/chunks/indices-000114908092.z	179965	3957cb868fcdb6e79225a43dfcd55f633c6546bb6065ce9b5aac48fad7168f13
x-chunk-cache-v1/chunks/indices-000115004169.z	176432	d44af1db5f25911b8196a1f024f9aeabf6e65f518ca8b62df4458320b67d3a4b
x-chunk-cache-v1/chunks/indices-000115100246.z	176956	7c3cf477935a4ccb917f690b4d71adccc1b6756d654d6f8622c2fadd959cbbfe
x-chunk-cache-v1/chunks/indices-000115196323.z	175973	849336c196ae90aeb4bfe7e12fbaa485a568a367b02c2b605bc4824cb1584947
x-chunk-cache-v1/chunks/indices-000115292400.z	175287	4450968a8e85a03f7f7677d6f6774cecb2acea39f3c1ef9d95391c7b1bf6795e
x-chunk-cache-v1/chunks/indices-000115388477.z	174146	89fd18b06cff438669864049afbeb7c3f4ceb4e5001171538c2c4c2b19589e86
x-chunk-cache-v1/chunks/indices-000115484554.z	174818	b4eb47dcd9a84ab807a58d2fc6c6c7c9801790d2568d3cf2fd33e27f0428305d
x-chunk-cache-v1/chunks/indices-000115580631.z	174063	32d88869edf063321ac8ceaf279476dd3fd4eb681059220cdcf07e57650d7e88
x-chunk-cache-v1/chunks/indices-000115676708.z	175391	0307c1516a31ffc92c0b630482a7c1273a51adfa6b41848708cfd0369883dd09
x-chunk-cache-v1/chunks/indices-000115772785.z	175893	402e121918c37c5bf5b01911cc0d278ad4173053ededbf41241a4dccbb07d330
x-chunk-cache-v1/chunks/indices-000115868862.z	174274	c0bc0004edd1de0ffea9b3770cfd38b3ac9c9b42738ac29b0e8478244decfb97
x-chunk-cache-v1/chunks/indices-000115964939.z	177268	e88a1e25d42f97df42137ff25d245331e6193cd01d5e58888a45cd93f58f7269
x-chunk-cache-v1/chunks/indices-000116061016.z	177794	09efa52794a1b6a548ff243e2132085275f53e74f56a6da4ffa970f15f20031b
x-chunk-cache-v1/chunks/indices-000116157093.z	176104	c4e80d9e360c6343e258c57fec7ecb2a68d3f9f151e705246dd123d984c40cbc
x-chunk-cache-v1/chunks/indices-000116253170.z	172767	6f7e5c43e2edc8cf89d78c022cb7b2fbac20f6e610e5a6c6168bd14759d837f1
x-chunk-cache-v1/chunks/indices-000116349247.z	176384	0b82bef5344ab19270dc06d9feb02f09be5532cd35bdb4287fcd61facfb1a717
x-chunk-cache-v1/chunks/indices-000116445324.z	173770	714deec50906ab1028cd52490ee27642d618f23af17724860b65f8ec637a9cde
x-chunk-cache-v1/chunks/indices-000116541401.z	177554	80f9a7f71ae033d4d2c86b43da8872303858676ec87864c290e37d6063f5f8b3
x-chunk-cache-v1/chunks/indices-000116637478.z	178508	dfdf0443625595652594bdffbd5d1f10b793de0ce02c1df15bed4cf4d488b1a5
x-chunk-cache-v1/chunks/indices-000116733555.z	175409	1bbb62cba694002245b4e929d3c65bba9a3e51efd380e5bd14039a4cfd833e46
x-chunk-cache-v1/chunks/indices-000116829632.z	175883	7c612fedaf21790c3ce2002926e0b324d90a3ddb451b48cdbc0f181c271293cf
x-chunk-cache-v1/chunks/indices-000116925709.z	176604	cf1038b072cef06e731c163c49f50ebdcd5eded29717925d5217cebe736df597
x-chunk-cache-v1/chunks/indices-000117021786.z	179894	ddc85e7a65cafb8fdc077bad5ccb166bfd164a5f4de78456af005fc6dd06003b
x-chunk-cache-v1/chunks/indices-000117117863.z	175064	505c2c7734f4b79fcfcdba3664e276e9298037b731be174cd6e3785fac32576f
x-chunk-cache-v1/chunks/indices-000117213940.z	177164	dd2d90ef74a5a19ea6c70caba69c30754afd69c4e29c73e4292bf1a1397888a3
x-chunk-cache-v1/chunks/indices-000117310017.z	178562	1ef7d6eee9e48606b346a36504dc0fa219e30b22fa5adcde154d1414768cab07
x-chunk-cache-v1/chunks/indices-000117406094.z	178634	343687d6fcfbba88dfdc5361df342fede209658f2031737d2151a03a20367c93
x-chunk-cache-v1/chunks/indices-000117502171.z	173817	1d5cbcf9323c98f07292e988673499381167f1ba3c8a1e91fabd8cef110d288d
x-chunk-cache-v1/chunks/indices-000117598248.z	176277	e23d6329e392b572af0ffc86aa5226b69a0914a617027afeca9afad20b5a21bd
x-chunk-cache-v1/chunks/indices-000117694325.z	175539	466ca879fb650b4c94a419abcf76f75bf536605e3545fea81b0b980cefa98c5a
x-chunk-cache-v1/chunks/indices-000117790402.z	176403	e77139aeaa914884ed2f4f865816cd97f4a585b28c3debfb1be089bcf6722b2f
x-chunk-cache-v1/chunks/indices-000117886479.z	175564	59e6399eb1c4483dc0085398f86cb8c4b03537cbb0301cec432380406ef24cfa
x-chunk-cache-v1/chunks/indices-000117982556.z	173444	ea92c97b3d0fd70c30a8a0b1479c83fdc402de6364fb5a01b0177dcdc00b81ee
x-chunk-cache-v1/chunks/indices-000118078633.z	176538	f506aea66935cf70d5e6804863a94519491cedfe5612d3c687bc224c39650fe2
x-chunk-cache-v1/chunks/indices-000118174710.z	177548	163afe4bcfabbf770ff93ce1a7a77064e43d0d7ffc6cae9e2061eb34a199c383
x-chunk-cache-v1/chunks/indices-000118270787.z	175133	78f346e7904c70a8d8621ebd009205cfbb6cd5575959af07e12dd4c591f64b91
x-chunk-cache-v1/chunks/indices-000118366864.z	174675	00b97efd037f71e7d8e5f06f7fd8b5b994505aff349de85e54f343907a6b1f46
x-chunk-cache-v1/chunks/indices-000118462941.z	172641	b8caac90ae2573a559be3462fa96a4a1f33227279854f8562e6cc84edd2e86c6
x-chunk-cache-v1/chunks/indices-000118559018.z	173177	ce76deb74d6b2d2a2f126e69cadadafb21c1b6f02f388303fa1b8be0dc2e0dad
x-chunk-cache-v1/chunks/indices-000118655095.z	176898	2c56cb88b689cff3150df786f853f3b57b67c841eb2e7570667e0ed711ba2598
x-chunk-cache-v1/chunks/indices-000118751172.z	177432	1039a2884b5ea4f1ea2a3c37bbbd7ca05c0c479b3190611913a73e16a9a63747
x-chunk-cache-v1/chunks/indices-000118847249.z	179315	660c5390c132d9dd21a907ef81c6deaf7a044d53570c669bc5621f89bdfedd22
x-chunk-cache-v1/chunks/indices-000118943326.z	175977	662aabb917f2ac4179492bc04860b179e8ec3f72ad5da00f469848f8aeb4454a
x-chunk-cache-v1/chunks/indices-000119039403.z	176525	23da5c741e7ae916f9fd73932b52b9bcd9542cb72a77c2baa77d8550f5633b5d
x-chunk-cache-v1/chunks/indices-000119135480.z	177158	e963ff148dba8b95731648627a034c24e31db4e2bcd788a33203cf1c809ea138
x-chunk-cache-v1/chunks/indices-000119231557.z	177439	e9cd607cd3ae33dd0b10b3acee94ad684d672cbf82def02d5b8f61cb2730c2f3
x-chunk-cache-v1/chunks/indices-000119423711.z	173801	663aff5489a4688128315463e7507db8fe3c615915837345a78e09924c466b01
x-chunk-cache-v1/chunks/indices-000119519788.z	175981	12eb348dcb79c06349b87dc8cbba60efb6fb454d93ba8cb2655663fe5d866d59
x-chunk-cache-v1/chunks/indices-000119615865.z	177084	bf9c51415ba0331bb5c9bfe7de1975ed5a8771e84aaff6a0f7cbf020c82533bd
x-chunk-cache-v1/chunks/indices-000119711942.z	175151	30946d59fc05a9f7ead1ff9a55d206319f1081f00b62f6cf0199b29deed36358
x-chunk-cache-v1/chunks/indices-000119808019.z	175958	207bc5f89613b518031acad404d720214e505d5d2477af1c7ee6073c6addc2f2
x-chunk-cache-v1/chunks/indices-000120000173.z	170384	79cf4d0811cc1337474c98725070714e5105ba5c126ac904da90163174802e00
x-chunk-cache-v1/chunks/indices-000120288404.z	175634	c2805585d74d45dacca9627ec7382b0264d76f58c4f32221df70404abe5f125a
x-chunk-cache-v1/chunks/indices-000120576635.z	180281	ff0b6c3ae03af9c4836fcbcde5b60bac938a37301f51164ca012fcbda53e3de7
x-chunk-cache-v1/chunks/indices-000120672712.z	181021	7052c97b7c1c68922896e0de64aef2af8e81ef8b94530756619e8e3435a3298a
x-chunk-cache-v1/chunks/indices-000120768789.z	182418	77b55303e4f4c1bd50219fe8b7fd6465db2e30cd8ec49e122b8f2aabe061ed1f
x-chunk-cache-v1/chunks/indices-000120864866.z	183246	0ea2509199cd5225e899325a42bce4953d055857efb599b9bd6693a01eca5a63
x-chunk-cache-v1/chunks/indices-000121057020.z	182838	b3690069fc80bba15e7ff3d4f24ecbe7dd3d3e8e5cac48673f815c1b435acbbf
x-chunk-cache-v1/chunks/indices-000121153097.z	179298	281ae2a57baab9ee460f4a8b33b90c0b4bef573c4dc9d2c75469f48b31886250
x-chunk-cache-v1/chunks/indices-000121729559.z	181283	c6f8935334a62bef6c42f03856b88c482e149a7c549f479347cb147ff6fb88ec
x-chunk-cache-v1/chunks/indices-000121825636.z	181429	701ed78de24c12ad16fd3dca7b0070fd46d51f80c4dd4c7f345ea3f7fea58635
x-chunk-cache-v1/chunks/indices-000121921713.z	183004	d8a41f709874a52d5705a02a8bf5dc1aa48574826e6c384f85dc55fc2a82653c
x-chunk-cache-v1/chunks/indices-000122017790.z	181942	95b9503d29da43da05b7e2dd7637a9aace5e1aed186d95bbee48437585b756ad
x-chunk-cache-v1/chunks/indices-000122209944.z	181834	b2a9c277cac16658d11295c136f53db32a1ed3bb08b9441837990dcf2e4eb06e
x-chunk-cache-v1/chunks/indices-000122306021.z	182175	012364741a5c360e05a5f3fa273a2db4b5575b13caeb1c80d3a91fa8529256b3
x-chunk-cache-v1/chunks/indices-000122402098.z	182484	44dc0dd2e790fa7044290caf4ba67f3953e175e371ab063a7bb00a8b6138fd97
x-chunk-cache-v1/chunks/indices-000122498175.z	180218	77d5b19c7a466c787e56bf1551c58cd8b8eb89ed5e22cd7c1b3f4346beed8fba
x-chunk-cache-v1/chunks/indices-000123170714.z	177391	826b910a17440b22cd0991f30915e2a4ca9ca7dd91832f2f3f6b1c31bd7d679a
x-chunk-cache-v1/chunks/indices-000123266791.z	180406	e92aa3ea696bb53bb8db361674c37655f8e6b77ca54129e2788cf91d1166299e
x-chunk-cache-v1/chunks/indices-000123362868.z	179615	4e7f2818c925c2048b44ac7df4c22b3f68947d2340b16c6a6deca390bf3a76ad
x-chunk-cache-v1/chunks/indices-000123458945.z	181355	31c59c97d37eeac0a73cf0dcdcfa0582d5f224dbf5bf33143417b41a4f103b4b
x-chunk-cache-v1/chunks/indices-000123555022.z	181282	919c16103d874f3594ab384e26cba03060e3a9a0ca2f222194dc662772730d38
x-chunk-cache-v1/chunks/indices-000123651099.z	178872	9aef5ee4765484cfba4e847aee44ff43adbd13cb6c80b4ffcd574a0e505034b6
x-chunk-cache-v1/chunks/indices-000123747176.z	177077	43b78e0bfd9a7bfd8f455566f4d226eb648de02dfb374f71c66eddb1712134bc
x-chunk-cache-v1/chunks/indices-000123939330.z	179851	5f7d7f229b8262830c7e3baf7237ec1fd5c5be992eda538e61e33db67ca76faa
x-chunk-cache-v1/chunks/indices-000124131484.z	179058	36027fb4bf536bc7337ff82c9303d019dbf01ca362992f62ca8f34f930733d81
x-chunk-cache-v1/chunks/indices-000124227561.z	177116	3d1fcc5733f1ba9f7f01ca745011d51b7506289a9ca23b778380e3f98800a002
x-chunk-cache-v1/chunks/indices-000124323638.z	175587	141c836ed6ac64050c4604c2cb9e8ec6e1e97c8f1e4f0141993dd48f1d392484
x-chunk-cache-v1/chunks/indices-000124419715.z	180203	0769695b0a34e73b4ffd3d871a402ad03f4817a1729e49628a75e985ed7a246a
x-chunk-cache-v1/chunks/indices-000124515792.z	176388	8e189792374e72c0bf626c02ceabf6bc898008a7bf7949ade138ff089ff9bb76
x-chunk-cache-v1/chunks/indices-000124611869.z	181570	10dc494a79106b059ade69275b1f834e2906a77752c40a8f3cb8ac42927a719b
x-chunk-cache-v1/chunks/indices-000124707946.z	178249	44838537cf4234b1d06ad863876cac83b1b0418d59f84ea3e361f439bd202d45
x-chunk-cache-v1/chunks/indices-000124804023.z	179068	ee1dc9c760081d70e498d55f2b3a8e596d3d11ce1d4ab98a772a44253311471a
x-chunk-cache-v1/chunks/indices-000124900100.z	181016	39e352e16132b63db05e7657ba7069b5776d7474a1b9acd17f8101b094161848
x-chunk-cache-v1/chunks/indices-000124996177.z	178579	0a165de7d534242fc03cfbc376c8c5e41f7aa0f9acf274749ce8060af50c7cd0
x-chunk-cache-v1/chunks/indices-000125092254.z	182739	1e1d581c9b8dee0647ccd3c02f9cb2b595a85fbd602e50d15c1d1655fbb16075
x-chunk-cache-v1/chunks/indices-000125188331.z	180680	23e4ecb461e39f547079ade5297615e6e2bf25ee59f5a432a95eb921acb44c47
x-chunk-cache-v1/chunks/indices-000125476562.z	176278	37a65df52632341a121715cd4ed755b2da79d6dce43128009cabf616e72628fc
x-chunk-cache-v1/chunks/indices-000125572639.z	177716	0c9799671ea8c64603c839fd74fc9a14a9a8425b8260f6de4ccc2e315d66fbbf
x-chunk-cache-v1/chunks/indices-000125668716.z	177174	0e631375433686614aa79fff9fdadd1b9ace74a5679e298073675b553202ff43
x-chunk-cache-v1/chunks/indices-000125764793.z	178980	2b23d9084494c7bae70462d0c3362e45b4433822c768d3d9d913e052f2e4ed7f
x-chunk-cache-v1/chunks/indices-000126053024.z	177497	769de8941bb0a6f584b189ed237bff8610fa045ca53d6f38a72e97318911f585
x-chunk-cache-v1/chunks/indices-000126245178.z	178778	f87e29c838e168956c77d772729c43d566acd2232648841cc57f955f702ed326
x-chunk-cache-v1/chunks/indices-000126341255.z	179312	6ced026ba70b1d982238b21f4548a403ecfa8e1a243e2dea06491be71a4944b9
x-chunk-cache-v1/chunks/indices-000126437332.z	178267	136939e76bb5694e09d03d8e4e78184ad9582049cc68c600c620ab70ab13e1aa
x-chunk-cache-v1/chunks/indices-000126533409.z	178308	e7ef103d20ad55e4d5993077fde02c168d36ccca042cb40c62dc8c8b6dadd205
x-chunk-cache-v1/chunks/indices-000126917717.z	178972	497878746d6cc5dc7902e5eac206ad33bea81821601b20a8d647eaa2fc188736
x-chunk-cache-v1/chunks/indices-000127398102.z	177152	f128ded5bbb67e14155c64dcb887569abc9983462e086ffffcac19746e681c26
x-chunk-cache-v1/chunks/indices-000127494179.z	175743	f038bf8931547b7b485d9d812d3b5f0138e870d2df267b4bff54b8b90fa5b781
x-chunk-cache-v1/chunks/indices-000127590256.z	175099	385552b6223929374389618dc1ce7c3397d2747666d87aeaf42f9aba6027329c
x-chunk-cache-v1/chunks/indices-000127686333.z	175340	fe55ebdc1b6cf1674f0c67ccfabf5113c19c8a76f0c02fee2e9e369a06506367
x-chunk-cache-v1/chunks/indices-000127782410.z	178990	534b6552d9ccab8080683cd28c7f9c668a6dadc19d8ba5720d3313d08f3e6829
x-chunk-cache-v1/chunks/indices-000127878487.z	176353	9123e3072c446725f8b0b17d3654f9553c2d0305e96c1b30c54647833ab18b1e
x-chunk-cache-v1/chunks/indices-000127974564.z	176134	88f32970bd2219ca6459e8fcb55604b938329fe60bfaa08d74e432c0ee43c00d
x-chunk-cache-v1/chunks/indices-000128070641.z	173107	2288751967aaa5bea601ee86fdafdfd6bb2bf4e2e26f701f6a2d29b509dba65f
x-chunk-cache-v1/chunks/indices-000128262795.z	175503	1fb6c49656d7141b0d1cbab0f0afac09507e7f6858c92ecb85ce11d5e9ab6308
x-chunk-cache-v1/chunks/indices-000128358872.z	173164	d203c3fd3ef5b0d70cf0c8c4b28c97f0dd27f16cdd07f1db43a02af0e88fbfd4
x-chunk-cache-v1/chunks/indices-000128454949.z	173383	948ffec0a177147f79603f622b349530de56b9d2f9b8a25bde94272ed388c01f
x-chunk-cache-v1/chunks/indices-000128551026.z	176035	64eaeb3ac8340f1886bda5a4416e69aedf44e3d25ec4c13e5d83f88c3cf87ed0
x-chunk-cache-v1/chunks/indices-000128647103.z	174691	04176e5de822d7836f3900df639465faba4ced6d4257705d0436024e74648452
x-chunk-cache-v1/chunks/indices-000128743180.z	173083	fb24278e9fa70a3bb9782f8ed8b9e77e6985fd5048fe3bd1f187056cd966aef4
x-chunk-cache-v1/chunks/indices-000128839257.z	179459	b91f9e291d7e277017043e4b7666714276146cf9eac96f83f37a684249ffc723
x-chunk-cache-v1/chunks/indices-000128935334.z	176442	1cfded7e583811af7884be8704158cf105a96c85de9f775a6e41cc0eeba44f0e
x-chunk-cache-v1/chunks/indices-000129031411.z	177793	05bc06e38c6771bc61a894e4fb4ff6129318a74311b91f57624b5c556a20f041
x-chunk-cache-v1/chunks/indices-000129127488.z	178921	c70e0f3aec414fbaf0dbe68cf2d405a13f589efa2cdab91779ee9bb82037eddc
x-chunk-cache-v1/chunks/indices-000129223565.z	178134	56fdff889019c9d91d1816d38aa4d680a98d8fb32174d6723da1851a0851a49b
x-chunk-cache-v1/chunks/indices-000129319642.z	179058	f43f9593971427fb1c57784b91b742c39b33ffc52395af01efd271128e3bc03a
x-chunk-cache-v1/chunks/indices-000129415719.z	179036	a1cb63a24d12dd46f929dc224087790b2eb52d6a29f01d0e42eb4d9f6deb63dd
x-chunk-cache-v1/chunks/indices-000129607873.z	178899	f7b61b6d83d48500560d3139efccdc22a44ef2e0cf292c59c60cd83b7784849d
x-chunk-cache-v1/chunks/indices-000129703950.z	178839	bc051a17456af1ab330d813dd24a5157b5a2356c941f2b866a84cc02f94f812c
x-chunk-cache-v1/chunks/indices-000130760797.z	178902	14efeb0925c5b83dfd01f1d71309546abcc8466fb3698a5d882a19de3906e860
x-chunk-cache-v1/chunks/indices-000130856874.z	180890	19dc43a99c61a5bc7ab7a6cd9682d2e0884718cd5f410535c0fbd55ff8578aaa
x-chunk-cache-v1/chunks/indices-000130952951.z	181832	cc0c60708afe251be6884d328302eb1f667bb0e1b1665dbd8e511b05b8f282ad
x-chunk-cache-v1/chunks/indices-000131049028.z	179952	2801cd1ae0830eff4d68c93198ce7f3890db7064c4f320fef660a7e488660cb1
x-chunk-cache-v1/chunks/indices-000131145105.z	182472	4d891dfefca028490c32ee44901db2da6e5a39173275ca73ae5944c30635533f
x-chunk-cache-v1/chunks/indices-000131241182.z	180622	65c68a6c9c6a9ae81af8d8d864c1caa6756d3777a458b71520226a128451f6b4
x-chunk-cache-v1/chunks/indices-000131337259.z	183454	a4c62174786bd5e99f8e4d90920de4a990ba7b3791d73f1ece1c509e95bbba1f
x-chunk-cache-v1/chunks/indices-000131433336.z	180181	4fb5f9ee922e9398ebb663608571ab6baf11a582bde3cbc553a9a6948a62affb
x-chunk-cache-v1/chunks/indices-000131529413.z	180495	5c83e4cd87f8a4cc3b16fd3cb19931f2b9aa945f8f52410fa25642ed9e2aaa3d
x-chunk-cache-v1/chunks/indices-000131625490.z	179836	102777a422a2eda435cee8ae49ef5c1378c3b0667275c1166a1032a6010b2b4d
x-chunk-cache-v1/chunks/indices-000131721567.z	177646	08feea3275a777f81f0c0cde9ec2c85a39fb831a768b355106b3cbc3f16c57e1
x-chunk-cache-v1/chunks/indices-000131817644.z	178845	e34e476313d7f793169d4bf57e6c01a4bebe9960f29ee0196709f10fd0e4bb83
x-chunk-cache-v1/chunks/indices-000131913721.z	178233	9f562ef92b01a4a4564fa1f0ac2547885b1c5074bea74ee0dc1b8acc22148238
x-chunk-cache-v1/chunks/indices-000132009798.z	178472	8189f171fe88419a18e5592daa8662a85bdbedda91d475948b8205aada9f3a7e
x-chunk-cache-v1/chunks/indices-000132105875.z	179906	3332117bdab81c7faaedb47bae375d4a1cd4a5da7c2d08814d2e5126cdeb2de4
x-chunk-cache-v1/chunks/indices-000132201952.z	178081	ed6a024d2ae5b9ff8c2735956ac4992e449d73524819885d2fee69b45b1e58e4
x-chunk-cache-v1/chunks/indices-000132298029.z	176276	dbf3536e31a619424e6acc004f5cfe22be7061d58fab09688905edd5d44385b6
x-chunk-cache-v1/chunks/indices-000132490183.z	175964	185cb91a1b1af7525386bb0d91c5bbfe85552bcdba8480505b1284209a6d1591
x-chunk-cache-v1/chunks/indices-000132586260.z	178014	27037f8cadbe241ff33b96c87fbb8587970554c0a49d91939ca86cab9a19a7b7
x-chunk-cache-v1/chunks/indices-000132778414.z	178115	60e4847ee8a9b074ee4a080b03537cf3dea4cd9fd1023ad811b51e04e1e506ae
x-chunk-cache-v1/chunks/indices-000132970568.z	176761	c2846f6c06d1fa2feb6702dbaec4ba6b5547368d2d1205e7b7ae6c8254780d77
x-chunk-cache-v1/chunks/indices-000133066645.z	177449	c68b4c93d2d8fa1bcd0aa349cbbd452edd23de37a6f57effe0cdbaace457aed5
x-chunk-cache-v1/chunks/indices-000133258799.z	179059	dad792831c2bc59042525086b62a6af9c32a0a79fd76b48dac8f9136ab350f37
x-chunk-cache-v1/chunks/indices-000133450953.z	177008	0e3599b8e2d36f6f5d75543019e971b3399b908bea9a79fcc3bacaeffbdaaf00
x-chunk-cache-v1/chunks/indices-000133643107.z	175368	7f76d89ae12eba7b476e8bd312b0d4054de7f695b68e0cc97c71964c3f40396c
x-chunk-cache-v1/chunks/indices-000133739184.z	178691	264a2a909a9e496313c0306c0ec24ca796c6b384e33d54fc9987b13a45e05426
x-chunk-cache-v1/chunks/indices-000133835261.z	180191	aa784a9779905f99969bc8c317bc8f7791e173c318ad07b40f287b1902bdeec0
x-chunk-cache-v1/chunks/indices-000133931338.z	178794	e32951feb9d24ea79d6a3fcfdef9098c28815dcf8501910d3fd0e835d578ad50
x-chunk-cache-v1/chunks/indices-000134027415.z	179477	af7f7f9f99be4b73c2c603443344a1a3a860811234bc885ffdc9ae735c9b4516
x-chunk-cache-v1/chunks/indices-000134123492.z	179914	cb89a222aea35be201ddaca533767aace5cd3d0c8279b1e6a150af26ee89377f
x-chunk-cache-v1/chunks/indices-000134219569.z	178556	46d5a69a4beefb0f60875fd67004bb9425b890f0ba26333ddd4b2c6fde6848f6
x-chunk-cache-v1/chunks/indices-000134315646.z	176595	d781043ed7354043c5e3ddd81e4b69999cfe9bd419000cd3c56e68a0e3674d58
x-chunk-cache-v1/chunks/indices-000134411723.z	179003	cd5446b129ef0095377284c351762d11d573810f393292480f3fe2c3d1aae73d
x-chunk-cache-v1/chunks/indices-000134603877.z	176278	04eae6d9fa1977f86d3ac2d083063208974924619432b14d9e687e3569c4d9cf
x-chunk-cache-v1/chunks/indices-000134699954.z	175604	c89e2ca2aba15b356d8f9a632c555d164d8c32d278627cdbeac91bea71560595
x-chunk-cache-v1/chunks/indices-000134796031.z	176904	95e8d96921e23061ccc6c1890f94dd8f7c7d99c199e15d10b4627b890f2cc621
x-chunk-cache-v1/chunks/indices-000134892108.z	177612	d0201443ca421762bac7b3925c72803e36d7837b6de9cda02d2865439652a0ea
x-chunk-cache-v1/chunks/indices-000134988185.z	178782	31908efc2d988cb11fc73ba564143ec382cd8bc6c6c11c1d02e712530d684058
x-chunk-cache-v1/chunks/indices-000135084262.z	179437	579318f2a38bf5b01ddcd6375168a7ee7037d6bbda4c3adff27bd96edffeb9f9
x-chunk-cache-v1/chunks/indices-000135180339.z	180711	2894e553ac257e09ea8cf9d2652d63868ab203217493dac431cc9dbf32adf396
x-chunk-cache-v1/chunks/indices-000135276416.z	181585	6a8b2da7b15151f7df9e255ded50a6f323a39fda9377a75b8e062ef55bf4dd7a
x-chunk-cache-v1/chunks/indices-000135564647.z	182093	d4df91f54070d450cdfca862716df56134b0cf12ca39b712b65f03a60481e518
x-chunk-cache-v1/chunks/indices-000135660724.z	176843	bf19a08191583fed59c8017d6f52b6274b37220c4172b7030c8423e50105a01d
x-chunk-cache-v1/chunks/indices-000135756801.z	181096	7399ec3b04916f26c0721455c4104f9aa8429709a6f7c020133942826f00bf1b
x-chunk-cache-v1/chunks/indices-000135852878.z	178095	c0590cfc416e7617bc9bc956546569dca4b178c12249471fd23b876b018bef54
x-chunk-cache-v1/chunks/indices-000135948955.z	180262	f9b2e83c7729db21e8754c836c1b40bcca44c310eb89f6049f7e26ec55e2f1ab
x-chunk-cache-v1/chunks/indices-000136237186.z	178672	9a64ff69bb849bc61aa19f7993c672f270ab2852a0b6f7a33cc07123b6a8610f
x-chunk-cache-v1/chunks/indices-000136333263.z	179301	c6e7f23bafffcd4179277a46d6c2fdefd36a38903eeda729c1d73e660882d5e8
x-chunk-cache-v1/chunks/indices-000136813648.z	175769	ab68329cf1af9d44d1c7e2ad62a3982211f6dcf64ef3fec56b841c474f954698
x-chunk-cache-v1/chunks/indices-000136909725.z	177034	6358de0bb1becb0eb32e0381421f21e76829ec3945c08e99018c6ace014ad6f1
x-chunk-cache-v1/chunks/indices-000137005802.z	178916	8ce5748e77509b00610b0f62b5b5e42164338f9e25d4d9aa1e57fde79569db8c
x-chunk-cache-v1/chunks/indices-000137101879.z	179065	1b489b1f127a96a1f83aaa78f4a4ec4f56a8b948f302c1506416203af6583157
x-chunk-cache-v1/chunks/indices-000137197956.z	179151	23f523cf0704d153930d26b1a66e2a6c2ae7c7840327ea5dc6599abd7823b2c9
x-chunk-cache-v1/chunks/indices-000137294033.z	176679	04fe26045f10556b33373e5ea77ccb7e6c0667870161b709afb0e458ab746416
x-chunk-cache-v1/chunks/indices-000137390110.z	177064	ba0005f18060e43e912145252451b47542e624ae8c83d5fcdd5eb6e4c33b9324
x-chunk-cache-v1/chunks/indices-000137486187.z	175310	f3fe3947d5bbdec362d0aeb2b5e110a9b4c49638ad8476e05242e1081c05a9de
x-chunk-cache-v1/chunks/indices-000137774418.z	176628	7ea26bd67218ac227c1a8f27b754799d348a8d1010e04710d6e2fc3083a45f09
x-chunk-cache-v1/chunks/indices-000137966572.z	174383	6155afbfdc72bf1ad39462758075ff3dd640a5205a0167d35ba57469815f61d3
x-chunk-cache-v1/chunks/indices-000138062649.z	174855	f0f4bd72d1c64d5c3f9e7a9fd5a30b7eec342c0da2cfe9175ee54e006b9681d1
x-chunk-cache-v1/chunks/indices-000138158726.z	176549	480c51cc270738eac8e0918f46b4ae029aee9f894a76d4dcfae6bb4403072d20
x-chunk-cache-v1/chunks/indices-000138254803.z	177519	b1118f958605faa83e66622974058e4e0a7de747e9dda04975f37e515c0b23f9
x-chunk-cache-v1/chunks/indices-000138350880.z	178055	2ddf1de8daae695e119bc53f6513a62941f31549cd054fac000f8016f34845bb
x-chunk-cache-v1/chunks/indices-000138446957.z	177170	0a3b731d31181708bae92a3355b8675915b722df4d80371432997f93f80804ee
x-chunk-cache-v1/chunks/indices-000138543034.z	173068	a597bfe9374bd0b98f9832a18ce150c2932f6a46a80d896039d1a4ed60bdb485
x-chunk-cache-v1/chunks/indices-000138639111.z	178371	dfccc26bc599e3b9d2472482b717ba24838658c5ab7011489c489cdd2c6ce237
x-chunk-cache-v1/chunks/indices-000138735188.z	178777	cd7944eb8b446fb498b2903e8c28f6656a045099bf81eac0d3b5d27c8893027e
x-chunk-cache-v1/chunks/indices-000138831265.z	177703	74cbb2d5b2787a55a0b04b69ccc13ad0d6b2d7443f59baef219eccf8a02fc295
x-chunk-cache-v1/chunks/indices-000138927342.z	175456	16a98af57ce13e00cb7b791796763ed4b7ff3f08ef6b52a717f46719513c44eb
x-chunk-cache-v1/chunks/indices-000139023419.z	176583	2837a483be00bbb91e69e1e1e79f1b714d8168886507aa9d3a04b1cd336f2ee6
x-chunk-cache-v1/chunks/indices-000139119496.z	175714	fdd3ce4154ea26ff3758ab774c5a118c22d851059b8453847286ad81968a9910
x-chunk-cache-v1/chunks/indices-000139215573.z	177369	5cb4a6414ec6d7fa8ddda9a71d771bd8bcf9d395a576803079a4f316b591ff61
x-chunk-cache-v1/chunks/indices-000139311650.z	176393	adf445786fc51c91e0b48a8dee0e0b725cc41d0757e6e7dde6eb3fb42a4b968a
x-chunk-cache-v1/chunks/indices-000139407727.z	178219	2eb02790b2d67bf0bb9174d80c4e9e82eb27dbf56c34c5a7daab3adb5e8bc63b
x-chunk-cache-v1/chunks/indices-000139503804.z	175606	38c521a4e1f591d134ab9c02179747f42a5c21920a973fcf27f90ee835c03e16
x-chunk-cache-v1/chunks/indices-000139599881.z	179880	247d9940ad51ac360e05144f24fef5e30fc8f791f8d3f71aa1afcc71f06a52ea
x-chunk-cache-v1/chunks/indices-000139695958.z	180024	d9f26c9fde5bcd379df3e2439309729b90c079495b5ebb227e3a3a380795bd1e
x-chunk-cache-v1/chunks/indices-000139792035.z	178420	65abf036f78553efc6ec44d2ccf7f47e65cdf18cd96564c501041d947b12a236
x-chunk-cache-v1/chunks/indices-000139888112.z	179683	c0fdebb9ada89b5b05a41aaac402a996f68b5578aa2d6ebbcfa7e5a4684607da
x-chunk-cache-v1/chunks/indices-000139984189.z	178875	6289046dc1270f1e9527b8666d6841a57b63f286d5b7520bf204a4f5f5e0d780
x-chunk-cache-v1/chunks/indices-000140080266.z	181884	01f35f7d27d05101e34ad4c1d250ac68f27a337bbf6c21ffc2e75f42423e6549
x-chunk-cache-v1/chunks/indices-000140176343.z	180269	885aedf86349e6a9c087dadb467148364fbd7f5200391685b89fbeb8783ccb23
x-chunk-cache-v1/chunks/indices-000140368497.z	179040	0add6bc688fd7e5c613ccc4f1c4282c57b25ce184607ec3488e225a0990127ee
x-chunk-cache-v1/chunks/indices-000140560651.z	180629	d0ed07bb29749d18cb8ab9387686ab6f5772c9903ef3dbb8d9de2c27d90fa9f6
x-chunk-cache-v1/chunks/indices-000140656728.z	179658	d8588f9ac2ca4cb96bdd6cd61e687c680523f09ffc02cec0943280c5f6359433
x-chunk-cache-v1/chunks/indices-000140752805.z	179177	e8c273a4cb5255a8305bb5bae1e21584cbb8f0e4001974d6afc77356fa183178
x-chunk-cache-v1/chunks/indices-000140848882.z	179114	3745a11f06ea8f93b6f8d5a39bb0cfe9d2e18936041f6d4413b24e4e8ff160ea
x-chunk-cache-v1/chunks/indices-000141137113.z	179111	6b3b02871a68f29e5b2361aee87ab0960c215e4c78261d574ae3dfd76c42ba23
x-chunk-cache-v1/chunks/indices-000141233190.z	180596	e1497b9aabbe8651b64503b6805f198ec3b597d8f0c75ecadd672b33b784ebf9
x-chunk-cache-v1/chunks/indices-000141329267.z	178861	d23231e2483996df0a7afa8ef4e8946946be4c6442f36ad54de13123818c2db6
x-chunk-cache-v1/chunks/indices-000141425344.z	181913	731fa153c474e10820283f751e64beae7b41f0a4878888b5914f9d4a172dd78e
x-chunk-cache-v1/chunks/indices-000141521421.z	179992	55410e8038dc908332a430bdedf8fc86f79504b5cc3ffed54761e1e5f65c0164
x-chunk-cache-v1/chunks/indices-000141617498.z	181637	444f6a6676af635504226bfeb6f5675b7ff81e962103ec38fd1266a6a37cbe42
x-chunk-cache-v1/chunks/indices-000141809652.z	176758	bc425942fe0a91f01fbca816cc053b7c72c1c33a210ead334a9a61988fdda1b6
x-chunk-cache-v1/chunks/indices-000141905729.z	182960	3791924186721d1f1fd7b8e604e941cf7ec7bd3b83cd9d73c1d0cd2fdad65749
x-chunk-cache-v1/chunks/indices-000142001806.z	180123	3a6fc21b8da67e17bef8840446e429bb57358bf860ae548c26313f7547469c0e
x-chunk-cache-v1/chunks/indices-000142097883.z	178411	c54363dc95ce60dbde665667b8f214811da563e9f1df9b579a912e93379f8d10
x-chunk-cache-v1/chunks/indices-000142386114.z	179873	4e77ae4e5f6fc44d40ede82c012a36d1f36a22207b95ec16612235a887f118ad
x-chunk-cache-v1/chunks/indices-000142482191.z	178142	f01e163fb3b23f18a0a0316fd5a3342ff1075188c933b86cccf7b3f004c633a6
x-chunk-cache-v1/chunks/indices-000142578268.z	182255	dfd0d140de30a49af9a891efb60f63f0b31c1105de7304b3ab578e31a6867b2e
x-chunk-cache-v1/chunks/indices-000142674345.z	179807	8a4ffc60d9b4da82b58c2445b3285051a91d9f374112c455fcd547a6ee9a268e
x-chunk-cache-v1/chunks/indices-000142770422.z	180552	0fee5e138dec8096235f9d5fe5dbc1de11f27bbb81c3f63f28c9a4176c83a327
x-chunk-cache-v1/chunks/indices-000142866499.z	181103	a2cbac0bb8a705b8b19eb3b932865f55d978721048d6521f9336c1334f64db68
x-chunk-cache-v1/chunks/indices-000142962576.z	178317	bc143dc1458d8bf4d798c09fa650d002f76e0b5cb8e1db92497b9530adba2054
x-chunk-cache-v1/chunks/indices-000143058653.z	178652	2cd8a22a2b6b7525f10ae37556ddfce9bf317b3a23acee11852abb16ba9e99d2
x-chunk-cache-v1/chunks/indices-000143154730.z	179542	24151541f5372c59ed22bce9c54f464335135c5afb5ecbf89ad397a06e0632fd
x-chunk-cache-v1/chunks/indices-000143250807.z	178408	25268ca8156d00188f3b637c9c70af9299df837b29116bc186d4badc7b07acd8
x-chunk-cache-v1/chunks/indices-000143346884.z	177167	454edb88b18e2626ec157595c355875ca3dd14e8f2229b7ab4a44bdffc90440e
x-chunk-cache-v1/chunks/indices-000143442961.z	178400	ef2dbfd657c5312d7b6a349249cf8272d12fe919f5a49507334c5aefa30a586f
x-chunk-cache-v1/chunks/indices-000143539038.z	179136	aa7109354654f8db4766d0aa56a7a47d15e6d9699181d8a8f3d0ddc96e680b34
x-chunk-cache-v1/chunks/indices-000143635115.z	180273	6d5288a8941988d4a18280a5eddb98556c7e51794e25d6acb34050000bc128e0
x-chunk-cache-v1/chunks/indices-000143731192.z	180284	bf60a0e09e39a363e294100c136d2517c203a375a3760082342dcae9f925becd
x-chunk-cache-v1/chunks/indices-000143827269.z	179168	e5cc5bff8f614afb11c083ce3077b72154681891e8180b2bd4bec52c8c424266
x-chunk-cache-v1/chunks/indices-000144019423.z	178984	621ac1d83fea2f7aa5fd9cd0b617730726238f86a99fb332387cd56460818fa8
x-chunk-cache-v1/chunks/indices-000144115500.z	183000	d6e6f5c4831010dd8da05ed9bec67d72e19184c963be1476d03466443a920a4d
x-chunk-cache-v1/chunks/indices-000144307654.z	180482	0fd6976734ad63d0e20a819835cc8baf689c52e708b873b1e863994d6e68a112
x-chunk-cache-v1/chunks/indices-000144499808.z	178974	251b0ddff1512d008ca465eedf97f53f5666c1f9e9d862fb7a53f3ef71de21d8
x-chunk-cache-v1/chunks/indices-000144691962.z	177516	6534827bff2ad090580e0b89edea1e8ecb6f884f7b3f5dfda0658b7ce9850d97
x-chunk-cache-v1/chunks/indices-000145364501.z	178095	3d65ef21f39086c586cc6c0126ef65c8bd945699d2fb769be2493f895e99e82c
x-chunk-cache-v1/chunks/indices-000145460578.z	179660	1f00d26f0c20ef1607dd7c6259aad5bb394542b62380cfd9f64391e93aa5dd95
x-chunk-cache-v1/chunks/indices-000145556655.z	180996	c674b96e83ae4eed470328102dbf562ea92b60cf62fb705faef8b6f4d740c283
x-chunk-cache-v1/chunks/indices-000145652732.z	179550	332e621a0fae0d760661fc5033c57bfe21ae8f2ded1588fe6c91d797cd391bfe
x-chunk-cache-v1/chunks/indices-000145748809.z	180005	a96c44688ee2d0f3e10f6ca98ce1582fbec46a44ccfc8e5be5fdbc4b29e31545
x-chunk-cache-v1/chunks/indices-000145844886.z	181309	ff683c5a103aee1d78e91dc935c8055b3dc241cb517affa2a48e4a609d5fc54c
x-chunk-cache-v1/chunks/indices-000145940963.z	181267	2c813051a289442c90f1a03896ee9d22953cfa00e97e8e56a59582d4200e0178
x-chunk-cache-v1/chunks/indices-000146037040.z	178072	db2ef361f728b4549ca709dad2820b67a43475d294f1d933a6d3c1b1e4fae235
x-chunk-cache-v1/chunks/indices-000146133117.z	177668	252a26ee3ff2c7632826c610c0fd417294e2d76bc81614b44c16541bc766459e
x-chunk-cache-v1/chunks/indices-000146229194.z	178305	d50b7581d04d58bfdbdcee007acfdd9aa305058dc854e1318aee586e50559bd6
x-chunk-cache-v1/chunks/indices-000146325271.z	177651	b475e3311c10e11d8070dd4add9cbbc3e556b2492b9c158820646c759628584d
x-chunk-cache-v1/chunks/indices-000146421348.z	180150	7cf24cb08f70b826e16646a496a6386a03bb8672a6b90beff36c0a30d81f16d6
x-chunk-cache-v1/chunks/indices-000146517425.z	180119	f1ceddeb0a05b91860cc276a67953eb3b6650b7c7baac70e937a84370d47c8b9
x-chunk-cache-v1/chunks/indices-000146613502.z	179496	1462e99ff6886d315ec16173d36d8c5b0d4165d5d7b6645b21773c7e972fdd48
x-chunk-cache-v1/chunks/indices-000146709579.z	177202	acfa36d23134f8b84741c097c51992b6096c2ef07b0a47cb6d065b2b6028a5a8
x-chunk-cache-v1/chunks/indices-000146901733.z	179130	d1479635ddf7369efc6fc1ce7b08d5bf8d96d5948e44d99fd6706ef2ea63dd22
x-chunk-cache-v1/chunks/indices-000147382118.z	177411	06f935a9d26299499458f53b3d24cd87d8dfe57687d75b8d6f3b6d0fa5277f79
x-chunk-cache-v1/chunks/indices-000147478195.z	181017	510b2a510d2d5304e67a480da47d63371ce193d7776f080da0cea08e21ff8fc8
x-chunk-cache-v1/chunks/indices-000147670349.z	178944	db3a701fac605c35741eeecb09f766540693bafc118b0f9e9f275549f5ff7466
x-chunk-cache-v1/chunks/indices-000147766426.z	178878	9c3a0c8f88437c5cec8651f086ed45fc6ba6275ffb8efada074384fcdaa7f1fc
x-chunk-cache-v1/chunks/indices-000147862503.z	180266	775a4659799c4d69226cbd86821057c42ba5cd9d51234d51732ca6b9a5207209
x-chunk-cache-v1/chunks/indices-000148246811.z	177134	5a13ad5663a242883806d77dcda76b43847732f67bd3c686fe6d3b47cde90ecd
x-chunk-cache-v1/chunks/indices-000148438965.z	177684	dd32f5207cd70f237926449c803421dd149eb658da6f91f93e63007c6dc3a2bf
x-chunk-cache-v1/chunks/indices-000148631119.z	176257	410c16e17cbad716ec808486fa65f0e5432e8ff7ebe2d705d0ffe44802287b09
x-chunk-cache-v1/chunks/indices-000148919350.z	180088	819a7fef9bebd116a3097d82ca508a8f8e9a2ac62a84165f4c0fa779c81fb1e4
x-chunk-cache-v1/chunks/indices-000149303658.z	182797	0d2ced1f777630da36220b2a190a36412f99f83044b15587410f7923e5e11351
x-chunk-cache-v1/chunks/indices-000149399735.z	183059	0f490260946f7cb2438d5492ecd6b88038db7468c2cfcbc788167675425b7c12
x-chunk-cache-v1/chunks/indices-000149495812.z	184432	720a15386a69f8ec7dde15c3034dfcf3ffa1fe83a772134fef5f385fe12222b5
x-chunk-cache-v1/chunks/indices-000149591889.z	181168	ced7197f3c73b8f8e2205700f8b7c152d3060810427a8e7ffa5c6d7bcd31f291
x-chunk-cache-v1/chunks/indices-000149687966.z	182687	593db7f93d6b8b114c1708007033ff7b275a613d896497dad3e645a0cf994820
x-chunk-cache-v1/chunks/indices-000149784043.z	181615	d699ed96fbf5808ec2becd4b92bf8015e960c4f495935c5f9ca24bb86d003b72
x-chunk-cache-v1/chunks/indices-000149880120.z	181568	88e9868687dbdf0b68a5e9c05b87b719369ca1b6734c656e4cdeaac6d27167dd
x-chunk-cache-v1/chunks/indices-000150072274.z	181263	272618a23134d9074e55dd8480b813f414b686951385a0b7cea421017474aaad
x-chunk-cache-v1/chunks/indices-000150168351.z	181552	bfbc7d7611392f89d17b172afd8e06218446a7634da6b6662c02d0b4bf03b81c
x-chunk-cache-v1/chunks/indices-000150264428.z	180335	19309b164a89033e43ef0fa81391d49fc835a018a9239f01ade07843781de2e1
x-chunk-cache-v1/chunks/indices-000150744813.z	180529	c7565bf2d6368d56b701a7711e6722c33a903b9e040eb8ae606a99884354dc5c
x-chunk-cache-v1/chunks/indices-000150840890.z	180292	9d5da08a8601d34a1a62f4123a935da3cdb36f5e9028ad63b0e3d4cabf7c8c44
x-chunk-cache-v1/chunks/indices-000150936967.z	177929	7e68f8e978cbe602090634ce73cb6210cc5d2f68693edaa1f49d3a1a7bde4533
x-chunk-cache-v1/chunks/indices-000151033044.z	182374	5c0f737fb8ecf05a86793d6d8aa226cb894cb0b2171a5af3d0327581591ccdfc
x-chunk-cache-v1/chunks/indices-000151129121.z	181697	8d3302f47aff0d0afa841ace9737e6a7bd1950f4efe60af39254ae00c3bc2c41
x-chunk-cache-v1/chunks/indices-000151225198.z	180506	24557157a20ce64f3d76d750c3e025bec6be5ff7bf2f5b37f12743f7adf21774
x-chunk-cache-v1/chunks/indices-000151321275.z	184246	1fc13b9f6bbbd46b9446bb3c460945b2a7bc5699d2f3b220834f880463b4bd33
x-chunk-cache-v1/chunks/indices-000151417352.z	176983	1119844036163b689ddd6e7237756881277587f7bc304d9aeb5ce98d500f9236
x-chunk-cache-v1/chunks/indices-000151513429.z	180082	53036facb3946c76757fb9dada2fba04378b19e27dcb655b46770061ba1adb46
x-chunk-cache-v1/chunks/indices-000151705583.z	179395	94d01ca7cef6df6572e14b2005e92413beb5872fa19a1ecca9c03e63b09f7887
x-chunk-cache-v1/chunks/indices-000151801660.z	179714	5dfe14bdec3f8b297dc8bbaec63d1ae18d770529e4f897cd3dd8037f4c9d3c2f
x-chunk-cache-v1/chunks/indices-000152089891.z	180139	ce69d4d15bfacb8c38861b3e425890c1ed50e898c8c6c8e510332941284c0d8a
x-chunk-cache-v1/chunks/indices-000152185968.z	183057	bf00c8ad6082a69ecdf5b47e94deb655953342c91c7868cfce3dad4ea79441f0
x-chunk-cache-v1/chunks/indices-000152282045.z	183695	6ac12358e126c15c3a3fc63a13742e5dfd24e71c6f45a55e6a4c071eb5a480a8
x-chunk-cache-v1/chunks/indices-000152378122.z	184513	6244731d52fc57d005702449f251a2ccc56dee03feca4a594fe2a58a4ab275e6
x-chunk-cache-v1/chunks/indices-000152474199.z	184787	95d5bb1611d583d96c04a05209cea726ab7abb68620658838643d76534d94e58
x-chunk-cache-v1/chunks/indices-000152570276.z	183434	2fd37e363a21ab3de5c179025cb2b10cb11d7a63273414bafac5ade47ff08626
x-chunk-cache-v1/chunks/indices-000152666353.z	184018	85bbd220be4c9248bcadd13f4d60558a2a346df0d720274f9ceab23b0616a5d8
x-chunk-cache-v1/chunks/indices-000152762430.z	182747	1f86691f85583cb29ffbc50a38649229151bd16b28cf5abbdc3c2dc14068d2f9
x-chunk-cache-v1/chunks/indices-000152858507.z	185987	ba773e8b1db3b720d98565b8415a51816e73fb2f299de1581c00a2adb865da0a
x-chunk-cache-v1/chunks/indices-000152954584.z	187525	d6192d58680a78e1d46cdd4f6c29a69b1230f29e97a4be0b46bc68d6a3b245b9
x-chunk-cache-v1/chunks/indices-000153050661.z	186055	035f925f4dd7f887ff1f93192ec3fca718a6ca78d63f321187b4b80edac8eec0
x-chunk-cache-v1/chunks/indices-000153146738.z	184300	d28c23e506f1f654d80da7ed5cff1986be00cebcb941e2b6741c1ec4e3d77dc5
x-chunk-cache-v1/chunks/indices-000153242815.z	185837	7a1145d5d50a63cb293b745cd1b84299da6c657b3e6bdfe0af982f7340873463
x-chunk-cache-v1/chunks/indices-000153338892.z	185008	3b2c7b9349b0a9a43cfaccc72e493d6dc05a912559d916be3acfa3615a9e7505
x-chunk-cache-v1/chunks/indices-000153434969.z	183982	a0438dc72c12f6027d151c50b29352ec198ddfb37fad8d62f78832605c8da711
x-chunk-cache-v1/chunks/indices-000153531046.z	185095	7e8625dd3e61da00c58bf9216ec70283702f75fb7f40f967d605da3d26235d5a
x-chunk-cache-v1/chunks/indices-000153627123.z	184672	9774a36d6bc1975805f691b02ca704121df401d6ae668419a2c6d52cce84885c
x-chunk-cache-v1/chunks/indices-000153819277.z	186120	d85988b122773bf70014bd6555c1f5112c5e3f039f157a45af1f791e266de707
x-chunk-cache-v1/chunks/indices-000154011431.z	184473	b6bfdfe2e6b98d92d241759e167724897c9d6d9e850ab8136785b71be5caf38d
x-chunk-cache-v1/chunks/indices-000154107508.z	181673	bf4d7cc840c2a20da8c3ddcd505c4a3746320ad5374ecb07a6b0803e71388a7d
x-chunk-cache-v1/chunks/indices-000154203585.z	184601	89f9433772d274a064682eb97bdbd2da141e386ad859e6c5acc6f3c12f818056
x-chunk-cache-v1/chunks/indices-000154299662.z	184460	60c91aa8646235bcb08c18bc67f22c641a40b4bb23ff9604a7aabe69ddab01cb
x-chunk-cache-v1/chunks/indices-000154395739.z	185348	35756161dd0369c4de4f26fc191a6c1953de5bae624237796aed334581d9600e
x-chunk-cache-v1/chunks/indices-000154491816.z	184880	cce0ccb6b43172335a3518741ae12e33c8892a04b726f786a1cfd8bdfe9587bb
x-chunk-cache-v1/chunks/indices-000154587893.z	186319	f83666b4bdc46de4e3db99f10ee3ffa65272e811b5949c73702e49d2545e5bf9
x-chunk-cache-v1/chunks/indices-000154683970.z	184632	352505818df1b1a0fb59cd658bb49703e131f0ae5a810ca2745ef262b876de53
x-chunk-cache-v1/chunks/indices-000154780047.z	185081	97a0c86668bd0c783e5a9e7e5a80ed713e5d498b45f3beec444911e5a92b2a8e
x-chunk-cache-v1/chunks/indices-000154876124.z	184589	8b1d376e68962bceeb7224e897d9b0c14646b135385e09138257573bdbc74730
x-chunk-cache-v1/chunks/indices-000154972201.z	184928	0f561dde2636a0767c0ddc5fd73a8a360ad35c61f4e27cc5372b91788e33aae2
x-chunk-cache-v1/chunks/indices-000155068278.z	186436	5105e7ad247a264090726a4de6a1b59acb62affe464739c1297d05a777cb3761
x-chunk-cache-v1/chunks/indices-000155164355.z	184570	dd2e86290bd0f014251cdcf9589413228f6941bc9060ae81140e3c700763e480
x-chunk-cache-v1/chunks/indices-000155260432.z	184246	363e8a9076c184824345487f4449373adfce36b2c384bffd9133f3181ecaa6c5
x-chunk-cache-v1/chunks/indices-000155356509.z	184657	a14ee1841975df208ff9ce9b8fcf2dd99cba9021dee3f93bc0714be2bbf91ce1
x-chunk-cache-v1/chunks/indices-000155452586.z	184228	e1224c685c3b85d2d31a0084c975d705de0673992b5b2792b3243fd7a85da7d1
x-chunk-cache-v1/chunks/indices-000155548663.z	184062	e01e265f15a3b33a348a8b2eeb1ab2e868fa57a18f87ba9e6684a728b221bd46
x-chunk-cache-v1/chunks/indices-000155644740.z	182722	65a643c4153bd888ea14321e363dbe40b215f6f98790348cb7ab3e28d1f1fc95
x-chunk-cache-v1/chunks/indices-000155740817.z	184995	91fdf19df9c86c7e51fab15f4b6af2d2234a956a491b2f8a0360bb694718d9c7
x-chunk-cache-v1/chunks/indices-000155836894.z	183474	7a9d47526452b2c1ecaa35d5f29b1c6901565e6870515ea45559df150dfe5529
x-chunk-cache-v1/chunks/indices-000155932971.z	186704	f54bdebd02c0cfa206674b307fff6c7756d3fe55da4d498b1d31d0ca76d4f596
x-chunk-cache-v1/chunks/indices-000156029048.z	186897	e6319b66fbfdacea8703d1ffa3d46a7f836db629e814fe69fb58a1545c38f229
x-chunk-cache-v1/chunks/indices-000156125125.z	187328	4d9057c4b4a43976c2c8e8faa8bf6dcf40501be661e3a01fe0e745d0d634e19a
x-chunk-cache-v1/chunks/indices-000156221202.z	184899	aee088db3bcfbaff420e9b0ff13913e57d82cf2e496fea7a24fed2e1cda696aa
x-chunk-cache-v1/chunks/indices-000156317279.z	185302	f239aacf7ba231c5ec4105dd4a54204b7763b25bfedddd0c5ea1d78c2c6d2c1c
x-chunk-cache-v1/chunks/indices-000156413356.z	184450	2a22f6a9378109bf077ffc0c5f77fcf01081172130b12145b49e3c9e83598453
x-chunk-cache-v1/chunks/indices-000156509433.z	185441	136c7725ad13358e103087bd920d90f8e1938a0fc137b33b32d624260f2e8bd9
x-chunk-cache-v1/chunks/indices-000156605510.z	182636	e4427023ad26cb0e07d3f32bddfb1617e9caab5e8769eb5db47fd3a904d52300
x-chunk-cache-v1/chunks/indices-000156701587.z	184833	9dd6185bf634ce29a90e77875376b368e3eefb2d3ff7c6b950eb38226a5db177
x-chunk-cache-v1/chunks/indices-000156797664.z	185829	7063639f5c58eebfbeb027d6286f9369f329093cce050ad8a6b162ef216081d5
x-chunk-cache-v1/chunks/indices-000156893741.z	184438	af97b1ee791cf287ba15f64baf94d49c79124f144c8f900de95f4eff68225158
x-chunk-cache-v1/chunks/indices-000156989818.z	185484	72a42ac65d55290fe379c43fa8983ed535de42fd70f1124801e917452b9a91c7
x-chunk-cache-v1/chunks/indices-000157085895.z	183647	5d484bef3eb079952ebafb1ca3ab75c6f6f0da8476c96b5bbe2d695c5e076260
x-chunk-cache-v1/chunks/indices-000157181972.z	182065	bca1ee8280f4118002ddf9d15ab5fb1efdaabb0a0eccaeb7ab7e15da40b7e8d7
x-chunk-cache-v1/chunks/indices-000157374126.z	181884	f5345dd240c788f608354384194f9512b8834783fd6c43970119a2d79a4bc1b6
x-chunk-cache-v1/chunks/indices-000157470203.z	180015	c9fc57661ea6b60a4d510eda8a1dfa5c123d6663ad8ef233c2eae2bf6eb803a8
x-chunk-cache-v1/chunks/indices-000157566280.z	182838	f699197f581430e1908e9336cf09acac0a47898812910315d9dbefca9ee7646d
x-chunk-cache-v1/chunks/indices-000157662357.z	180561	8ecb0ada42d9732accf1eeacb9fcfd6750c0a879454384eafe845c4ea0d33c9b
x-chunk-cache-v1/chunks/indices-000157758434.z	180313	0869ed90e6a3b4abb3fffbcacb030db99664d2e5835ff95e39be9f3b4d93a9be
x-chunk-cache-v1/chunks/indices-000157854511.z	181706	8d0bf6389abd147f57e76e2be9d3fefa6ed9b8062d5436b2b9528b113db3f78f
x-chunk-cache-v1/chunks/indices-000157950588.z	180961	b3d8bc8071fbf5509c4b3f5518f349fb7a2d707f3a6dd971e45e94bd26f4e4bb
x-chunk-cache-v1/chunks/indices-000158046665.z	181254	52ff8d2d965bcd68220dbf7e1e22e2dd30e300f03f89c601fe47efe44786d491
x-chunk-cache-v1/chunks/indices-000158238819.z	180800	bd62aeeed84cd339eeca84e394dade59cdbb84102f9ffc7a3d4dd6eedb902bd1
x-chunk-cache-v1/chunks/indices-000158334896.z	178807	2cdc68f7a38653cc0cd414f5dd4c4808299075af2ca509de615d782e75c4e375
x-chunk-cache-v1/chunks/indices-000158430973.z	180877	7f5095a97b60d2e2dba41593b239594772f352c661c000e7ac2ecba33e776b31
x-chunk-cache-v1/chunks/indices-000158527050.z	180397	629c6fca8b462d919efc99c2b98986b405deb55447743e736b9c3556501a6db0
x-chunk-cache-v1/chunks/indices-000158719204.z	180815	ef32cf0706af8d4562fb8a8915e7add5f8185ed8068cc40189576b356deb5353
x-chunk-cache-v1/chunks/indices-000158815281.z	181063	b7db9df77b02b6b9fdd2a3bf63d9ed9d7085829587bad52a1613fb48ac042cf8
x-chunk-cache-v1/chunks/indices-000158911358.z	181307	7e6f9ed6b9dd440bafc4ac08cd6411e79dd142f836ed69adfe63fdc6213355d0
x-chunk-cache-v1/chunks/indices-000159103512.z	181357	6a5e148c8ae852522c833524fcce5b1a7b722fa673717323bba460ae570c601d
x-chunk-cache-v1/chunks/indices-000159487820.z	179588	8d5b64c43d294b8f98149a5d68af1e812cb735960d2faab3aa5f43489b903149
x-chunk-cache-v1/chunks/indices-000159776051.z	179876	8e004072a911bba4370f5a4dffc768932f6066c46a62915c5555a5050f492dfc
x-chunk-cache-v1/chunks/indices-000159872128.z	180054	4bb01042cdbaca39b7d151102a7d8eee66d6d1be6b72d82707078887afe98fd9
x-chunk-cache-v1/chunks/indices-000160160359.z	181068	3bf2bb8083ced157b3120869b202842eb0f0b23a8bba025439980acb0959dc52
x-chunk-cache-v1/chunks/indices-000160256436.z	182471	b8de0f882aaa6f98f7779b15fc3eddb64fc38efcaa778dcc12484b3dc35d9a08
x-chunk-cache-v1/chunks/indices-000160352513.z	181441	d1968a9ee13ae2f6468f1128d4fd3e4a0655fa54b0e6fc4c03d51b01927ffe8c
x-chunk-cache-v1/chunks/indices-000160448590.z	180047	d053c9a5592372b8b015b5f2c84db3266aee000945038ade235d39b4f96df2f9
x-chunk-cache-v1/chunks/indices-000160544667.z	181709	026a9fbdd1c7cdb32cedd601dfdbb8242c055ed78adf5c2c9bf6f01fd6dde534
x-chunk-cache-v1/chunks/indices-000161697591.z	186605	2eb71579eb1464394994f7d4bcad2ecbefdaaff99e250e3c8cfb19a6abb03d59
x-chunk-cache-v1/chunks/indices-000161793668.z	186587	329a9dd622b1bb9c12bbf3a1bd8d015c323d4ff8456cafe9d1da64a947f90315
x-chunk-cache-v1/chunks/indices-000161889745.z	186418	2e03074e8e6fe08e913a17ab3666683cd4f9ae86957e13076ec409263b05dd39
x-chunk-cache-v1/chunks/indices-000161985822.z	184402	5b82dfee3b1d2298d06ffc630298dd3079dd651ab71dd6c9e8710434ae85fc4e
x-chunk-cache-v1/chunks/indices-000162081899.z	186397	5aef69aaa403b3fdf0290775027de73689a7da401a775e3bc5def6c51e08a597
x-chunk-cache-v1/chunks/indices-000162177976.z	184541	872f7ce1fff2c084aad983c885ae4f3a50df0d3345e594d19fb59088223d829f
x-chunk-cache-v1/chunks/indices-000162274053.z	184842	23f948d5a2d2cd157b5f65edc8c4523466d648f35a362311c2a4727a52638bbd
x-chunk-cache-v1/chunks/indices-000162370130.z	182389	889b6dc633ae9e245316f6323b482af9d9c1512cdcd7c41f841a0bb6a1fa5cb4
x-chunk-cache-v1/chunks/indices-000162466207.z	177648	319de84a57e7992dba5a0bed5612749515cea0dd21664703169a1705ddb86e31
x-chunk-cache-v1/chunks/indices-000162562284.z	183000	12db15bab09e4f7636db6e7d2b865d76df9d75e505615580b91c935d43dd8e7c
x-chunk-cache-v1/chunks/indices-000162658361.z	179634	17cf4e43c696c67c0c688aa99d994ed019b3de040c8b4e8b1f3b9c505757f84a
x-chunk-cache-v1/chunks/indices-000162754438.z	180742	9e71fbdd366ade3789800fb4d78421a857c5d2d64dc348437bb1d631b270f057
x-chunk-cache-v1/chunks/indices-000162850515.z	180493	0eb4ca8fc0a753106c5c326201dcff0de8f88e7d94a5a56133753e1f383f9827
x-chunk-cache-v1/chunks/indices-000162946592.z	182060	de7b06d1b9cf500580d1aea620ae8e963a38164c1fb7b28480f88aa04b53e042
x-chunk-cache-v1/chunks/indices-000163042669.z	182004	9e7c82445f53d3413a81282db22f50bc57ac54518f988bcab46a5dc9923010bf
x-chunk-cache-v1/chunks/indices-000163138746.z	179228	18f9b9f1ef99913b9f903c5e621403ca8aaca792b870d015a670767b3ff0a763
x-chunk-cache-v1/chunks/indices-000163330900.z	178113	5214317e577927e856b4de476b905be58bdb5f153b28a09a61c78222e18b0990
x-chunk-cache-v1/chunks/indices-000163426977.z	179500	70f64a12ff33250c8e45d9849ae3ceb2f35d95d9f5e6ce2b9ddff070543cbc28
x-chunk-cache-v1/chunks/indices-000164099516.z	186277	8f2d646aadf41b526a3e71ebfbf510daaa68a835b6083e79b663c20f9eba24b8
x-chunk-cache-v1/chunks/indices-000164195593.z	183532	8c794c86c74081044337dce3f8dff1ebfed3e9d0c7457757b680a54dd90f4bd3
x-chunk-cache-v1/chunks/indices-000164291670.z	182546	a1f5f3a0e2b76cea8d5af8d63db5d2c7e1407e5d93926d2048559a0835c81cd5
x-chunk-cache-v1/chunks/indices-000164387747.z	185367	d0a6604526fa4f41fd0e3f8145c7104b7f88b1381b4656b4e10be6adaacddc41
x-chunk-cache-v1/chunks/indices-000164483824.z	184492	ecbb1d8d50cc212f0be2eeb5710b660a523d6326348590e9ffbda775df124823
x-chunk-cache-v1/chunks/indices-000164579901.z	187886	c5a8edeca6fd6b0853ae246edd3ca9909eb76009a2ef5da5b4e5ecb99619a687
x-chunk-cache-v1/chunks/indices-000164675978.z	187279	8ab6c7363dfca7feaf46dd7f8e9c34e4d90a3e91bd93db538e0cb7b0c5eb3e5e
x-chunk-cache-v1/chunks/indices-000164772055.z	186734	9433874159c1d325ad14fd2ad9ecad31c7c6efc74f2d38eb2e0ee656507bc913
x-chunk-cache-v1/chunks/indices-000164868132.z	186767	2a1c66688b18e8c95a8ad0f92aa6b3db4c17eaf95a0ed4ac13c29c00bc388927
x-chunk-cache-v1/chunks/indices-000164964209.z	182557	421d08aeb22f8c5805ba9afe1e19319c8259766ca99d40455a8f8536111c2fd9
x-chunk-cache-v1/chunks/indices-000165060286.z	185509	8fcb046500483152f9a42ad2853d41cfa099643fd552be77e1bdd6f080eb840d
x-chunk-cache-v1/chunks/indices-000165156363.z	181442	cc90c2221b8ecb0d90f03ce8ba5903efb4e12cf08183775bfec3d85756dd1500
x-chunk-cache-v1/chunks/indices-000165252440.z	180569	6ee31a5fb17721aa6d6727c3c2476327d08ec81c2fea1b8803d995feefd6d0bf
x-chunk-cache-v1/chunks/indices-000165348517.z	188083	62c59efe210cda9b58cb35cbacf70396b983c79325b5ca00fa9097700be8556e
x-chunk-cache-v1/chunks/indices-000165444594.z	189987	e34f82d36b9fab601271c0058cca2fa0154fc7321cdbee7bc94054fd3599d966
x-chunk-cache-v1/chunks/indices-000165540671.z	189340	cd18cdbeb30bdadea43353c5deca53f2e9ef18fde515955585f031e6e3ca86fb
x-chunk-cache-v1/chunks/indices-000165636748.z	189452	cea5076f811ec98ec9301204f55d2a8fcb9acbaf9c639f8b7d4595b14f3aac1c
x-chunk-cache-v1/chunks/indices-000165732825.z	185838	239b780e80a74f4be6dacc467fe1eef746c1ba7209bf75aeb70af88c8995f852
x-chunk-cache-v1/chunks/indices-000165828902.z	187182	f69ff91ab55af6bd1ac7f38b0d3974f05a0e579a9e254ad239313240d75e4a6a
x-chunk-cache-v1/chunks/indices-000165924979.z	186698	a28db9e0f4fdd839edd2be1588e8192dfa06e5443761a2eb47e47e0d0b554977
x-chunk-cache-v1/chunks/indices-000166021056.z	183939	ac5283460bda846f76e1d5d7b2b6717ee99f7da25f9895cb5ec65334d013c702
x-chunk-cache-v1/chunks/indices-000166117133.z	189416	5910d83f82ddfe2a6acb29e8542b8aa3992f4e0c0fa0baea93fa7466700f534b
x-chunk-cache-v1/chunks/indices-000166213210.z	189149	68221c5f2e1da6796167b8cc7827b53d26396dc44c06b43fc0df5c2bbcee2a77
x-chunk-cache-v1/chunks/indices-000166309287.z	189551	ad665e14c07454a4ceb8e8d618926ae2c6a9487d7239833b712b7693d9cd53f2
x-chunk-cache-v1/chunks/indices-000166405364.z	185778	165de691769eed3442faaeb8176f8f25d0aaab8072406f5131e1074990cbc9ab
x-chunk-cache-v1/chunks/indices-000166501441.z	184656	e3b349545565182d7ed8f80c499e00ebb7d4ef52e2301af0b96f22798a9a55d1
x-chunk-cache-v1/chunks/indices-000166597518.z	186189	efe00d8fe994d5eb5d86c8339dd726665d3b029afc2d309110c0f07b9926ca34
x-chunk-cache-v1/chunks/indices-000166693595.z	184702	1ff6e3a14aca94a5372f52d6c2cbe7b0ca5a0a24b7192ca86877fd9533a935e3
x-chunk-cache-v1/chunks/indices-000166789672.z	185212	4dc10b149e25fefe5553d32345d33bb1872363859ce264d7e36b15644a6ae3e9
x-chunk-cache-v1/chunks/indices-000166885749.z	185676	1a80316680319bb45185c59a4599208e6b1acd8b16a9939602cb7d337dd10702
x-chunk-cache-v1/chunks/indices-000166981826.z	185853	2c7ea832e3c16cf5060d61a08d0d5129ef36cf04114b66cf5788387a29e26113
x-chunk-cache-v1/chunks/indices-000167077903.z	189054	89b2817c92287a15b7e269ef13cad4c9ef6c38d13b55758cd61cfa5c1db361db
x-chunk-cache-v1/chunks/indices-000167173980.z	185826	f93c8d6331227c99c6a32d590bb4180def8be4ac70a27f5293b20437c3fd31e7
x-chunk-cache-v1/chunks/indices-000167270057.z	187477	0b549dff49fb30038a01e94b5dc6b554024990157e64a0ed3330c4f0ec629968
x-chunk-cache-v1/chunks/indices-000167366134.z	188803	16dcd851050a65595e8ae564a68b1d802f8d693f88ff2a308bfc2f5f5e0584e0
x-chunk-cache-v1/chunks/indices-000167462211.z	189555	e134bd1ae15f08d65f45ef88e0099fa58f5166c01522edd3fcc4838c1343e095
x-chunk-cache-v1/chunks/indices-000167558288.z	185623	1b366de40792585cea386dacada84d311e2b6c21d97b286a1140a656ae64f62e
x-chunk-cache-v1/chunks/indices-000167654365.z	187939	d9e8e6a69df1e919fd076da50c1a4d92cb22215a6dd25495c263d53daf60315c
x-chunk-cache-v1/chunks/indices-000167750442.z	187002	f0329a4869d2081354a05de2be253c7dffbf2add7a38005d16dad21d72bbcb21
x-chunk-cache-v1/chunks/indices-000167846519.z	187016	af7846e67911a62bf78a53951acd93930b170b3a570cd1f9d4b121876ac7a0db
x-chunk-cache-v1/chunks/indices-000167942596.z	187311	ac14871adb398cdb9754e408947085f4fd2204f4f2091735b5652a7d745c83d1
x-chunk-cache-v1/chunks/indices-000168038673.z	183954	130e164a933f2e501b0cfdbb62e63e4c090da4b77fe4385930eaded90c45624f
x-chunk-cache-v1/chunks/indices-000168134750.z	187988	42f56e40e14fe1cf0e3830c867b95594f037b4a80998942e08875f08aa84ab1e
x-chunk-cache-v1/chunks/indices-000168230827.z	188661	81f1de81db06c3c0c899e108fbc1f292a24da35440541f9eaf32a8fffe9922df
x-chunk-cache-v1/chunks/indices-000168326904.z	187126	c45dd8a3085c95e7324a3875a8045f1e82520cf1b48ea6ed22cbc122fa3af14b
x-chunk-cache-v1/chunks/indices-000168422981.z	185975	9b28b48fe197213754a8115a376d2a05018f898403c0fd2fd0e1a9f275c132a6
x-chunk-cache-v1/chunks/indices-000168519058.z	182231	0acd794034d43aa073fe9cfd1c05659cef5b0f6216bd265724cb4037ceb05d95
x-chunk-cache-v1/chunks/indices-000168615135.z	184261	82c6f2e65866de0be47b02a353ffb2a4e4402502901c40b3e2da15c66508e1d4
x-chunk-cache-v1/chunks/indices-000168711212.z	184796	94259ab5db99fe59f0cce9e3261b6845c99f13fc4a9d9be97c03f864cd920781
x-chunk-cache-v1/chunks/indices-000168807289.z	184850	0c76b6d00c7138d85d47ee0be9ba3688497e9b490efdd9a203759a9fc4bdf740
x-chunk-cache-v1/chunks/indices-000168903366.z	181532	8da4c6a7d4a3e7b380d608c9f1f2679c95c26f8d70920b46adc2ecf96198a612
x-chunk-cache-v1/chunks/indices-000168999443.z	181116	30f51ae2d1dc613e6b11336a4fb41e0c0b8a9e9fc31d0ead27f2ad672d6ec090
x-chunk-cache-v1/chunks/indices-000169095520.z	182459	dc019e9a7c25d50fc548f392ca551f618c75d6ca641e0804f7085b87672cf07d
x-chunk-cache-v1/chunks/indices-000169191597.z	185795	af4f5f380a9b46391ee9e54ecb7a3dfbeddbc365484c0611aa1e5b78a65acefb
x-chunk-cache-v1/chunks/indices-000169287674.z	186926	fc5b9ccfb728b5eb779adb10d47b36ded947ae33c6c4b3d0b566d2e7e6f4add4
x-chunk-cache-v1/chunks/indices-000169383751.z	184899	ec0d5f04504d94d23cc851dc14ff085ffc13a213a1ca461bdeb36f35e7e86ad4
x-chunk-cache-v1/chunks/indices-000169479828.z	187415	302e1ba0cda2836b7663b0eeaf2fdef3081e82789caeb8daaba4142d3286a588
x-chunk-cache-v1/chunks/indices-000169575905.z	186477	f27a71b79675fcfcfb7f87fe54078e55c80198f95d271d4ee9379e0f1e941640
x-chunk-cache-v1/chunks/indices-000169671982.z	187474	9df31d0adfc4b08b193da7c8de7b93b4afff8bc1eadc0023520a46097acc50d5
x-chunk-cache-v1/chunks/indices-000169768059.z	187193	9f348d6acebbfd7652aa28bcb1c9635179c44cba00d886735677d7eaa3277eb7
x-chunk-cache-v1/chunks/indices-000169864136.z	187590	d2cf76ba9b87cf8a0599a6c04a8040317381c19b151661915a99e44a8f7f5d3a
x-chunk-cache-v1/chunks/indices-000169960213.z	187289	f94a068b77a5d33f791e6db528a506e728ccdec878642eddb26da24a2c3e8544
x-chunk-cache-v1/chunks/indices-000170056290.z	184873	304982ef8f2d37cc2c74c25f9947a5c1ef125adf66f80213a5e7a8b1eddd8081
x-chunk-cache-v1/chunks/indices-000170152367.z	186415	f2dcd9d4bfc85beaa1aa8ab3ba4f7fb2a56ea15436add63f2e73262158f2ee3a
x-chunk-cache-v1/chunks/indices-000170248444.z	185207	e017971f0d7f4b19c0b848c2f1479bc38a27502537652b06b7fc5c9149e679f3
x-chunk-cache-v1/chunks/indices-000170344521.z	184721	14a5fd1111405beec3c7aeb6c5c4ff21de4d8aaa7f17a00134a07cb776e12c01
x-chunk-cache-v1/chunks/indices-000170440598.z	186148	b658ab3df18e8de6d59a1408c98bd03e412eceba83cb9ae111c9cb3bed3daa96
x-chunk-cache-v1/chunks/indices-000170536675.z	183614	aa69f533696a26042bee667df26a215bca6bf239f0ed5f3889d498bda52c959b
x-chunk-cache-v1/chunks/indices-000170632752.z	182292	79b6b0f74e5127510deb3ea507925975475683c249dfd9f02da7074c68f94622
x-chunk-cache-v1/chunks/indices-000170728829.z	183978	ad717d2ffbbfadc0838a4260e3647beb032a5649a73f871581adee3a35ecf7ec
x-chunk-cache-v1/chunks/indices-000170824906.z	184708	3301368ab04eb7d39b42241da5f798f4520cbdf58a50b4979e391a314745d5f2
x-chunk-cache-v1/chunks/indices-000170920983.z	183590	a59951f37f5a79803fe277d0185b3846ddfca14efc0a0d7e3665a158ab521994
x-chunk-cache-v1/chunks/indices-000171017060.z	183950	123e4ac72fec0595f7200f56bf9bcacc96f9279dcf461aa6759d2a29b10de401
x-chunk-cache-v1/chunks/indices-000171113137.z	184022	ea622e4a9ee49c73cdd6266ce899f183c19d7721ecb88a42949231e4e3ffc156
x-chunk-cache-v1/chunks/indices-000171209214.z	182133	5cd2fb617e76f0fc85417005570783eb7e8fbea41e8c1317e084c50e1725c8d0
x-chunk-cache-v1/chunks/indices-000171305291.z	179952	882630b64a56e0f0e2f4e1e8dad0a5c7e97120acf7c053112e35e0d4d8cceaa5
x-chunk-cache-v1/chunks/indices-000171401368.z	178882	65fed443a61453dfa3031de56c81d3234b8f2f9963ed27b20e10c969b67682cc
x-chunk-cache-v1/chunks/indices-000171785676.z	184744	39bbe18767b531fe429f21163a11320b96a78712ff214cae4410d4b0b4b712d6
x-chunk-cache-v1/chunks/indices-000171881753.z	188131	a04bf8f7ee2f80fd594afee431e9054463ca13619b485fa2cac95987c334136a
x-chunk-cache-v1/chunks/indices-000171977830.z	187730	5b1a63a2c85aaca666f88bd650547ed1280133dfddedb62952fb29f4d2d3fbd2
x-chunk-cache-v1/chunks/indices-000172073907.z	187162	a45df338d75ddab1caffd0982678d549391bc7a632c2550b3de3d0ee92fbc617
x-chunk-cache-v1/chunks/indices-000172169984.z	185071	13dcbb7751638ee94180bb5375004220002ca5b190ec84f9b530d0aab082dd04
x-chunk-cache-v1/chunks/indices-000172266061.z	183602	f343cf88fd0c78f50cb13c8e5fc53bd6e47e3f9be839739566ee63526c4bb0a4
x-chunk-cache-v1/chunks/indices-000172362138.z	184223	04230626204de1ef6abf4138d253cadae7fbddd4911e3ec8588de8df556084fe
x-chunk-cache-v1/chunks/indices-000172458215.z	184931	648cedfb8ad91a12846a5bd2e94df132b7976da6e9528ae8098f98b538306414
x-chunk-cache-v1/chunks/indices-000172554292.z	184299	2e040791f901fdd93af8b9a23025f1cdf348217d850221cc238fb363c7a2ba75
x-chunk-cache-v1/chunks/indices-000172650369.z	183366	5217a61729f1c01d5a73578fa73f0bd199c350100950d9efb93b9b5c349056ac
x-chunk-cache-v1/chunks/indices-000172746446.z	185026	44123437ae86be17ff3ea07627051235ad65237bb5372b3ba9e09e8f11508232
x-chunk-cache-v1/chunks/indices-000172842523.z	184685	d5160b48fc5df18e2340fe262b588ad91d8c73ab6e7ba87544f0eb3210dbff8b
x-chunk-cache-v1/chunks/indices-000172938600.z	187655	a72cc81281ad2a5e0eb0b6ee6c2935de534d0cffd54ddfbde4ab69f42e7251b5
x-chunk-cache-v1/chunks/indices-000173034677.z	182848	1acd4e0baa302a2c1ed336b81c34c0579bbd928c8309c084cc023c627fdef7ca
x-chunk-cache-v1/chunks/indices-000173130754.z	181972	d06c899c4587feece1caae84a4548eb6775ce06f72f0865cd16fd9963fa5946e
x-chunk-cache-v1/chunks/indices-000173226831.z	182449	9ebb5ab7ada3c584673a9c77db72cfd1a3acc25f28c8feb764a709140bb00053
x-chunk-cache-v1/chunks/indices-000173322908.z	183191	bf62f27f3c5a078ea59137b742d418f58e1a5fe49cf735884134356887897ef3
x-chunk-cache-v1/chunks/indices-000173418985.z	183635	7db1666f592b869333a0ce85853ea2094a0d5945e96ba907f194692a655ab098
x-chunk-cache-v1/chunks/indices-000173515062.z	186386	6ea3e8c918083e0d529defdab25f9797d26ab6a174f0eea366c9ad36f6b2cd8e
x-chunk-cache-v1/chunks/indices-000173611139.z	185571	e6cc1ddda84cea9f1088e14c29936d4ae9dae04875a9d225c832c3487fa32436
x-chunk-cache-v1/chunks/indices-000173707216.z	185285	0fba356accdd31d88d3d5849304f69c0b96c05e9fa56eae2fe0606e96560c526
x-chunk-cache-v1/chunks/indices-000173803293.z	183162	7c38cf3fe4fe8b266eb57e86e091eabce6ec1d3fab474320a66dd2f3cf1614fc
x-chunk-cache-v1/chunks/indices-000173899370.z	184684	8bce379e5a469ba97a07085e0171646b97ea2461f0507a84ec6a6e674dcc0836
x-chunk-cache-v1/chunks/indices-000173995447.z	183754	e1646af1424ae0bda4e4ee833b9fd75f921396aee6f24ba765076f3e877e3ce9
x-chunk-cache-v1/chunks/indices-000174091524.z	185714	a3a9f28e98212c8046195873f6b70649dcaaac04517422c1278d3f001c1fb19c
x-chunk-cache-v1/chunks/indices-000174187601.z	186104	aefe4d250a1d2168234aff08ef01fddee28cf5ebccd9fb6690be8e5e3e3f85ba
x-chunk-cache-v1/chunks/indices-000174283678.z	185076	2c4e6bfbcdf6ad93501fd32ef9f1e4756d5e51c39c40ded121ea7d92d2014267
x-chunk-cache-v1/chunks/indices-000174379755.z	184548	273218ce79993dbf4b8c4b0070cd657d68ef53c6f8ed63cafc4b07ee95911f99
x-chunk-cache-v1/chunks/indices-000174475832.z	184749	50fa8ec4c6cefede9ad948b1a604664738a303a56d5be825cf802227155ffdfe
x-chunk-cache-v1/chunks/indices-000174571909.z	180760	12592375deec3d0987c85cd9921b7fde5da318b63aaaf88b6f4e7ad65b00c17b
x-chunk-cache-v1/chunks/indices-000174667986.z	182938	6448b4d5a6dcf81c08419eb5c70d8afb8847c94bedf9e8646981c1b2dc967ba8
x-chunk-cache-v1/chunks/indices-000174764063.z	181353	ed39a62037ff9bf5620a3a6514a3f616d467264b7cc479b54a59dcc4a234e85f
x-chunk-cache-v1/chunks/indices-000174860140.z	184710	50be2640fa3032142057e2fdb14caa220619ce6af56e9f2c40d5c04604ab03d7
x-chunk-cache-v1/chunks/indices-000174956217.z	182495	8b336bac3c1e5c49f1d53b7a8dca12a58d8049392ba9bc8407353441766c5f8e
x-chunk-cache-v1/chunks/indices-000175052294.z	182988	16c451d4d6bd865e4e667dc30d61525780a735d47bc2f29eb5e922cabc192da5
x-chunk-cache-v1/chunks/indices-000175148371.z	181477	baf114596a2bbcc2ceb1aa25d66ecf1d000fe09a0ee3efbecf7c11c3b9e98541
x-chunk-cache-v1/chunks/indices-000175244448.z	179277	2a4bf6c5758a0c7efdf8d4867c24d4ebbc92d9b9711cfd72b5c23771336ee6f3
x-chunk-cache-v1/chunks/indices-000175340525.z	180326	b62b63565f4be4b171c436089e9024350e261c42fac65c8ac987709b1ae77ccc
x-chunk-cache-v1/chunks/indices-000175436602.z	181551	9c0cd535469c42bbb19f1955fd04dc19fff0a523c6319601d7de2d061f2d7e5c
x-chunk-cache-v1/chunks/indices-000175532679.z	179139	d5b674a372d8c4683420e53ad7d41ff7b6fb76155142ee0722f1c017c19fd051
x-chunk-cache-v1/chunks/indices-000175628756.z	183449	ef2a8d7ef0dca8b00f9af4b98654c4a6dc92c14b949bd43e077ef6dd38d1d623
x-chunk-cache-v1/chunks/indices-000175724833.z	183920	018beaa0c4129e21427b1f632c4ebd29d49704224f3c116297040300b0e4177c
x-chunk-cache-v1/chunks/indices-000175820910.z	181822	8b279c7311cc94b901f5e78c01bd6392f5124e670ef62e00561fbad7f1f55188
x-chunk-cache-v1/chunks/indices-000175916987.z	183231	e8549a833a75859360a57da2986e116afd9427ca64fc492deb86c2e37e850db6
x-chunk-cache-v1/chunks/indices-000176013064.z	181096	c6e42c95e586e322b76c3f3b4449a9f1a24e1e37db5534b0b5c842b5eea83e08
x-chunk-cache-v1/chunks/indices-000176109141.z	183327	8dd55b203147f077d7571f731ff95b3c1e31bd0eb88ce8b03d88204097cbea7e
x-chunk-cache-v1/chunks/indices-000176205218.z	181759	d809bbf98cc9099038b52fb7ca72e79b5fac6a95597df6199ca72c2c762cb602
x-chunk-cache-v1/chunks/indices-000176301295.z	181782	88903e65c9cdb069d1a2e152e03bb7d39307f062a9561344a95e05c12be7cfc0
x-chunk-cache-v1/chunks/indices-000176397372.z	185338	cc7ec921a19061b2ff6e1afb15574e81289908b1ca134c58e2ea545a4fe55aba
x-chunk-cache-v1/chunks/indices-000176493449.z	186557	69fdd857c2e03a88ed871a983ec5cf5856f15f6bfdbae0c551ffb9ca033e51b9
x-chunk-cache-v1/chunks/indices-000176589526.z	187324	6c08464132eb811c0cc26723385b0c89fb0d53c9096a02a7c7832c610ffd04ce
x-chunk-cache-v1/chunks/indices-000176685603.z	189129	e1bf419579ef89cb935ecede7ecc3f5ad5b750d11c4ac76f5c0681756119d3aa
x-chunk-cache-v1/chunks/indices-000176781680.z	187781	35c1d28602274074b317da63edcc9030f82fb0cf278f5679c05ef76902b63ea6
x-chunk-cache-v1/chunks/indices-000176877757.z	186128	8ef25184e0abd60b2e6f7f384f76955ac9444e404be2dd1aeca5faa034f34b84
x-chunk-cache-v1/chunks/indices-000177069911.z	186312	ad4b4c261de51b5f6b520a9d7184f66aee73a636641ec5a0f4581cf2da25227c
x-chunk-cache-v1/chunks/indices-000177165988.z	186689	a172427b46fc474a727fb0203a2e7bb19339667aef20556403f5efb1de25e508
x-chunk-cache-v1/chunks/indices-000177262065.z	183996	56e00d53e9af152fe0945b084b6941c0655f25b9184ed3230b6d0d851bb2070f
x-chunk-cache-v1/chunks/indices-000177358142.z	178879	ade697b3a373637fe8cda03ea7b55b0b28e4617e92adb8603375258ad9419315
x-chunk-cache-v1/chunks/indices-000177454219.z	178726	7c6544689a9e77bf536dd00323c142b5052e96411fca21449b815fabe4178ec9
x-chunk-cache-v1/chunks/indices-000177550296.z	178169	33bd1dba2c0a368cc8351df9acd3b241b091d1fd9749328926c6dea2e08f320a
x-chunk-cache-v1/chunks/indices-000177646373.z	179309	d43a1f08d568553a8d677c283d04f9853047ed3d71dc026b24ef5139650f9390
x-chunk-cache-v1/chunks/indices-000177742450.z	178691	b6a2198c65eafbfede7e454421aa31e48df69330bc10371cb5bb06df466c778e
x-chunk-cache-v1/chunks/indices-000177838527.z	177762	ddab76e6c936bd12de7c9296f45e057fd947e61d37e80c9093e9a1a0199df34f
x-chunk-cache-v1/chunks/indices-000177934604.z	179303	e3d7c93450a1eb0cbaaeb9d44922f4449b3af525ffc84d61b76c49fc2262e8cb
x-chunk-cache-v1/chunks/indices-000178030681.z	178041	53f8bc3be7e4b63e5c7ec0556ba1056d50f313cc5637518603cb214e688e7cad
x-chunk-cache-v1/chunks/indices-000178126758.z	180290	c0fada2e3bba81f6c60c0e59c6218cba1e1c2573331e8eb54fc83c505dfa0759
x-chunk-cache-v1/chunks/indices-000178222835.z	177260	cb3f6b9c1c0e1063a04b0d7f1a1fc74f9a49d9213f6a103e033cff473cfc5126
x-chunk-cache-v1/chunks/indices-000178318912.z	178121	71349f26423c0dfeb03bdcb9ad1a990349822c2b2423a9b597a54644c710fcf6
x-chunk-cache-v1/chunks/indices-000178414989.z	180933	c50ad45aa88e703a77145bdb77fd1d2e1dcbc2cdf1bcc1b19659c4f6cbee3173
x-chunk-cache-v1/chunks/indices-000178511066.z	178729	3a17babbd73e83c6df76f3b134df6af744c980c90e5290887e4e4df3332e410a
x-chunk-cache-v1/chunks/indices-000178607143.z	180217	90b88357181cc9c9008b2a1ebe97651286820bfc71992349d0956a2b704fdf53
x-chunk-cache-v1/chunks/indices-000178703220.z	177211	a24c49f420251920a7194e9164428c9332080ae0fe527f6fbe85203d5c6680e2
x-chunk-cache-v1/chunks/indices-000178799297.z	181221	e128efcde3362d214a84913cd96dfb09a73ecc684ee544fbe452d179ce92f3f3
x-chunk-cache-v1/chunks/indices-000178895374.z	183693	55cd6d650a9652241617ec8f8bfbd2e7d8efb122a73fe3c0e6668def8a04085d
x-chunk-cache-v1/chunks/indices-000178991451.z	185004	b79d0ec08815b1a4e9d02d7872f8a347f3e49b401980d7f0c93bd5b10ae91c4f
x-chunk-cache-v1/chunks/indices-000179087528.z	185404	54f2d0b4325a3b4188c0011ca9d2fa8f4e5f606f42443bc9931a43e8f2016c27
x-chunk-cache-v1/chunks/indices-000179183605.z	184511	afa3449bfb75a1418578b0686c4e268e44d5e12f00a1be60f84bd9cf0e8a958a
x-chunk-cache-v1/chunks/indices-000179279682.z	182055	bbe44c7d80251a1085394ff4a5b5225e2f727689b21658711d46db7a6519c238
x-chunk-cache-v1/chunks/indices-000179375759.z	183310	efe34b3b7fdceed09300d0f849bed2b27cc2ed68de1e683a11477090d7568a02
x-chunk-cache-v1/chunks/indices-000179471836.z	181292	9210bc243ab3edb1e91627bc7b2ef76e29fb3fef8c2a7042def23f2a2222fd10
x-chunk-cache-v1/chunks/indices-000179567913.z	182216	44f98a1bea2f9f902a25d8ca61f1abee94b8a227ac1cf8d1df4eb9c97a90cb1f
x-chunk-cache-v1/chunks/indices-000179663990.z	184717	491d1dc63744ac64a8b8a98428ebd7ec4ca606715bebb770290e7e04bc331f29
x-chunk-cache-v1/chunks/indices-000179760067.z	182253	3db31046610f6430ba1a002ea585e01ea61ea8f73dcdefd3f2d2ed7008e5bdc5
x-chunk-cache-v1/chunks/indices-000179856144.z	183268	627dbcbff767090f22bb1bbe33212b203df0dce420f951688512f90b46995255
x-chunk-cache-v1/chunks/indices-000179952221.z	181445	e056e207be5e756c78f2909921463dbe5fd718c4927ee07a3305ec3da85fc101
x-chunk-cache-v1/chunks/indices-000180048298.z	183019	56cd40f3c0a4697e37de137ad0d1719a932de8b29d90b829b3dcc4eae6924d6f
x-chunk-cache-v1/chunks/indices-000180144375.z	182634	c8f65a730be31a75fb8acf0673e93749f5949891d6fffbdec40cccb08d14d436
x-chunk-cache-v1/chunks/indices-000180240452.z	180689	b0e9545dcc08c23fc6e6ee7187e7c819641b862ab08e40b29a65fb01544b95ae
x-chunk-cache-v1/chunks/indices-000180336529.z	181766	362bf5173edede857a06e816e6524c86c23868e91d90a717a2a5c1ef0de3c3fc
x-chunk-cache-v1/chunks/indices-000180432606.z	181711	1c64334602405134e06c9d31a8fbe1af547ceecedb3095770057d07238997930
x-chunk-cache-v1/chunks/indices-000180528683.z	181158	fc5e65f094a785bffea06fdb12300bb768931665134f3e7779c26417867099da
x-chunk-cache-v1/chunks/indices-000180624760.z	180855	09f46e6de51186126c2b83131bbe675db3f80a90c7f168c8d762403d7b6887c0
x-chunk-cache-v1/chunks/indices-000180816914.z	181597	c9a1c6ed4e159f44ca97f50929db4b98004edcad63e06711de3e0ea1e0622e79
x-chunk-cache-v1/chunks/indices-000180912991.z	180399	b15bf01ab04fa560ecc438b5a6cd7c2523d8d0e0a83c582a8508e159160e9791
x-chunk-cache-v1/chunks/indices-000181009068.z	178675	c7480e2de37b5c3ebb10a81bca9b374e6f88d4471abdb6a4324b27b46e974177
x-chunk-cache-v1/chunks/indices-000181105145.z	177282	1999e76aaf15bab93169aeafea594bec169e007a28713633b35e6fb1f35f027c
x-chunk-cache-v1/chunks/indices-000181201222.z	180188	b5bd8b0086fa6914dce57e13ab0c862cc002d081eff95fd151db11d07d4f39c0
x-chunk-cache-v1/chunks/indices-000181297299.z	180315	23f972ec8c0d422910495dcbb02622dd0dc8d3d6dce2819c1c3abeb356836f7d
x-chunk-cache-v1/chunks/indices-000182354146.z	180861	bb5d595085786ac53fae8a8752d524331024ac900dc2420cf9f30185f167f337
x-chunk-cache-v1/chunks/indices-000182450223.z	182658	9b07f453208c0b71fad34af125a09541a8e91867b0cac1c5726f094e0e7859df
x-chunk-cache-v1/chunks/indices-000182546300.z	182993	34f42af1e78f9264c599436a33ef955216039b2867b549b3ff771a3eb10a03ff
x-chunk-cache-v1/chunks/indices-000182642377.z	181529	e5940490e9f02e8ded7eafb996d2813295e39464965f081bbe18f33b2255b9e5
x-chunk-cache-v1/chunks/indices-000182834531.z	182438	555a3955467492e5edf8634f625df1c2b176ff7a9a8de9c489a27bfe27200b57
x-chunk-cache-v1/chunks/indices-000182930608.z	183396	7562f7a6a5668c4a1ffefb75cf8322c979a6541a844e4228d16c8afeaa329507
x-chunk-cache-v1/chunks/indices-000183026685.z	181172	ca4a2551259ba1301b8d58f4eb206265dbc204972b797e3f4595f80ba6451a19
x-chunk-cache-v1/chunks/indices-000183122762.z	179560	629d25162d6d9a38828b84b9211d0e9132fd760bad7d8976b899fe43246e39c0
x-chunk-cache-v1/chunks/indices-000183218839.z	182497	ad4bccb8a6dd6db9d628bbdf7bde9347b69142b04aa91efc54a0269242f201d5
x-chunk-cache-v1/chunks/indices-000183314916.z	180692	f015a269ccee5f09a37aa54398faf8a513f546c780b4d7cbf64a71fb1e05a734
x-chunk-cache-v1/chunks/indices-000183410993.z	178519	8a643691e7611d39663f8165caf5c6d6ad56ebf9ca3e82998fa7fa2900347b05
x-chunk-cache-v1/chunks/indices-000183507070.z	181798	df1e56ef38dd92babbd7088063d2c276b89547be08c44b062e73160bd79c537e
x-chunk-cache-v1/chunks/indices-000183603147.z	180365	a1451cdf9f63c28908e6513cd7aa31d0b5c11d7b53b93635da964b0da24e7587
x-chunk-cache-v1/chunks/indices-000183699224.z	180686	698d7038f595b98f832e4863205bd08b1a658c953f38274d1a6414b09db9bba6
x-chunk-cache-v1/chunks/indices-000183795301.z	180906	d3c52456f85ca35c2131d984e5b1ebc682acd0407d36443f989aa4250386a3d6
x-chunk-cache-v1/chunks/indices-000183891378.z	179806	f0de8478c62b373b50c91859323c715986866c304d895f3aad01bb8ee9c26456
x-chunk-cache-v1/chunks/indices-000183987455.z	176371	e12ceeba7442ffbd6feb6831407b9f15eafedaddee3658919059971079a97e26
x-chunk-cache-v1/chunks/indices-000184083532.z	178777	212f1ae4b8b9d3db4f860d06a356b67375380b6453b73ceed30fcf133c69eb53
x-chunk-cache-v1/chunks/indices-000184179609.z	178569	d7889047eb22cb4afed68e53f1d44035b6abb1ff486832e7b9020dd8538bf2c8
x-chunk-cache-v1/chunks/indices-000184563917.z	180214	77aabf56ba06ab334614cfe24fc1348af904e25ca65af58ee7d7a827dfda113e
x-chunk-cache-v1/chunks/indices-000185812918.z	182000	8aacc1e9dd1ff2bb5838ff7f38827b87956fd90bcb9433977b09012e871c59e0
x-chunk-cache-v1/chunks/indices-000185908995.z	185222	ef656ddd77844f9f23f9ff8e6c793bc70b541835236c57dc24bcc5df2f96546d
x-chunk-cache-v1/chunks/indices-000186005072.z	184685	1f5dd3f44e3144b04dcf7dfdecdc3d66d9c07c3e149610a93968fccc3f9ab81d
x-chunk-cache-v1/chunks/indices-000186101149.z	183994	8d163567deeb35f828411ebe1fed6800316d7c206da20b3822fdf5de74ccc861
x-chunk-cache-v1/chunks/indices-000186197226.z	185853	2fc567023ccaa6524847a4daf077667f4e54c4ae57228a3b8c0b0716cc45bb36
x-chunk-cache-v1/chunks/indices-000186293303.z	183426	3b67e4e93448dfc2c4a626b77f6ce76f44c774adfb56170587121e90e8253822
x-chunk-cache-v1/chunks/indices-000186389380.z	182998	8cdc3edeed37e40f547456a8aa82455391ea7b2e1c7c936bb5e4aa1afab6af22
x-chunk-cache-v1/chunks/indices-000186485457.z	185667	9fdd8aa6428e097e3254f3a0f1de95bcede31b808b98378d8fc4b8e5209ae3fe
x-chunk-cache-v1/chunks/indices-000186581534.z	182529	bcf34e8738a244599e0ea45b44e43f8b723c07ae5550e803cb64845e1cf2863f
x-chunk-cache-v1/chunks/indices-000186677611.z	180938	f1281874c7e208b2d7052964f575f23e65ebbdf56206ff9ca13b7425e2d7862c
x-chunk-cache-v1/chunks/indices-000186773688.z	181015	d680fdfc58a0f5b1f027a70c64f764de8b69931f38da98f4ef936eae2f94f6bb
x-chunk-cache-v1/chunks/indices-000186869765.z	181228	5ec9f7ad7b526a163252f1542aadc74bb1f41daa00c86023546d1e429bba37e1
x-chunk-cache-v1/chunks/indices-000186965842.z	178310	69240045fe738a8c90178ca3950e744575eacc0b41adbfe1f29677a113228faa
x-chunk-cache-v1/chunks/indices-000187061919.z	178663	28d0058608a7acf49c4b0426ee8a47ff2e663969d55c116701205abd2eebb2c0
x-chunk-cache-v1/chunks/indices-000187157996.z	176834	2037779f01a6ad9126518832466206a2794f4cc81bcc550048be2e7d842ac6ec
x-chunk-cache-v1/chunks/indices-000187254073.z	180136	9f282d6cd0c1edcaec04d84f8748bc646194a29bb972b6c70c8899ef5ca12479
x-chunk-cache-v1/chunks/indices-000187350150.z	178984	4c4e5592fad3de1f7dc651db5d3fa99c3d6d4713409fc8eab86b3cbef6cb4b87
x-chunk-cache-v1/chunks/indices-000187446227.z	181551	91dc8e69565481b95e452bfe5dbf51d9cdf0f073a9a18b39df10ec1143187017
x-chunk-cache-v1/chunks/indices-000187542304.z	180823	8304fdcab373047204b02e434db252349ee7b60983a0cbea720c7b1ebc58f096
x-chunk-cache-v1/chunks/indices-000187734458.z	179201	623b839bc1028cbcbccc21187b6d628b7e45c5f7dcafc5fc2405589d3f77a5ab
x-chunk-cache-v1/chunks/indices-000187830535.z	181202	0414eba9d1315f440c34c1daf10718c5cee3f962323e1aaaafe3416ce79b915f
x-chunk-cache-v1/chunks/indices-000187926612.z	177884	fe7139009de5b01510250815b181b448a314b97558a31d0d2873f78e3e721857
x-chunk-cache-v1/chunks/indices-000188118766.z	179736	b3d3bb655866fa9a217ed43bf75f7c4c1c25cdf9c7bb31ffa9476683b4564662
x-chunk-cache-v1/chunks/indices-000188406997.z	180612	4c113d92f2c3d8381041692930749ed27f3e3575cdf835d9597f932aa5d05f1c
x-chunk-cache-v1/chunks/indices-000188503074.z	181028	9b0c2ea47abd593ddd9214bc6529ff74c5018ce715eb61053757ae30f11a3c2c
x-chunk-cache-v1/chunks/indices-000188599151.z	180818	8ccc93f1607febde9a518dfa64816b9fe7aa318fe45011431dee8d4f5b0fbd60
x-chunk-cache-v1/chunks/indices-000188695228.z	180656	ce17f4496b8797a03dbbb6d23afaf4f81da0c357acc81c7f6ea0579bad6f9446
x-chunk-cache-v1/chunks/indices-000188791305.z	181780	7d24137891601a83601f925019cee6fa44030c0d83efad57cbf7c16fb637bad8
x-chunk-cache-v1/chunks/indices-000188887382.z	182813	17fe1604d1df95d5c74b320694d4995c7a05abf83a84dd80ed62c05b61debeb6
x-chunk-cache-v1/chunks/indices-000189079536.z	179763	f8ba03f01ca9725af2d3cb4caff9c256095d7a4e828a377b94aae489d3a164ad
x-chunk-cache-v1/chunks/indices-000189559921.z	181257	7c46a241da33c3c182c43eae63a3986354ac2d1249d2dd834fd54a46c7f51dee
x-chunk-cache-v1/chunks/indices-000189655998.z	179315	efdba30f044a36a705875dc4e39dce404de5c25b7c9d9634b2a4bd79cda9abe7
x-chunk-cache-v1/chunks/indices-000189848152.z	179646	d3528d2c1c33f1da61d1e42cfc455f47fba973c845b10ebc7ea7062195e9aee4
x-chunk-cache-v1/chunks/indices-000189944229.z	181174	255c10d2c512045646f37e8a6c762081431c11a56ae9b832a1b3991ca910a855
x-chunk-cache-v1/chunks/indices-000190040306.z	181558	0c059fa08d913aff94e04729356db6d2f5899e67ad405eb12eafc00dbdd2b9db
x-chunk-cache-v1/chunks/indices-000190136383.z	181196	7aec0e689c016e1671ce785cfd93f7d95b069df308f878ed0c22158e69a435f5
x-chunk-cache-v1/chunks/indices-000190232460.z	182612	e263c9f4d19917c4de5a6f3074fb59c6a7ffbbab8875b9c3010ebbe49b05ab95
x-chunk-cache-v1/chunks/indices-000190328537.z	183525	a19b6048137404fbc1c792dfd5a911c3a133858c05d64c98f69b24a3a83692e2
x-chunk-cache-v1/chunks/indices-000190424614.z	179701	1a50ceef33e93882df4c6726eff08bfa37ec29e31c2d33ba488d496789a767ca
x-chunk-cache-v1/chunks/indices-000190616768.z	182131	24904e5876e91e5e8cf4790780a49f21dfcfd96f4843ca59267a6c7e75b05f45
x-chunk-cache-v1/chunks/indices-000190904999.z	181671	5c3a2caaad286b1be809f3acfe83a65b9624ea9fd04278f87c3c776508e0cf13
x-chunk-cache-v1/chunks/indices-000191001076.z	181205	b20635c529dae18bf2021bf0a1569126685e55a10374a1cbbc2b9ab23a435fe2
x-chunk-cache-v1/chunks/indices-000191097153.z	181765	ab2fbab22d046d56c6a540e4f16ad161cdfa78516a7cc55084f5b00f5797fd48
x-chunk-cache-v1/chunks/indices-000191289307.z	182655	5dff6481ddf199af1dd7cadae75317c3e414e1b07c43e5bcfb409ed777022a61
x-chunk-cache-v1/chunks/indices-000191385384.z	185296	e025cf04e4261747061e35c13e31afdcaa622ed4a615cd4f425633dec7deaa4e
x-chunk-cache-v1/chunks/indices-000191481461.z	185206	b6a2048e4e63fdc43c211ee3aa0a3171c84a9ab108ce66c3ae509ceba82c1061
x-chunk-cache-v1/chunks/indices-000191577538.z	185499	1f7f42c0d004f1576d40bd812e45070f0cfe986835f272c4bce91d213db223ee
x-chunk-cache-v1/chunks/indices-000191673615.z	186276	88cdc9535b341c71b5f074140ca6ab226831b8172e2669fecfee01e3a8ad27ae
x-chunk-cache-v1/chunks/indices-000191769692.z	184474	12771b08fe4097a21e0caa9ff762e697a415e2629f61804dc827b7c8eb160f82
x-chunk-cache-v1/chunks/indices-000191865769.z	183973	690153f8fde54956b45cc5a9a950a164476fa60075ebbc57adcd2ff63ec16849
x-chunk-cache-v1/chunks/indices-000192057923.z	182997	da30efb097535feb06ac25f2c3b124d3502a9c54850ac3fa85da7ea4336ace56
x-chunk-cache-v1/chunks/indices-000192154000.z	180014	04625fe5be220690f2fc2d8b2db15502968d2d925472f1f96a383bf28df65c2d
x-chunk-cache-v1/chunks/indices-000192250077.z	182225	fb673df6e45b3ad8c67366f9c194249b3b3ac023c7487b0c38f948be0e31ddb0
x-chunk-cache-v1/chunks/indices-000192346154.z	180483	d8510ad7903ca604eb50e759aabb5b36940d9710afb69c12f558d0e85694881b
x-chunk-cache-v1/chunks/indices-000192442231.z	181812	d717d24e52cce19c2658354521221a8da5eabc373b930c40a8d49e9e892990bd
x-chunk-cache-v1/chunks/indices-000192538308.z	180293	57339012e362cf0295251f7dc32183f3ca74f1b9acdc8269c810100720bdabe4
x-chunk-cache-v1/chunks/indices-000192634385.z	175346	db681447651d5cce6c3d2db55741ef2089f25ff823b66129e3eef7d9c2cc438e
x-chunk-cache-v1/chunks/indices-000192730462.z	179819	f4b7cafcde8de42c905b35bcb5ef23301a50c8c0e547632433c400e494aaae7c
x-chunk-cache-v1/chunks/indices-000192826539.z	179000	be6bd0da35a8fd9716e4609607bc662d352018fae352fe516390e396b526e62d
x-chunk-cache-v1/chunks/indices-000192922616.z	178160	68538f419e4535c2146c80425c5d8c56653762bb12eef27bca3783dbd744aab8
x-chunk-cache-v1/chunks/indices-000193018693.z	181584	8b1407e5c91b14cca71e455ca2339309e3def9a53a3bf54905e1b769491b06e2
x-chunk-cache-v1/chunks/indices-000193114770.z	179236	3ad52a529e67048c317b50a2a3d92e4ac2a0781458805751e1780a56171fae42
x-chunk-cache-v1/chunks/indices-000193210847.z	182477	100c591d48d685295fd2ce873dbe22d12792889730ddccf602830ba66eeaee44
x-chunk-cache-v1/chunks/indices-000193306924.z	179020	12349c591ad5b1585914a2aa2670c7df649bf2da5f4ca6e04de6bc7a3d66ae0b
x-chunk-cache-v1/chunks/indices-000193403001.z	181610	002ee1ac0b412b29fed1f6a2687780a3de67d0841b63a9dda68e52a81c2087c7
x-chunk-cache-v1/chunks/indices-000193499078.z	179375	0d5d072e5649554adc844fc8502e003ea99d9942a2e277fb89dd7ce1744223c0
x-chunk-cache-v1/chunks/indices-000193595155.z	180709	bf0e978be80df8021776cc8e92722772ff98dddff54135ea8eef40d2afde16b5
x-chunk-cache-v1/chunks/indices-000193691232.z	183132	1d13d05d793e76559762b324ee75128207ba73cbb370237b8ab35773a03659ba
x-chunk-cache-v1/chunks/indices-000193979463.z	179759	822478c1e182670352a1dd527c5027be38b524b31ea30509010a1bebd21e31e1
x-chunk-cache-v1/chunks/indices-000194459848.z	183923	99f2196e725114ea71c8fd00326b37a76cbc9686a57143129894b86333e9580c
x-chunk-cache-v1/chunks/indices-000194555925.z	184649	705986ce12fc0518a1a123f8d41320fd609688ce77be565a2f4eb7b90c32c680
x-chunk-cache-v1/chunks/indices-000194652002.z	184151	44976b40ba403e223c680dcfdbee88b8c7933748c1a87ab3c5a1d09494cfbd04
x-chunk-cache-v1/chunks/indices-000194748079.z	184773	2d1f017f2dc38b60403f20d66d25b308d2ecd86b4233ce8b7632de943f5b210a
x-chunk-cache-v1/chunks/indices-000194844156.z	188994	8d1ad59b77342ac0657533cbf85bf5d96d3d0e578899c5a37bed97557e56ca7b
x-chunk-cache-v1/chunks/indices-000195228464.z	186544	0abcb570694eb8621bab2d0f884ede8e3789042f999906137d79982147e5666b
x-chunk-cache-v1/chunks/indices-000195324541.z	185629	dd2b922678d50eeaeb3e217cf471e91a52eec1ccc8a9d3eb40bf4c28de68dd50
x-chunk-cache-v1/chunks/indices-000195420618.z	185034	ede3d193053b732ce4426dbecd0cdae26102f7eb7fd31a015a8167dc6141c9d5
x-chunk-cache-v1/chunks/indices-000195516695.z	184208	ad56b3466e0e9658fa5d688004606776663a5c59ca401d933d0ec4d7c0211507
x-chunk-cache-v1/chunks/indices-000195612772.z	190579	8e88dccd9eff1231c31fa00ede44c7d285f9720190e83ca1a3fae9b081850277
x-chunk-cache-v1/chunks/indices-000195708849.z	189042	4988357d92e3c7e12e72d51910b3e068f9854117c3b47854d5324c1115004142
x-chunk-cache-v1/chunks/indices-000195804926.z	186167	61ea83fb8a4631c4477bdc1aea2a4c6bc70c7049871fe28bbb4cfbe32a978e8c
x-chunk-cache-v1/chunks/indices-000195901003.z	186666	31f96302a763e7068df2fb32f4d1ebd82d2738c6ef7b2110f1ac221a3c77ffff
x-chunk-cache-v1/chunks/indices-000195997080.z	186379	d4e1bfaf9f3c82d79ef7484856c7f8ce198aa0206ed16078111c5c46f6f96909
x-chunk-cache-v1/chunks/indices-000196093157.z	188801	9627cb302a9548474ff7d8ef57594bb5eb7b11518930a05150189bdec152c205
x-chunk-cache-v1/chunks/indices-000196189234.z	187311	15f66661d7f32915b0186d174d1601297f80932c3cb09cde3dfeb087047fd6a3
x-chunk-cache-v1/chunks/indices-000196285311.z	183009	2cb3ecf2d53be605650cc0daabfb2dcf72993c0bb2cf61c888df716b16d70266
x-chunk-cache-v1/chunks/indices-000196381388.z	182760	6620d1a8dc7aea4d94de4b3eb453113ed21e32a291d997650ca12eac5cec986f
x-chunk-cache-v1/chunks/indices-000196477465.z	183801	6d3d873e6211e473f28fd53fb9670b23796c0a41816b25d04de9cce7cce3bdd9
x-chunk-cache-v1/chunks/indices-000196573542.z	183365	4100aa4c720816f17600354ad9c87fbae42d2ad1a1105a758e7d53f6854a1091
x-chunk-cache-v1/chunks/indices-000196669619.z	183610	bae758f2e1cdca813d8a9b739e7b574e4da5ae204713cae663bc1b6c8aa24a98
x-chunk-cache-v1/chunks/indices-000196765696.z	182170	dad112bad126953185bb7ea7f7a12071cd9f32d05916d25760aeb549b215cf0e
x-chunk-cache-v1/chunks/indices-000196861773.z	181402	d28a5f2209dffc9abe6cd7eedbf5f8e204b378b58f6a5176f2bead05a2a23748
x-chunk-cache-v1/chunks/indices-000196957850.z	182630	5cf1dcbd967d297def7565fc35a6244974491374cae53c3568858bc4b73a7285
x-chunk-cache-v1/chunks/indices-000197053927.z	182872	82a9a1076dd3e8d0a992d42c5d072a891fcb7901f4e2708a9d45b39792d3f1cf
x-chunk-cache-v1/chunks/indices-000197246081.z	183604	05a22e9ae2bfc40b47f87a4a93a29c84326e833324fc10eada60b0de2fa50ba7
x-chunk-cache-v1/chunks/indices-000197342158.z	182679	c25eb99b1eb25004177f46d9c27a6f93757772799878a8d52505af7756654514
x-chunk-cache-v1/chunks/indices-000197438235.z	182130	d0656dfaabdc234d81aef5a945273df1ffb7c816c67925c111ca63218f40bc2c
x-chunk-cache-v1/chunks/indices-000197534312.z	184105	d4b610127a3e630f1df7cf347e19a26c823d7793cc976c1ec4031a8fe8b8a1df
x-chunk-cache-v1/chunks/indices-000197630389.z	183735	6646cd7a2ef35de290fb81be65a2ed53e3818abe8ae6689eebd6a99099f3d426
x-chunk-cache-v1/chunks/indices-000197726466.z	184219	a0a2222c3b4781431f5f0466c1f704339f274d9e002edec3f0c9378a069fc56a
x-chunk-cache-v1/chunks/indices-000198495082.z	182291	65bb679cc0308c93d470841a66491c9144ab878dacc26d6b44ded0bab7f73716
x-chunk-cache-v1/chunks/indices-000198591159.z	181352	59800f7318ac9640154df359812cb68181c550d62fefd288e832a3baa05e516e
x-chunk-cache-v1/chunks/indices-000198687236.z	180523	013515cbff40262b5fd1b65bebd3041ede4b46f01ebda5aa2d4f07d31eb2467f
x-chunk-cache-v1/chunks/indices-000198783313.z	182013	ad7a58b2ca196954233b648c5535bca0fd5636f61b06817467b2fea0cc16c749
x-chunk-cache-v1/chunks/indices-000198879390.z	183167	15208daa63a469744a0b4f5cf5362672f29f0bc3414b990a200e38e1075a5681
x-chunk-cache-v1/chunks/indices-000198975467.z	182632	1aebe9cb3de6473f0af0feab0279c3c2d00a9b3431a95c0f3aa836a87a629b04
x-chunk-cache-v1/chunks/indices-000199071544.z	183136	3b44a083f37e07448305fee32a1bb517f8218f40a2a22385971b1778746d572d
x-chunk-cache-v1/chunks/indices-000199263698.z	181339	e343751f1ee140c66f09928f9cf34dfc33e321b41c27a15becafbaa6c90d52d0
x-chunk-cache-v1/chunks/indices-000199648006.z	180082	0df6a3aa763fe842c93d40547e7b39985224eb32cfc8ef3f41ad4e5d88dea941
x-chunk-cache-v1/chunks/indices-000199744083.z	182753	6e94d8c271951dcb25b0b69e4463aaaa1bedd910d2bceec7e0f65bbed66c0443
x-chunk-cache-v1/chunks/indices-000199840160.z	180986	0e6460e9cffebd96a58773c97ec80f90220535d5f0907d724920c9a59548cc67
x-chunk-cache-v1/chunks/indices-000199936237.z	178711	5ca90c7d6bc2e411148aeae7ad98e9ef2ae0e47f9acdb6496682531623fe7eca
x-chunk-cache-v1/chunks/indices-000200032314.z	178175	0d8270264ead35dc4c536f6422868add476fee0b42ac662a5f9deb88d8807ba4
x-chunk-cache-v1/chunks/indices-000200128391.z	181810	6a2860d7e27349b1e301693e8dd61e6d5f30a4fb595102f56cb116fabb750499
x-chunk-cache-v1/chunks/indices-000200224468.z	181359	0c3339fe6cc3a5de9d263d04d4ea7c28a8547c7c9ad45a3bbaf46e9dea85475e
x-chunk-cache-v1/chunks/indices-000201089161.z	182971	1b8ef4b4050e4894f583b4f9e18fb25a42b37ed5669ca657559b811186ef294a
x-chunk-cache-v1/chunks/indices-000201185238.z	181630	c029e59c26b03ff50aba67346bb6a13eeb303dbbe878f9c8746394468adaf56b
x-chunk-cache-v1/chunks/indices-000201281315.z	181391	bc16b8aed61901e73d7d1ee51c8d11ed4f888352cb0b90681d065128fba9007f
x-chunk-cache-v1/chunks/indices-000201473469.z	182166	d5e0b067f8882308359666e8ed72dc7cf7e4bb5b3f330eb5b063339b73f164f9
x-chunk-cache-v1/chunks/indices-000201665623.z	182711	ac57bcab4013b2e249aed1840d87f8a33c8b397b7ecf3c4f72d48c2b2982410d
x-chunk-cache-v1/chunks/indices-000201761700.z	181385	450efd23114d509d7a4dd0ce5718ca633df839c029f29e1512db041b7983fc10
x-chunk-cache-v1/chunks/indices-000201857777.z	180856	7b825f5fb351608d0ee72f2dcdb4bc418de687df910345285990d198c3328fe3
x-chunk-cache-v1/chunks/indices-000201953854.z	181256	c55b6a0b7657688afd85e28ff559f48992a58ff9aca4d59fcffa6d4b78703ba0
x-chunk-cache-v1/chunks/indices-000202049931.z	179533	0fcdaccb0471ea6a00a4d2d356608028db24a98fbd8118eac3ea21226aa6b8c5
x-chunk-cache-v1/chunks/indices-000202434239.z	181588	c17b6247cf0e73959768bac85a84ed6362963bee55305509eb6dcd5fe1aef34c
x-chunk-cache-v1/chunks/indices-000202530316.z	180782	9e71188b3e48234cda0602f8268d7984e4013974a37a553e2e84ad7684cb70a4
x-chunk-cache-v1/chunks/indices-000202626393.z	182200	08dc76b0cbf055ec6a3d18f10cf78090d15a9554677937934e19118e33e7dd42
x-chunk-cache-v1/chunks/indices-000202722470.z	178941	a65ddbe81ff72f9e02981f72a4c3ffb53a46a0d7530f48040832efd1cb970c54
x-chunk-cache-v1/chunks/indices-000202818547.z	182995	5298a68798c42471cefb5998c7ed81dc7a2050f4e55c81ae912b50783c0914d2
x-chunk-cache-v1/chunks/indices-000202914624.z	181009	1cbfbaebb6ffc02eb905863891d9975a8301359771bf07f5afa260381f190f82
x-chunk-cache-v1/chunks/indices-000203010701.z	182444	4dbac49ed5143e16e413346f0d94a4f8156b09434f72f39e67e725b413e63ccc
x-chunk-cache-v1/chunks/indices-000203106778.z	181483	df6a899f0569bdbcd8c0626a4f128134918e414df43abfd9ad422c3fac404196
x-chunk-cache-v1/chunks/indices-000203202855.z	180888	d5e0eb0e92ac2d9b72c3ddf1f4912ed2950bbae7a380693002f5881446ad1d30
x-chunk-cache-v1/chunks/indices-000203298932.z	179571	74a74c509570240bbe5ea0fcef54bd5e7bce581168208ca8d12455345ed3dddc
x-chunk-cache-v1/chunks/indices-000203491086.z	181352	1840f48d9ee15539690764d30937e179494fc5afdb52045be0f908e097abcde1
x-chunk-cache-v1/chunks/indices-000203587163.z	178936	81ba87b98a83469ce19c0b6a01388b2e0cb721cdc1d87423f841f929b65977be
x-chunk-cache-v1/chunks/indices-000203683240.z	179936	a63493cfc583af7d22a4771c9d753522b96a97d272e7ab0a1cfc92efdbe72b82
x-chunk-cache-v1/chunks/indices-000203779317.z	180170	231c1be45fbcb23ce7aae4ae6e4b937b61722a30fcdb7d03227762437efebc3b
x-chunk-cache-v1/chunks/indices-000203875394.z	178906	b79e95d69d79b2669f84036e94fd249d1c39266efcf9a59ad1bbf5b10cb777a9
x-chunk-cache-v1/chunks/indices-000203971471.z	180642	c8877342a257f405b2cad0c7c1e7a9ca1e75c7daae6eacb2732e32956919c395
x-chunk-cache-v1/chunks/indices-000204067548.z	178545	1f745c761628b3c48354a93eb99d5a2f5af51c725d5ffa3bcfcf81b92d8157f4
x-chunk-cache-v1/chunks/indices-000204163625.z	180388	d8a303bcf45eaf6ddfa7434389e15cf9d6425dcb542513e884b56b19fef3e0da
x-chunk-cache-v1/chunks/indices-000204355779.z	181687	4bf61e618e0ea79dc05df84dc89c945e730b8b843280db54bbc56df845be321c
x-chunk-cache-v1/chunks/indices-000204451856.z	179817	c86f45cb70ffae023388d060ec3d71d9486cf2f763ebd1a09abaa875dbb0bdbf
x-chunk-cache-v1/chunks/indices-000204547933.z	177025	331b1c052807e26c7fd4a2f1994ec329d6689a0a13d0a875c35b12d7affa03f4
x-chunk-cache-v1/chunks/indices-000204740087.z	177588	cb7afade9449c3ac14c41b952f00a7d296809de9e868c606ed9f2a90944e1c38
x-chunk-cache-v1/chunks/indices-000204836164.z	178421	77faba0375ddd2d9cad06b7922b84c1c82d4f25f52b1513ad9478820b7a4992f
x-chunk-cache-v1/chunks/indices-000204932241.z	179397	72cba5376ce7f44299299b382178d67c31799767b1238cbd3ffbb5c006ad0eb5
x-chunk-cache-v1/chunks/indices-000205028318.z	179407	8a136e5ad88975e9b1b78fb7f844d4a6b9b495afaea51445de40cde37514b2cc
x-chunk-cache-v1/chunks/indices-000205124395.z	178285	57b3e715cfcc7b7fbd6e574adac9b158f4504c4f4fd8c1b1b7263900913b43fb
x-chunk-cache-v1/chunks/indices-000205316549.z	179403	8fc7227f2fc57c7ddf4bbddf0c4a1e2b75c4a0c95f0aeff79d8e7559ad25eb81
x-chunk-cache-v1/chunks/indices-000205412626.z	178020	c974fa628d2c9f45dc50584d30c889ae85f057d0e607192bec7a1bdf5d3f1479
x-chunk-cache-v1/chunks/indices-000205893011.z	180344	571328f8a7b8bce10780469f3a03018192122199b702272c9f38b1dac5b2207d
x-chunk-cache-v1/chunks/indices-000205989088.z	178912	f60498d991a01e3b56ad3924e64e89757c27cf627cd7a4fcfabea3c9155d49af
x-chunk-cache-v1/chunks/indices-000206277319.z	179210	cc3eb6d78849d912fb2003a1f06fb0a286097941a45ff556da56dc3ec9aabae8
x-chunk-cache-v1/chunks/indices-000206373396.z	178569	55aeca80c80d13ce5f120d3bf515079d874ed90442394894d5e1993d490a4fbc
x-chunk-cache-v1/chunks/indices-000206469473.z	175974	dc73cce9572336563aa63a7c7a893e09a5bbaa70aa1e2705c4ad62ba012a70b7
x-chunk-cache-v1/chunks/indices-000206853781.z	178709	cb1627bab24853c2c90c5de930853a3cbeb37fbf5b302b9059a32afd311b3a2e
x-chunk-cache-v1/chunks/indices-000207045935.z	180903	a07275d84408639881e46678e7b0a8c3eebcf57487010de870cc58fe4e2f5eda
x-chunk-cache-v1/chunks/indices-000207142012.z	179911	98d40c1cdc3bd64262c2c29b9bd7c668e0d71ae21456a67032414d8bb3e11778
x-chunk-cache-v1/chunks/indices-000207430243.z	178523	b71b44f2e00ba3414da080250bd3e68e0a3e4be6b7707fc6601c40041545833f
x-chunk-cache-v1/chunks/indices-000207622397.z	177394	8852382201ed561c73f6c5a0d1b48036f9f02f786ee5bd3f2a293bad3e24758c
x-chunk-cache-v1/chunks/indices-000207718474.z	177218	e981b52ef68d1e1c7b746f38cd8b293c58fbabc16dae56867c096e2b40c7d345
x-chunk-cache-v1/chunks/indices-000207814551.z	178879	c8aa87dd8a57ccb504a9c315472e2090133a2821d094f12edfe612e273dff323
x-chunk-cache-v1/chunks/indices-000208006705.z	179396	dba7eff0918a69d07ad8f10f359f350d303abd582be44d64ff3829e7702e9d55
x-chunk-cache-v1/chunks/indices-000209832168.z	182820	7500d830556e9509971dba71b2458b188d96651b44c2baed9029f08a4b534ae0
x-chunk-cache-v1/chunks/indices-000209928245.z	181195	4094ab980a9e5fd3787b64bce53d22cb535eb6bba5302387f63d1f2f14caa09b
x-chunk-cache-v1/chunks/indices-000210024322.z	181388	92bc8b2523e1aaa014c1eedb6815710aaa3b2a56469e14c257f5fe0327f9e286
x-chunk-cache-v1/chunks/indices-000210120399.z	180149	8130095f6217e9d4205e7884ae61e68c3bd1d3dec49335916cfcf85922f0c474
x-chunk-cache-v1/chunks/indices-000210216476.z	179345	6220248003c0101f86ce60db2dcde0ff02b26d1d14f0a9df861f38e6f25bec56
x-chunk-cache-v1/chunks/indices-000210312553.z	180066	02360c0b0cf1c7d1d57612998253f045fc1fa8c504e13b0aa1141482e9e501ca
x-chunk-cache-v1/chunks/indices-000217998713.z	179786	2f17cf9386c538b43c900f2f227f1aeb30d5364f768f3e07388e12a920fdcdcd
x-chunk-cache-v1/chunks/indices-000218094790.z	179151	a8af2063ef3635c7946439c9f07757e073f71ab81351d7c6ba7a27f706bb5b4f
x-chunk-cache-v1/chunks/indices-000222802563.z	171790	fa8eb3ec4e9d354b36d18c8117392c1caf110ee02de67e435fdb5ce09c59d5a7
x-chunk-cache-v1/chunks/indices-000222898640.z	174016	82f5cee7d346f0756f8222823176874714f07dcf5900a3dcd111657edcd2a3dd
x-chunk-cache-v1/chunks/indices-000222994717.z	172611	ed270b9eefe0022b72e762c277aa64e316f0f7e9d4920a54eefa30b933fd93a0
x-chunk-cache-v1/chunks/indices-000223090794.z	175211	e3710787535f63ad7299c51aa653390d82ab1399d338a37917868b2678d7c52b
x-chunk-cache-v1/chunks/indices-000223186871.z	175359	ab8f8e80c51868242a499ecc1752156f3b08459beaf5182f91a7da73211ff670
x-chunk-cache-v1/chunks/indices-000223282948.z	174586	a5787ec17fc10f13d1c02d6cd843aa9d747fc30ec181013e845c3f3e69f16ef7
x-chunk-cache-v1/chunks/indices-000223475102.z	172463	902798ab6b437a5fc952ef28e6a6d970d8a4580d1f9ec10dd66a44be8e916009
x-chunk-cache-v1/chunks/indices-000223571179.z	173892	e61558ec91ae11884cba7c0b79e9ef9d9f535c1e8e7ef6c671b7045c3fb9610d
x-chunk-cache-v1/chunks/indices-000223667256.z	174374	3e59a9ee75fecc69c51425c007f9cfa1d38a8f726dc1f928dc256c63a2fe80a7
x-chunk-cache-v1/chunks/indices-000223859410.z	175000	4081e57720584fb9f2d7a4755d6ed6d0eb1a69fe9a875e41a421b64dd163a2ec
x-chunk-cache-v1/chunks/indices-000223955487.z	173493	bf634a47cd5f51744122aec597576b25b086e576ffb8720b1b53452739b963f8
x-chunk-cache-v1/chunks/indices-000224147641.z	172459	afac909d24b3c286e4e935bff7c071b751440d45404e30b0b51a7de78dffebb7
x-chunk-cache-v1/chunks/indices-000226741720.z	177386	3307d5bbc560faf400f5b0960ea656f6191b760edc4e1a711f3330cebf7d14bb
x-chunk-cache-v1/chunks/indices-000226837797.z	179355	9d65ff6865a1daec5846c3bce754c1b6db11931dec968d5568e84b92da184b36
x-chunk-cache-v1/chunks/indices-000226933874.z	177646	68ebf16366220bbfa8d4958eccedc6434b65ac8694645f9570d211c9142c788f
x-chunk-cache-v1/chunks/indices-000227318182.z	178943	852384aaedc3e6ef5dff0fe47b5624b92b4206df3e696897d3ccb35beb88eb05
x-chunk-cache-v1/chunks/indices-000227414259.z	180657	8fd9920f05d71d78114f4763c10a0f7a85143170f794f234d32347e036072775
x-chunk-cache-v1/chunks/indices-000227510336.z	176369	a4bc0811ef3a9c144fb4e8cb1361e1ef3b926a11e90533bc9d327a4257ab1d07
x-chunk-cache-v1/chunks/indices-000227606413.z	176372	bd0026793e9734a043454f95d5087c3e6827130524375591d0ba10e6c005115a
x-chunk-cache-v1/chunks/indices-000227702490.z	178070	50e9a28d9e3060ef3119c0b643b2615ff04df39e7c89035e7bd4d09690d0a8a2
x-chunk-cache-v1/chunks/indices-000227798567.z	179499	c9e9ca3e4c1fb6f674fabac5237a81d7d4a42962905f57e057b297ba5200af1a
x-chunk-cache-v1/chunks/indices-000227990721.z	175446	04c76e967ee1f019313f78192195a1e1e845eb571a11c14d5056dd640445a0cd
x-chunk-cache-v1/chunks/indices-000228086798.z	175272	c1b1335fba3fbda511b87cfc4c4ef5d579a0fd194c915928cf9df7f85e3849fb
x-chunk-cache-v1/chunks/indices-000228182875.z	175036	51f641a65455d0d1dc66d2629b0b61c31e08e600a546f16c4d012a1591042b29
x-chunk-cache-v1/chunks/indices-000228855414.z	176577	fb514c51026b709e6a34de9a8adf7e713130ce3ddab89ea60af0316c1114208d
x-chunk-cache-v1/chunks/indices-000228951491.z	176290	e6701388869e0dc417cc739e013d6401292d770f02104fa9cbdd1181ca7eef77
x-chunk-cache-v1/chunks/indices-000230008338.z	175533	90cd482fc7312d987f0ea81221a7dc150424e18e72fdb8a98afdc6f4cd0ec233
x-chunk-cache-v1/chunks/indices-000230104415.z	177243	1aeedae3180167710c9652df7b31fa9ceb0c7e7d598edc447c7de49af52609ae
x-chunk-cache-v1/chunks/indices-000230200492.z	177246	fbc093d3841551199c5e930ce30d064565dc43e717cbe8366a941d8eb2c61868
x-chunk-cache-v1/chunks/indices-000230296569.z	175709	c2f121879d257422e88c33845101d9358b529de949e7d0f4053a562a68eafc88
x-chunk-cache-v1/chunks/indices-000230392646.z	177111	be2fcfed329f7163d7ce84ceb8aa0352e45f9afb34510019eb6879646472d44a
x-chunk-cache-v1/chunks/indices-000230584800.z	175406	f99c45d09ed0251f98b003c3cf51dc7e9bd96ad517b38aa1882f556b73f42d8d
x-chunk-cache-v1/chunks/indices-000230873031.z	174605	a17596107f39ebf6e593da730dbd1fcb03a82ce9ea376006319aa72e224275b9
x-chunk-cache-v1/chunks/indices-000231161262.z	173568	d3ea946dc812618fcd8284ebc54c79ec7a6ce566a2795aa6dac0aef10ab5334a
x-chunk-cache-v1/chunks/indices-000233467110.z	176067	a8c85253bacd953489b6b3f6d72ed690b8737451c8a913ba3433efca89b7de87
x-chunk-cache-v1/chunks/indices-000233563187.z	177497	c793087509af368bf9435b70f47f540efc60d04f4f5ee02d4edb5afc91077e91
x-chunk-cache-v1/chunks/indices-000233659264.z	175399	95a673240a07883186d82d4fc00241da8019a6aa723c60930b773bdeaea1915d
x-chunk-cache-v1/chunks/indices-000233755341.z	175741	054d10af7365270c3a0e6888350cda936ef2996af3c83ba1a0e411ff00014717
x-chunk-cache-v1/chunks/indices-000233851418.z	177902	dcba77abf7581a798f5ce2cd6a9eaed91626c57555ca8936475ecdf12648f9f7
x-chunk-cache-v1/chunks/indices-000233947495.z	176111	968e805048d185c27214fb5156efee21da61531af8e496b77f1833cd921efbba
x-chunk-cache-v1/chunks/indices-000234043572.z	177589	c90a01e4349492dd7f436e6b6ff5103ea548a8b406363e07f3e666f9b18503c1
x-chunk-cache-v1/chunks/indices-000234139649.z	175339	5bec23091c6cf6a47d5ec460b319b997417af62077fdab95d7056390d189d4ce
x-chunk-cache-v1/chunks/indices-000234235726.z	175200	5cf4357ea8fc0ee3edeeb47080775a07bf366a77e204b224d2290cf0b9d54dee
x-chunk-cache-v1/chunks/indices-000234620034.z	175493	93498d3e47237f27bd5755ce4ac900be983c09823ff9fc721f77c2e617143e53
x-chunk-cache-v1/chunks/indices-000234716111.z	174909	88d8977a5708df546b5cb6be26c41c18c1a394225e63a1838a8af11774fea6b9
x-chunk-cache-v1/chunks/indices-000234812188.z	177346	bced4da1cef54036b33a40c89855abf2dbb03717f2854757ce1d9219804c2a8a
x-chunk-cache-v1/chunks/indices-000235292573.z	175417	da4d789749257f07ce6029ec77d240c54a5ed7705fdcdeb1526169a1c4fe20fc
x-chunk-cache-v1/chunks/indices-000235580804.z	176016	b7934b2077796c5e4f45df378a811d218ed09a34fe1d3f814ab57b70d6791014
x-chunk-cache-v1/chunks/indices-000235772958.z	174162	21429c851ab980a231e70115611a4e95621f6c35952b347d00e7bd32c059e909
x-chunk-cache-v1/chunks/indices-000238174883.z	178926	62687f3769caa51a26a8037243a47eec6ead1a3f650182919c3fbf5b55fc46c1
x-chunk-cache-v1/chunks/indices-000239712115.z	179457	b66fcd0bc126e8efa9ff2a71e88c10a7357809b4f597bc3b6ab92bb973a954b6
x-chunk-cache-v1/chunks/indices-000242978733.z	180279	276fd9f77134f823309b2b9bf9da10a7c56343a189e2cc24be257a36113c6976
x-chunk-cache-v1/chunks/indices-000243074810.z	178139	62ea660f1c9b45cc2197cb44f163333139386f33fed45b7ab68b004a93fd4563
x-chunk-cache-v1/chunks/indices-000243266964.z	177228	1e297950bae075b400b2b8afbff6f87a12812f8070568b29bbfd632ba7710817
x-chunk-cache-v1/chunks/indices-000243363041.z	179076	1f1ba0b2a1479728a79ff6ba9400385838b6fb09c59943e60aa4710d60c07685
x-chunk-cache-v1/chunks/indices-000243459118.z	178290	8841017e1a82abc8d82a51c1e0bc772a1c38cc2d0668fe787e15970b94ce630f
x-chunk-cache-v1/chunks/indices-000243747349.z	176097	d10b67af174ba9ef5e514cbf51ffc8f0ebba5e12450b87f02c07742ad486f38f
x-chunk-cache-v1/chunks/indices-000244131657.z	176380	522e57d14435145c903ec789b4ffb0cb9639d5f523b1aa05731d4cf17adb7a7a
x-chunk-cache-v1/chunks/indices-000250376662.z	179945	916d0d7287429d26763252f82d89d94d19dfbaf3b14f361fbe8c93d865f0d423
x-chunk-cache-v1/chunks/indices-000250472739.z	181337	3ab0f00fbc51b7605f4e980902d5b2975477497694b01c53e1dffa7853d409c5
x-chunk-cache-v1/chunks/indices-000250568816.z	182614	1c70a70354088e5fef36777146eeaf2ef599cc930762119846d38a16d243ff85
x-chunk-cache-v1/chunks/indices-000250664893.z	180836	0b7082095a1d7e9abb3b70d2441c8b9687ee91c120f610160fd21cdd4ceccc3e
x-chunk-cache-v1/chunks/indices-000250760970.z	182651	9d1ff216b90eb43b13cc7650f6e0449f1ea7a86191e8632040f635e0b52c3e3e
x-chunk-cache-v1/chunks/indices-000250857047.z	184409	4df6b2766828aa659a1c426d89c6dcdee7032109f2020b75a560bc3e832c9c93
x-chunk-cache-v1/chunks/indices-000250953124.z	183445	5a0dfee3e0ab7e034ca6e32bd0ab8eb2f94ff46900be7fb95100e352d19dd323
x-chunk-cache-v1/chunks/indices-000251049201.z	181947	aa31b89d4744970317f6524812be46e9a53cbccc9cdb9063855c1f2085506ca8
x-chunk-cache-v1/chunks/indices-000251145278.z	183842	cb604e910753340140f3f008a4b127b0a7f929e699f6d36a7029cdd76a41e570
x-chunk-cache-v1/chunks/indices-000251241355.z	183786	f423a8a04fae37f1add5b02ff221cddc84b724f1f4a74a64c73b5fde569b73da
x-chunk-cache-v1/chunks/indices-000251337432.z	184483	e5bdd37e8e0100028115e62e4e05e690c042e5e90b1798f6647dc5f6926a7e03
x-chunk-cache-v1/chunks/indices-000251433509.z	184298	d700757af98e685ef52e0bec957aa7bf65082eefd7f98eb474f40b4f9bd882da
x-chunk-cache-v1/chunks/indices-000251529586.z	181559	87b8b0f65c3b45c94be314b189cb82269387e23136942effa60737413f6d38a4
x-chunk-cache-v1/chunks/indices-000251625663.z	184096	c7adae07637e745ab9c1c3c3169cd6188da6ffe390d78e8d21259522863047e8
x-chunk-cache-v1/chunks/indices-000251721740.z	183098	e218a60f8f76146e2c2edc7db0ef657a74a42c2bca8fa81e1fee61173dd3aa29
x-chunk-cache-v1/chunks/indices-000251817817.z	183479	c15bba86713be98b3ecacb914ee335dafc54ff1e98df26fc9295f420329d0e43
x-chunk-cache-v1/chunks/indices-000251913894.z	183527	cee1df1143a9060e28359099a1f15d1c0b9d5ea00c8aaec530c411276d7d6c2a
x-chunk-cache-v1/chunks/indices-000252009971.z	182582	3662f2b5b2513c728059e6af08bf4f57c72ab1cdb160c18ef67f209e8b177e51
x-chunk-cache-v1/chunks/indices-000253162895.z	183184	163559182ab29eaf1598b0405233511ae2f5848f742d24059bb9e7d13c69b9cc
x-chunk-cache-v1/chunks/indices-000253258972.z	184203	a48bb946768e53ceb26151b38658a9cc5814abd76501b83d51805bc8c33ed296
x-chunk-cache-v1/chunks/indices-000253355049.z	184602	00721036b416a9107f64d6822ce9c39fbaa51529b8237879d7580a29ae1ed793
x-chunk-cache-v1/chunks/indices-000253451126.z	184487	7ab6422df758a51f36966244451bc8e50413d6766f997983de03b42af93840c4
x-chunk-cache-v1/chunks/indices-000253547203.z	181188	9ef6ee5b8a7290543aacc5589f2facd78ebaa8938ab4631175914b30ac448479
x-chunk-cache-v1/chunks/indices-000253643280.z	182090	864e7fe910ad573d5d83de218ddabc843d5a3b78252ae8a776aed7af0880b6de
x-chunk-cache-v1/chunks/indices-000253739357.z	180960	0042fd99c5fbae30da76d10fc0c669c3a397d8dcc09b639e4c97ff2e4b6c8d1b
x-chunk-cache-v1/chunks/indices-000253931511.z	181672	2602cd8c23b58fa3eb68a90b462179f6c04f6899580bef34a34d75d60f6404f2
x-chunk-cache-v1/chunks/indices-000254027588.z	184547	befdc2fdfb6a4fdfd0be3c1cc76689ed828740ffbdd9683bfddc9c4eb76d85f9
x-chunk-cache-v1/chunks/indices-000254123665.z	182187	1fbe3e1699910896465d9594e19091fff877cd2349189009bfd79b83f3268567
x-chunk-cache-v1/chunks/indices-000254219742.z	183598	e032020130b46cfbdbfdf3a1a617db7628f307acd8f56b6bc9abcafc2772ce40
x-chunk-cache-v1/chunks/indices-000254411896.z	181903	466212299ceb68aca4dfd93b63981e57731a22ca573dad4bd777d88ff507c180
x-chunk-cache-v1/chunks/indices-000254700127.z	183676	0666925ce1c2b9c6c1ef3abd12ec92fbf6f3cf5dd3759ec5eb56715fdcf84d43
x-chunk-cache-v1/chunks/indices-000254796204.z	182620	0684190181d5c21c81de0be43f7aec1f0d4a1bbd7c2aab5254575afdd549a848
x-chunk-cache-v1/chunks/indices-000254892281.z	183588	cf249a85ddb021e6c080df4cf66d8ecd5ad98bd628e25b02582f6ae3174612ca
x-chunk-cache-v1/chunks/indices-000254988358.z	184907	a3bb2596b79fd9f121a08aa4d716f1cf9572175bc17cdfef18b76e0b707028e2
x-chunk-cache-v1/chunks/indices-000255180512.z	185431	bc32fc47c9c5ed79b63cddbdb3984d886e3a569bf924c2648f011011a4ef3efa
x-chunk-cache-v1/chunks/indices-000255276589.z	183283	349bdc8a025a1ae935b0261cbf26dccfb5c75dbb8c12d3d941c982418bf61212
x-chunk-cache-v1/chunks/indices-000255372666.z	181344	c850fdcb00e805f32150494193c96e66c29919a6380820534d9f1a2e55faf7e8
x-chunk-cache-v1/chunks/indices-000255468743.z	183418	0917765b0b721dc0568fe396fbea30268fdebc509fde5b266b3f457a09d77d70
x-chunk-cache-v1/chunks/indices-000255564820.z	182996	43dddb0b041f68f98cfbe249d8acbc4e52c8126143e30b6a513db69f4a7deeb5
x-chunk-cache-v1/chunks/indices-000255660897.z	183102	6c8872329b749fa0cef21796fc4df2954c4a737c1b21a12bffe08c746483fc96
x-chunk-cache-v1/chunks/indices-000255756974.z	182815	93b4140ab3732bfa7d4ddabe601973da9dc8d420ac2564976766547a7c0a0935
x-chunk-cache-v1/chunks/indices-000255949128.z	185222	05affcc91b87551a8cbaad4b3684da1b8860dfdaf165535d37f38b170c42f0c7
x-chunk-cache-v1/chunks/indices-000256045205.z	183542	f6047a305e6b04077eb788e1898e6cbaa6b050833cc8c294617fecba63ec92fb
x-chunk-cache-v1/chunks/indices-000256237359.z	183952	51f6ffce5520902b6a4eed905ac3e5a2e52c56dd7eeb45d82752a485ddc895d3
x-chunk-cache-v1/chunks/indices-000256525590.z	180763	d4ab45a02182a1894cdb190b85188323969a0a01f7c40402b84e426d549be7a0
x-chunk-cache-v1/chunks/indices-000256621667.z	180529	b3a226c1d935c416eb6e457f20812d6d7210e013b8f24bb333dbf5dda736e0d8
x-chunk-cache-v1/chunks/indices-000256813821.z	180983	d213087fb50e959f255da8a62e35330a83d9ea5cdba530d156a415536fb04016
x-chunk-cache-v1/chunks/indices-000256909898.z	182200	06a074bd700ededcb973948d3cbf1723d8f91758729c4e90c2a0f5c1c16ef66d
x-chunk-cache-v1/chunks/indices-000257005975.z	180214	74f81285f4ed2b20b24574a506e27e5d3a36b1adf2ca8aa715bc8e3b1a4fd557
x-chunk-cache-v1/chunks/indices-000257102052.z	179476	211571de3531dc19998f55f7a96cf46963bda4330320ca5ac719f3513319da6a
x-chunk-cache-v1/chunks/indices-000257198129.z	179347	6aa3fe7a504934a122895eae2d68f37a44f47aa2c89ad4c53a1c7fe8386b73a7
x-chunk-cache-v1/chunks/indices-000257294206.z	179183	596ae8e25c4fd6f3efab31c7bd54025378c8a729b65d3be75adb4b4ea67e5152
x-chunk-cache-v1/chunks/indices-000257390283.z	180963	6b6cc64ffb7fc14b8d52f702e6a2113d575b2d82650ef35438bb0ff0c8d15186
x-chunk-cache-v1/chunks/indices-000257486360.z	181046	d8a2d10a7d49b8dc3173daca1e96d6d78d31d2ec48b7d1f2e112b05bfa1ba5a2
x-chunk-cache-v1/chunks/indices-000257582437.z	180205	9c9a73ecf432225b151f8bc476b39462853128c041fc041df9bf27fe36a79f74
x-chunk-cache-v1/chunks/indices-000261329440.z	178796	b8f48d451e83331b55faa9372f93de6e89297cd589dc8c40d51ae2f43048155a
x-chunk-cache-v1/chunks/indices-000261425517.z	184773	9b9712deb2a8f2b82d89c212e6034b3fc54978c04b232259d72c9ea92abc3406
x-chunk-cache-v1/chunks/indices-000261617671.z	183752	0b1189de6aa75be204cab7920d11d5322f7748cddb481423d55efd0cb0db342b
x-chunk-cache-v1/chunks/indices-000261713748.z	185556	4eaa69be94c3b31ab04575fb043b12da7691a3520a1d6cbabf67242b7e8c6af6
x-chunk-cache-v1/chunks/indices-000261809825.z	184621	b1de68b634732b58ea295676df460acd01d8cdaf193fc6a358798c92d5bddf0e
x-chunk-cache-v1/chunks/indices-000261905902.z	183780	04f5c574309d9d1bd8a5d2af933439a879276098894abfcfddb5e7b81c9aaed0
x-chunk-cache-v1/chunks/indices-000264019596.z	178693	94a5a0d864268b05976baf8813d0c9195cfee8784d51b36e54896e9ae7892277
x-chunk-cache-v1/chunks/indices-000264115673.z	184863	c45cc36c1d3e21401d80fe45421d0862e7df89bb0a2436b8bca24e874e66c948
x-chunk-cache-v1/chunks/indices-000264211750.z	185926	87444d3ce1d8a2074e446cd69beea2cb4d02f2e725ca99a57e5e2c506a791503
x-chunk-cache-v1/chunks/indices-000264307827.z	182865	d9672e0771e41de49eaa910a051902d6e726367e28a512ccb386754878c7856d
x-chunk-cache-v1/chunks/indices-000264403904.z	184471	00f0bee53175d9866b6894eb99cdfe800d4c21f3453a7e76ede43d0b59d8d0fb
x-chunk-cache-v1/chunks/indices-000264499981.z	186287	4ab19a1f6681fda166ed291c3343a9015056651bb0342253e140f8d01a6ce9b3
x-chunk-cache-v1/chunks/indices-000264596058.z	186897	3ed73017a4f957242617c52077a9bc64bd51be80ebedec163d332db0971e6b57
x-chunk-cache-v1/chunks/indices-000264692135.z	186194	a0d6ce46de152a4f6baf00a436ce9803c5ee612d58c6e2204cd555cff633e13c
x-chunk-cache-v1/chunks/indices-000264788212.z	182726	dc21d76bdd6ffc78dec8938af11a71ff6a94be84779bdcd9dc08aeab6e867cc5
x-chunk-cache-v1/chunks/indices-000264884289.z	183338	5c5d4ae120cbdf668a752a1f38463c81bd5570d5cf7a641ca9c9030b01674f4c
x-chunk-cache-v1/chunks/indices-000264980366.z	182982	62bce81294b3466658a4caf20b6928098d8ebe4b428c791f0cedd9245b3ab052
x-chunk-cache-v1/chunks/indices-000265076443.z	183847	9ec5d9d071d5695a1f26aae878bdf7281dd9c88e602d63dccf8a49e76d1f2d72
x-chunk-cache-v1/chunks/indices-000265172520.z	180197	3f0f59b38d5dced578bfc09e804bf296ca2239f774e5bc02ef9964eb69c60444
x-chunk-cache-v1/chunks/indices-000265268597.z	179552	a38308d7fef4e66e39fe0ff429fd2308da43f40dde7475bea7c8985204f0f400
x-chunk-cache-v1/chunks/indices-000265364674.z	184454	3e4054fb60cf0d91442b097a59b33d1f36d721ecfd66451c8b2db30e92b2f5e0
x-chunk-cache-v1/chunks/indices-000265460751.z	187954	aab7a03f605034f0cd18a399630688b6dc5e2deda877ca347c251cb28da16500
x-chunk-cache-v1/chunks/indices-000265556828.z	189177	77638c6398d44bb65c22db2c6bab20df2b209006e4c875cd25e091348d94705e
x-chunk-cache-v1/chunks/indices-000265652905.z	187383	0641ca7640b24e158db94711730f3cdc0a4c7ac4643279067b5d149a4806282d
x-chunk-cache-v1/chunks/indices-000265748982.z	188401	4a3d296be3af405429e626f441343633b9ea7ec607c0483da603cbc81fc09f53
x-chunk-cache-v1/chunks/indices-000265845059.z	182684	8f43c4f2d0a8f93ee6ac121531fb0c2bb5c4d5f280840fecc75bfc8cfb6b9806
x-chunk-cache-v1/chunks/indices-000265941136.z	183597	055b3d5cd0512d158a7d3b4667543037c3b96f92e5e9d23ec82babd4186e11f9
x-chunk-cache-v1/chunks/indices-000266037213.z	183381	28b3a9ebb92a41c7edd58513e638112025f7399d1be33b3d811ebea5b39da3dc
x-chunk-cache-v1/chunks/indices-000266133290.z	182604	79b926df2571b4a97abeb893f1472db544b03439398fabd89b2544532f366e25
x-chunk-cache-v1/chunks/indices-000266229367.z	189190	1c8ef2b51e032b94b41ba12cb0dbddbbd9c88932e65221d29f8b60e61c1a5096
x-chunk-cache-v1/chunks/indices-000266325444.z	187210	af1f8a6a37a3cf085e572d50a111c1c96678a6fd934b9c8293b98507f305e08d
x-chunk-cache-v1/chunks/indices-000266421521.z	187369	734b7decbeda9b09511f692409c6af3fd1dc793d19d64b2ec87e0014feeec191
x-chunk-cache-v1/chunks/indices-000266517598.z	186081	fbc642e1056eca6051ac35ed847312902af913073a0b2ba520eb05e9f361ac4f
x-chunk-cache-v1/chunks/indices-000266613675.z	186560	1733a1af5625c5c96b4a0f7cf8a0ec3daf4f53cfe74f3ed3ffaf3931b53beb4e
x-chunk-cache-v1/chunks/indices-000266709752.z	184838	63249dc23e2efa1cf9f2b57fc121d87370ad5058d002f274cda31dfe72fde17f
x-chunk-cache-v1/chunks/indices-000266805829.z	183216	d001ecfc677bab8496501e2a108ab30767f2980fec8f3b16984b433670660597
x-chunk-cache-v1/chunks/indices-000266901906.z	182401	1dd983ead3e69cb3e342bf8ee7c5e487a975042c8e327bdd3bb3f8fbc1402606
x-chunk-cache-v1/chunks/indices-000266997983.z	182199	05ac3fc4187bb81125c39d37f988369fff597494b661db22844f37ee013ab28b
x-chunk-cache-v1/chunks/indices-000267094060.z	185135	37103ca3ce5889d06ee8e76749d9b8e3e25a1eaa1fa9f3e38a3718027672b7f9
x-chunk-cache-v1/chunks/indices-000267190137.z	187208	44127bcf12cdf51d8dd3d5cb69b3adbb3510eab9c2992c360d6cd47dff2f14cb
x-chunk-cache-v1/chunks/indices-000267286214.z	185943	f6139885b9901a5991bff1a342e3b058049f025f59954ee9019944b531b40091
x-chunk-cache-v1/chunks/indices-000267382291.z	185992	8019b01395ff2110939546577a9b7f281e8f005b8ddddfd67c104bdb6e3cef31
x-chunk-cache-v1/chunks/indices-000267478368.z	186865	b9d780df69404bc28aa0a14ebd3c2b674d4ee1c59de0e523ee662f24fc49ca00
x-chunk-cache-v1/chunks/indices-000267574445.z	186533	91e5e0fde7d23984d5587f17ce6885b8e51f1c1c7b1912ed013876e4f0128c9d
x-chunk-cache-v1/chunks/indices-000267670522.z	186409	5e7dda5312e7ab3c9ee2d690680abab0b998abb0914b2b9c7a25ee3f1edbd7f1
x-chunk-cache-v1/chunks/indices-000267766599.z	186108	7c87999f3259a6083cc001a00c4f94f8be6ae130562451645515b069189c81f8
x-chunk-cache-v1/chunks/indices-000267862676.z	186456	a8705f281a8abfcd3a2718ee37f09ba1be1ed05ef2cb8e19527f47a90401db0a
x-chunk-cache-v1/chunks/indices-000267958753.z	186586	ec3c016f2fec7b9c4c312ba7ee220ca0be7e8798ec38035a77b84c80ec3b9142
x-chunk-cache-v1/chunks/indices-000268054830.z	186224	2eecf800f51728f1635583b5b613be672ddb673d8f1419fb8580bf87e068613a
x-chunk-cache-v1/chunks/indices-000268150907.z	186279	48f24755c0b405994da79a021d79264426514c0104bbeeaad5f9f18c3e3fa9c2
x-chunk-cache-v1/chunks/indices-000268246984.z	184953	c41e64b7269efc7b906c4c9413f29477bccdedf26013e2bbdf59be3bcaa387da
x-chunk-cache-v1/chunks/indices-000268343061.z	183430	2e48b8d1d5f829f57d2efc5dfebcfa35bd3b9c18169d35e366f8f303a810fd11
x-chunk-cache-v1/chunks/indices-000268439138.z	184993	87cde5f78a8b67254cdbf43071e95661a78bddbafe4ebe7a3940f5a9d3c365f0
x-chunk-cache-v1/chunks/indices-000268535215.z	186007	44cdec581109f0dccc65a6423009eb243d40c7c069b0aaf29d1e521a4c88c048
x-chunk-cache-v1/chunks/indices-000268631292.z	187172	0e23b2696655d306be12e7d4a22a768d61a74bbc066bd3a711c4a4fdbca6e2ea
x-chunk-cache-v1/chunks/indices-000268727369.z	187784	5a0bf131c93440a27a8b9d609a04a4315a6fe59ad313591c8651e26750e99ec1
x-chunk-cache-v1/chunks/indices-000268823446.z	186081	9495679423503b8bfab2d4a3f28939708560d8c29666ad24e5f5d7c0bbf73b36
x-chunk-cache-v1/chunks/indices-000268919523.z	182275	171ae22077b18fda54788d5b7e8e94a348e2efacbc27ef87cbd35328027b5331
x-chunk-cache-v1/chunks/indices-000269015600.z	181880	867926e7e9df16482c46eddc0502ea24e8a8fd5a6bf2638a84164fdf432a1424
x-chunk-cache-v1/chunks/indices-000269111677.z	180995	ef0835bc98c9a3ddfcd785cb34d84b36ef63174932cbf2cde256b1f09424f89c
x-chunk-cache-v1/chunks/indices-000269207754.z	182272	643c8a4897f91d7a6bdeb10e81f05456b4bc60ec6e3fafa1f60f6571c9116ae0
x-chunk-cache-v1/chunks/indices-000269303831.z	182950	6f3d017810b85e9807bed8768a2ecf4b8250fca1ae5d706fa386ccd4a9578091
x-chunk-cache-v1/chunks/indices-000269399908.z	182910	3d93c70f0477328953ed4b64fe80b0d76ec0bc2cfcf3a835eae103fe4452dc10
x-chunk-cache-v1/chunks/indices-000269495985.z	180660	5cd585d7118f7b61344e309eb9162e24cc2b7f02e19d68800295256013d54ad8
x-chunk-cache-v1/chunks/indices-000269592062.z	177942	699acd41341a0053a81521fc636aa8f663f0009913f1d23b2c3e40c1bd22beb1
x-chunk-cache-v1/chunks/indices-000269688139.z	181202	cb47cd030a6f80b5851870c481b09de046a61ea212c92c441e5a2be28b8d51bc
x-chunk-cache-v1/chunks/indices-000269784216.z	179668	1e3e90445e3ec13d98819ede1b489b1a3f5281e8b6e3d07a52ed3f081420608c
x-chunk-cache-v1/chunks/indices-000269880293.z	185411	56142983416849949b432050c0ca0631c4a4987981bb2ab40fa925eed0498fbd
x-chunk-cache-v1/chunks/indices-000269976370.z	185202	452fbbff1e531eb11e608d5019c3acb1613fc098095e633fac5eccd3c30f6a8e
x-chunk-cache-v1/chunks/indices-000270072447.z	182513	8edc4ab67920d6b5c944b6c49ba7c8c4e8a660f1a6d59526b90c80203a364427
x-chunk-cache-v1/chunks/indices-000270168524.z	180840	6a6f26b2ac39d1f95d80dbfa9dab239be0dff02f9c8835b7d6e90050f23df4f9
x-chunk-cache-v1/chunks/indices-000270264601.z	183127	d25d359c4a54c8266a4cc0b43a72715555d3f3b2d67c879b1c3b6a6ab70f1d4a
x-chunk-cache-v1/chunks/indices-000270360678.z	185515	2837a42a126d0e6eb99666e9466682d5f00a6ef7ca7236d212572f4499884d79
x-chunk-cache-v1/chunks/indices-000270456755.z	184477	56d7a127b4b7bce23e35a94c138574ea6e3eacf3ddba6a668c11a5227e66ee88
x-chunk-cache-v1/chunks/indices-000270552832.z	183414	f0d13b75c41d5f36f9f1d3dc6f5b0ad9c36fc07c1ab65b3ba34a3893bea7eea0
x-chunk-cache-v1/chunks/indices-000270648909.z	183664	ecf64cb5313f79478c31af8b701e554fa7cf47c783a5df5f27243a9206adf612
x-chunk-cache-v1/chunks/indices-000270744986.z	185300	b91f89b20c41ed034279a96dc84942ef3e51967d37f4ad91fd40ec3abcb926fa
x-chunk-cache-v1/chunks/indices-000270841063.z	184365	80ce1b438af035c363271f9472d2c858ac41343599c7c3ae96b25f85fd5d024e
x-chunk-cache-v1/chunks/indices-000270937140.z	184551	e090359f57041372690aa0c02801ff16b53b43dfc39c45a1d484c10444f2f031
x-chunk-cache-v1/chunks/indices-000271033217.z	184844	8a05d8e95d7db6e64db70d32c08bcad36f8fe721a4f5ec2d5cbb7a70bac78ae8
x-chunk-cache-v1/chunks/indices-000271129294.z	183494	3e7f02e2bc460a98a12f885df6f0268a82a4736c2b6a449563bff753cd91ac37
x-chunk-cache-v1/chunks/indices-000271225371.z	184334	51adf69899fc0213ca08862be442a983ff7645c7cb86894e0b5fbd7d82b66524
x-chunk-cache-v1/chunks/indices-000271321448.z	184215	717ea217b68bc0d18ed12bd71ead61b39a9b8f904b62f3a181539f2c5bee52fd
x-chunk-cache-v1/chunks/indices-000271417525.z	183089	a5a5222a40aa821267de60cb2a5ad2f65a9e1faefb4b1eb3350778c4b0dce288
x-chunk-cache-v1/chunks/indices-000271897910.z	180779	fa6ae98f8312f403a6843eaeb4b4f06b63058b3883ddd0302bd2d8db3d00688d
x-chunk-cache-v1/chunks/indices-000271993987.z	183632	5f23e3b276aed6f5614f712b8761d539eee36d7ccb76df5b7dca308f27c37b05
x-chunk-cache-v1/chunks/indices-000272090064.z	180488	7bdafc542eecf6ecb1b3602be328918d957ea486b5e73eb9c2bc69080bca6a80
x-chunk-cache-v1/chunks/indices-000272186141.z	181196	e447e49ec01a02bbc6ac026f54c7b2e7072635b20120d33a6083a39e4e733d31
x-chunk-cache-v1/chunks/indices-000272282218.z	179084	bf92425ed95ec5c7fe15e6218961a64495fd1fb956b9a725bd5134b010371fa7
x-chunk-cache-v1/chunks/indices-000272378295.z	179120	824435375ce7cb02d3a7c7b350988146789324ce018ee109e5f47624c4e3f467
x-chunk-cache-v1/chunks/indices-000272474372.z	178740	8e3e428a2d18334c8e380e63284cb9a267a612d8ed310a3e3fcf988664ba9b45
x-chunk-cache-v1/chunks/indices-000272954757.z	182254	7b3232c43e335d253db0663c47c50fbdca3c316c758e66acc80a9cebd38bb93d
x-chunk-cache-v1/chunks/indices-000273050834.z	186246	438b0e5f9e1dd7c54d5cf1a21034ee850a701c390b4032bdbbaa17f6fe49ee47
x-chunk-cache-v1/chunks/indices-000273146911.z	186324	fb4b51f1e5e912b90b73e14e35aab1b1efce8808a5408f2a9bef0869ec0e5450
x-chunk-cache-v1/chunks/indices-000273242988.z	185343	c54ecbf4d8c49f6a24fdf79ccf05d11ff14b0a5ad497a51af950f9328123a7f9
x-chunk-cache-v1/chunks/indices-000273339065.z	186706	1aab24edea023a685c3a46ac51c253e62f46b378e62f434ae69a8e5370340b02
x-chunk-cache-v1/chunks/indices-000273435142.z	182482	57c68a17054cd86eaf83a6ad772403bd2e1ec1978fef174b6a9e31fee3498e1a
x-chunk-cache-v1/chunks/indices-000273531219.z	181056	f4a883c226c655c4aaec942bfab485405d0bb5e5656de1baa8c59f486a25b010
x-chunk-cache-v1/chunks/indices-000273627296.z	182163	bf852b442c106f72f1389d29835a041ea7010172787a2f3d2c44ef98dd6ebf10
x-chunk-cache-v1/chunks/indices-000273723373.z	185118	f1c2425eac3d127c929f93338e21148f56555eeb13d6f23f1ddc6921fd1067ae
x-chunk-cache-v1/chunks/indices-000273819450.z	182160	a88d0601cea7c5d24570fdbc602cdd71f89e28baf40d60be83af43a85cf426e0
x-chunk-cache-v1/chunks/indices-000273915527.z	180715	526af4d16f1704e395e395ee3d5e0902ddb1b26d285c3ad4b5edd1472cdc1d3a
x-chunk-cache-v1/chunks/indices-000274011604.z	184621	6a8a2193593cc4e8ce8dbd002f8990f1bf2a3de6e9515aaf03a79a3532ba8646
x-chunk-cache-v1/chunks/indices-000274107681.z	184616	1cf5dbb7ea379e73dd1da83cfeb05f9aca941afe0ae8004f5200495d8cb8aab3
x-chunk-cache-v1/chunks/indices-000274203758.z	182761	bf15718d69029188256f668201b5899528c572af8e48631d35f7fef4fe1c9c56
x-chunk-cache-v1/chunks/indices-000274299835.z	183913	3c70c3a24c993c04dc8b724f9acd80ddb7346ce639c07864491b810934b1f21d
x-chunk-cache-v1/chunks/indices-000274395912.z	182174	2bd54a9e2e084a73e6f15e3329ef569604189397ef29e12a9b86efa018db512a
x-chunk-cache-v1/chunks/indices-000274491989.z	181018	59a62767bd827de1d1b28a932902e9091db43194eb11d3c9a35f98a719ea1ce5
x-chunk-cache-v1/chunks/indices-000274588066.z	181289	55227af4f5352c675292ff932f097994a5c40614fe9a6702fafe39f5b4897a24
x-chunk-cache-v1/chunks/indices-000274684143.z	181255	6e52f39b0644e017e14c05217b0d2de1d1447675792e1cd919de29f32b5c74cd
x-chunk-cache-v1/chunks/indices-000274876297.z	183609	495a12a0af04d0ce4da47313db538bf8321ac0082b7b37cc73e046b684f066f2
x-chunk-cache-v1/chunks/indices-000274972374.z	183406	aea34c8c047abebb18eff22aa83ab8dd5acfb68b369982eda03fdd9860a52abe
x-chunk-cache-v1/chunks/indices-000275068451.z	183641	96c9cbde724e050e398917a96e568b1d48023a68e9bcee8aba775c1a01ea0069
x-chunk-cache-v1/chunks/indices-000275164528.z	181112	ce00a769272f70f65582d5a6f40bf9e980c76fe4924797b70004951c460e8e76
x-chunk-cache-v1/chunks/indices-000275452759.z	182708	a64b864f99ec0bdff3358db17b6b2a307a9599578c29104682ba0418e102c4f2
x-chunk-cache-v1/chunks/indices-000275548836.z	180392	c89d9c0721df1c7357ebe0bd45c436a63e047d88d8d832cdb261b16822091bb8
x-chunk-cache-v1/chunks/indices-000275644913.z	183846	0a76a79855891ecb8645b43472a3a42a8f83bce6cbe5b8bea43687dd4b031ec0
x-chunk-cache-v1/chunks/indices-000275740990.z	184086	a4c54403e7345855261a8ebc6f8030d6589eeb3ced44981410effbbec1fb32b9
x-chunk-cache-v1/chunks/indices-000275837067.z	182628	ea2a4bd4dc497a28c3cf1c80928b0cff73e47d75db23598c135574edc2df468b
x-chunk-cache-v1/chunks/indices-000275933144.z	182830	e5d08c117faeb164f859d5fe83eaf70dd3f4f7fdef60f50af421983bd8fc45cf
x-chunk-cache-v1/chunks/indices-000276029221.z	181780	662d5791061c2caa2f86687d74662bda7e857d28e6fae9341b5c63b859a8d523
x-chunk-cache-v1/chunks/indices-000276221375.z	180513	247f553137ba7a4957f674ac28409e73fb847f8cda288c816200bb60a28442ae
x-chunk-cache-v1/chunks/indices-000276413529.z	181588	282d04410d9d781690997a832f20d11139b17081d5fe501296980a97fffd0a93
x-chunk-cache-v1/chunks/indices-000276605683.z	180934	6617bd7ccb4ed26a89af15a3e1c7e40edafbbbd6e3ff3bbab522e5b52907226a
x-chunk-cache-v1/chunks/indices-000276701760.z	180326	54685be06466fea4094e5ddd60dfbfaa881c9200d5df17e0dce0ffcbb83d2db2
x-chunk-cache-v1/chunks/indices-000276797837.z	176937	42d56dc449d9adcad02066861f1a67696d328289d8e13b7f6dbe29c4fc5b0c8b
x-chunk-cache-v1/chunks/indices-000276893914.z	181725	3f15a758463162305f875d396d1ad35426b229f43bbdb631c7276c4914fb6941
x-chunk-cache-v1/chunks/indices-000277086068.z	180850	3931d2f02adc553c2549bb8b7904fa7a8c57c2b9db5738c8ff1f3d31c860b73c
x-chunk-cache-v1/chunks/indices-000277374299.z	180920	c673a74dcf614bfa50c7b44e7506c86f5a920c8c06c49941b2ed1b77c1c2c490
x-chunk-cache-v1/chunks/indices-000277470376.z	182184	0f3a475c9cfc3a57a6f284e5d291367093a7bff2953dee0367c1ec8867f6fc0b
x-chunk-cache-v1/chunks/indices-000277566453.z	181377	0e9dafe00ba7dea24193653267cfb129ee5d5c4f324f747105897436c7c19abc
x-chunk-cache-v1/chunks/indices-000277662530.z	182119	7f5d8e2140ebc531a9304a77a0d2d69f13635761b989e92b7ba8533a4abcd9a3
x-chunk-cache-v1/chunks/indices-000277854684.z	180155	cc2624f43bd2776cfa6d27263ee7983651443f625931863491dbfc7f1b10a5a2
x-chunk-cache-v1/chunks/indices-000277950761.z	175552	446ee6720f47e49262f9d2199be12c66bfc009a0de765d75b73304b90e2db350
x-chunk-cache-v1/chunks/indices-000278046838.z	181543	54c57190adfb7383a67eb557cfb712113c05b5488da2158737915d4f6ce14f95
x-chunk-cache-v1/chunks/indices-000278431146.z	186159	79a7ee5a822d377f481ea29bbbfd0f110bea02bca78c83b54a74c800ad73b696
x-chunk-cache-v1/chunks/indices-000278527223.z	186480	3a150605fa90dc74e91ecdb7512597b5d047e73606fb8d1f34e4f4805f1b10de
x-chunk-cache-v1/chunks/indices-000278815454.z	183110	dddc73bc28deab89c31d349a842c64bd1712ccc36a60bd4f0c29c0b048445934
x-chunk-cache-v1/chunks/indices-000278911531.z	185531	49a062eb3a3b87766f6b612312dfd311f16aa9aa9abeb0e2cfb0c9a2327fa1cb
x-chunk-cache-v1/chunks/indices-000279007608.z	185169	8157f10be2eec9b04c2a75d6168c334cfd3bd7e69d41592718c2ed8b2bdd5780
x-chunk-cache-v1/chunks/indices-000279295839.z	180621	a1426273b9bdf97eccf303dea955e99fc1c2575ebc457f852f4b3992fa0183bf
x-chunk-cache-v1/chunks/indices-000279391916.z	178224	5da3a6a0a7c8352a9f4dee747bab797a1c56ca2645133ffe37d9dfb10db9a870
x-chunk-cache-v1/chunks/indices-000279487993.z	176515	5c0bd299635f12b9df16372a2cb5b4c1e4dff0dc5371fdf889e2eb36c7942ded
x-chunk-cache-v1/chunks/indices-000279584070.z	176396	02908cb2272a7d9902d73bce29af7b43d3b2bc177f4e9d9c16490c64689aead8
x-chunk-cache-v1/chunks/indices-000279680147.z	177337	18045841c308fe41852eb2c1b6620b6a6135e71680d8cb1dbbeebb0ae91d6cda
x-chunk-cache-v1/chunks/indices-000279776224.z	176599	4dbf4a8bf7fbb4eb87e57272d69da813dceb151f1888e4e4d130ff7e64a548d3
x-chunk-cache-v1/chunks/indices-000279872301.z	174705	b652fce269f5b57f7fc951942f6077868e88070a68431a907bc4ef10f242c0a2
x-chunk-cache-v1/chunks/indices-000280064455.z	175719	2ef29c7144165dad2ee7058837fe56ff9bb4179006375367d5f809f5ad2bed02
x-chunk-cache-v1/chunks/indices-000280256609.z	176549	e332079d09159de88abc8536f714af5e47ca445a977451160cb05ebec0a087ee
x-chunk-cache-v1/chunks/indices-000280352686.z	175876	1f0a28508e5598721e541067c8df46e18b6fe37c4dfe66e4bb6cbdd56be69341
x-chunk-cache-v1/chunks/indices-000280448763.z	177097	c7b10a99f8ac0511c8fd1aecab450467ba7d9cd75be22bcdcdfba67587801ff3
x-chunk-cache-v1/chunks/indices-000280544840.z	180343	dc987fda4da93cc2ac289e6c6b7f2bde7d4d2f995ea6d5b697cdfd0fc39392fd
x-chunk-cache-v1/chunks/indices-000280640917.z	177645	5679e3c825078be249aa94944da3360e94507f2d509a510362ec187236ec73b1
x-chunk-cache-v1/chunks/indices-000280736994.z	176012	7278a6dc14c112a8bb6f5af598d7af08b0ddefe251cc01dbf02e3a086fcda7d0
x-chunk-cache-v1/chunks/indices-000280833071.z	175514	0fbfa43ff7f3292e26abee744a9c980491de81252bd33ebb270a00f78ee78975
x-chunk-cache-v1/chunks/indices-000280929148.z	176334	b8fda04d177587a1712e4049627f0557b6bd42ee60cdd3e8b737cfa491157dcc
x-chunk-cache-v1/chunks/indices-000281025225.z	179003	c4d490f322c5b528ae46769e25694c4f1e2084bd0b8042f7947f843c4812e0b7
x-chunk-cache-v1/chunks/indices-000281121302.z	181543	bf963f476193bb131bd1d46d34b6645a09e1e8a9bf91c745bcc7dd22f7f730c4
x-chunk-cache-v1/chunks/indices-000281409533.z	183981	cf9d0af24edf27f50574621041d4ae163492e6e7b8788809c701e9d1dc477dde
x-chunk-cache-v1/chunks/indices-000281505610.z	183260	2a513075e87b1c698bdd1e7e62fce8c521732813de89c71e9efbaee24033ae50
x-chunk-cache-v1/chunks/indices-000281601687.z	182889	12b5502f05e3b02510c3048ebf6040b2254c819e61176006cb746901e394c9aa
x-chunk-cache-v1/chunks/indices-000282274226.z	181890	b4bdbdf7f8d789e1294810544c5447c3a90448cc4bf2a9162162a59f2b70eee0
x-chunk-cache-v1/chunks/indices-000282370303.z	180897	45728c6dc7fbc9306985a9f08bcb3c8194886f8539f260d964b2586121bdfc5e
x-chunk-cache-v1/chunks/indices-000282466380.z	181782	d1f7d79c6744bb356be0464d7bddddcdeb9efc7ed4eccc49f459c625458554c7
x-chunk-cache-v1/chunks/indices-000282562457.z	181628	6ea1b537a0464928ce66894c5197a4a5ea8f7dbe2e69b8c19d25efe418158f4d
x-chunk-cache-v1/chunks/indices-000282658534.z	181661	62f7604b50bd092d6f719716798e78f2ab4e5f64127379a8b8dc2040f4c36577
x-chunk-cache-v1/chunks/indices-000282946765.z	180757	a8ed9db902c7db1512574e3f96147b4805d62bd4e5d71a291bcdbe26c38dbf59
x-chunk-cache-v1/chunks/indices-000283042842.z	180021	50a9ae5a48a4e063eca92411f12b4183b4fb8c4a819f119860a116f0c999a3c7
x-chunk-cache-v1/chunks/indices-000288711385.z	180052	9bd59d6b79cff182e48ddca0c54be6c5224671d1e7a197f52277318bf8d9c0fb
x-chunk-cache-v1/chunks/indices-000288999616.z	183759	047a77fda1ac6dcf21fc483a7d6bca8e6d0373c9e6bd69238b6e7a24b4434740
x-chunk-cache-v1/chunks/indices-000293611312.z	181047	b3f10b30253c4ca647e1e17edee5c003f7624c8d3cabfcbabb4872239ec46afd
x-chunk-cache-v1/chunks/indices-000295148544.z	181605	14f1ae14a567dad0c6d974aeb51a463ebc24ab7fef1404642652d50c73ffb62f
x-chunk-cache-v1/chunks/indices-000295244621.z	183097	d3f3a7d5bedca48f46c73992351eede42937c9f6adf701a7f11a5da9658dd5c4
x-chunk-cache-v1/chunks/indices-000295340698.z	183664	1304554ef24b7c74deca66c8f9dbe5ca2a85f33a72e35a41ba125ecd873deac2
x-chunk-cache-v1/chunks/indices-000295436775.z	183668	86f54c39c4c416e28be4f6044c241db1d71a8c8edf59cb896e2852fa6dfbb047
x-chunk-cache-v1/chunks/indices-000295917160.z	180934	55accc628cd1cfc116a9b43c76dcc034767694255a4be1ff35c7cd47a9b8cb1a
x-chunk-cache-v1/chunks/indices-000296013237.z	181623	c8eb15d3ee118161057c35aafabcf2599b2669ff3bd77363ba8bfb93dd2a26d3
x-chunk-cache-v1/chunks/indices-000296109314.z	176661	ba0f81712b4919b6329c64359929dae5de872754e6268b177f1e3ede039322bf
x-chunk-cache-v1/chunks/indices-000296205391.z	177973	5da6cde74ee50f62b0cf9fb785abe9d22c01a4e4725c185b744b0ca8357f3369
x-chunk-cache-v1/chunks/indices-000296301468.z	178776	ba5eff5421d8e98e25964935ff6272b8fed589136f911a0f43ae53222b56d8d6
x-chunk-cache-v1/chunks/indices-000296493622.z	176127	628ec362616464bc239a06869ea1d06b1fa367c6ee609e6032022913c202f7fb
x-chunk-cache-v1/chunks/indices-000296685776.z	177375	fcfd4f99b15ca15d1219c50933baf7c7d940f072cef480ed49cd355a20eed7a3
x-chunk-cache-v1/chunks/indices-000296781853.z	178270	7cfb67ac7070c8559a325c98fe1cb0de7c812ff23f13b891925e8e35177425a3
x-chunk-cache-v1/chunks/indices-000296877930.z	177039	8b8add9a8437f50fc580651d1b5efc8439fd09717b1961a34259fd0f34295a15
x-chunk-cache-v1/chunks/indices-000298607316.z	181228	63ff7871423c249a333fc2bf9fef057ba76b121763d5b854ede4f5fb67019db8
x-chunk-cache-v1/chunks/indices-000298703393.z	183276	c8f1bc93bf1e3ca40d76b724fc21640a26fc559198bc875c072d652062529257
x-chunk-cache-v1/chunks/indices-000298799470.z	180013	a536ed39a5c460c357d4640273737501ca0cf9b1d06eaf5fbc6900517344e597
x-chunk-cache-v1/chunks/indices-000298895547.z	181085	81ed88ccde126911a22499b1a5f7f4438842d9ef98c03c9275d6e6cd3a21b924
x-chunk-cache-v1/chunks/indices-000298991624.z	178516	ce8059e65c2b1a3d847e6dc5ac2e231865abe8e94b04c647f366e070e503ed28
x-chunk-cache-v1/chunks/indices-000299472009.z	185645	c368bb14dc278d50442bd747af566b1fb989d246580157e25e349d087d494358
x-chunk-cache-v1/chunks/indices-000299568086.z	185824	0fcc995209c605288160564202a024ef33d5d6ba8fe2f376bdba2338b332c5ad
x-chunk-cache-v1/chunks/indices-000299664163.z	184478	cd1bcc862eff17dfa8d7d70d8f1db6dba7857cb17432b89faa1e3cc8c7936285
x-chunk-cache-v1/chunks/indices-000299760240.z	184866	7b2378aa9c7c75757ddda5070a6c726e0cf32856051963b4d50bf9d5bed88ef7
x-chunk-cache-v1/chunks/indices-000299856317.z	184892	7fb5c24a91b19351a5ac1179f80668737f2503e43d40029953718806beb4c35e
x-chunk-cache-v1/chunks/indices-000299952394.z	187427	a4a0ca37e5c0fd6649bb63b61bb68a316d683e3a4fd4ac5a197d0facf92a0226
x-chunk-cache-v1/chunks/indices-000300048471.z	187508	2c61dcd017ff3ed73adf20a78bf820263bfd3a9cfecd7d0ec006c8eae1a4971b
x-chunk-cache-v1/chunks/indices-000300144548.z	184901	5938ee5d6cce95d6edd2dafeb8e812d054b8f8f631fc842dc02263103ad2e58b
x-chunk-cache-v1/chunks/indices-000300240625.z	183243	308bfc08c2f6de5c8001d8ced3e62afe0f7d2837f79b2c79e8595085072742af
x-chunk-cache-v1/chunks/indices-000300336702.z	184896	507813f611431207bf9879126bd736a2ffe5c47160c627cde535bc0203c9d020
x-chunk-cache-v1/chunks/indices-000300432779.z	185909	d75746046b90528cb64414b8417bd07736ef633b282d9a4df6b3d5e23ac96e79
x-chunk-cache-v1/chunks/indices-000300528856.z	184489	49ba6c49e1da23878e52f071f8b736aac3fd7690d33dbc4e28e738f54188ab54
x-chunk-cache-v1/chunks/indices-000300624933.z	182636	714903d6810fa9ab37e83dc0cf6fd391e9fef384e7c5b0c6720c3a25c02297d9
x-chunk-cache-v1/chunks/indices-000300913164.z	180431	c1b82d1d976ebc2ab72d4cc82b3008906cebfb3e434899799cee1ac2238cac23
x-chunk-cache-v1/chunks/indices-000301009241.z	182426	f43a48555dc8d4611bf7b6b03cbd5960f2387f8b1de4c7bd86c9d41b4ccc7af8
x-chunk-cache-v1/chunks/indices-000303411166.z	178756	0ae93aeb6aaa0a7ec1abadb255dcb9a6855aebad77152a33508db12a7825e41f
x-chunk-cache-v1/chunks/indices-000303507243.z	181108	95acef9fbb14573be51e6b9dafacc35b41941f74bf220d61c637eb40150994ad
x-chunk-cache-v1/chunks/indices-000303603320.z	180688	8b60dd5d33184c6bd450749267dd69bf85b009e4c4ae039876b870d302b11c9c
x-chunk-cache-v1/chunks/indices-000303987628.z	180337	017896920b762e2254529405e788f280cc62d8bf04e731fc586aa6c80e8eba43
x-chunk-cache-v1/chunks/indices-000307734631.z	178398	0023fa3e9c832327e9475aace0f4f00e0fa2981fc047bad7e4149bcf28db779f
x-chunk-cache-v1/chunks/indices-000307926785.z	180738	3f9cdbd56c69df7747bf2fd4cdaa3bd44747ac277ce10098397a29854bd1a0bd
x-chunk-cache-v1/chunks/indices-000308022862.z	178809	d33b383ec01921839c59bd9afc95964f0a210828b73a4ac3ea9ab972d140200e
x-chunk-cache-v1/chunks/indices-000308215016.z	180126	ff9c09f0c52a3df5500466128108c7b12644842fc7cebf07c645f66bd1bc4679
x-chunk-cache-v1/chunks/indices-000308407170.z	180087	12a4d2a9c5f3e2a3fdd9405e8b957a4bcbce188cd67796d13bb31bc50b67aa71
x-chunk-cache-v1/chunks/indices-000328967648.z	176165	2424f25f78b790da9fcfbf629ae2174792145f3d4beaa1d825bf1640366e2918
x-chunk-cache-v1/chunks/indices-000329063725.z	174098	654cdb28a472335bc83915ce4f9bf6fff2281b4224588deaa4594684515889c9
x-chunk-cache-v1/chunks/indices-000329351956.z	174886	5f3e65eeb8261da562f40a3679f9b456de1c1968c7302a1e92d9c23e17f0cea3
x-chunk-cache-v1/chunks/indices-000339440041.z	175678	a416662d141a8082f043953115ded1aea8fe6eb4881ca1a8c74214cd25a43d57
x-chunk-cache-v1/chunks/indices-000339632195.z	175975	9ca5ef506a50f81a9a3bf4a455a58640e8ab4f942c5b5f3247510f9c3af20943
x-chunk-cache-v1/chunks/indices-000339728272.z	176139	74f7c23ab678d28cf50f1d17601d29012dfec4bed3bce7a614ab6f5747f4ac4b
x-chunk-cache-v1/chunks/indices-000348375202.z	178798	5e12b69d899662d87841973c947b2bea706036b710a37c14db659a459f5c9169
x-chunk-cache-v1/chunks/indices-000355965285.z	182728	f27d8067d6b4c8230d68ae8f5b840c76bec01bac52253548d001e14475b36356
x-chunk-cache-v1/chunks/indices-000356157439.z	185285	b823951763e2e8b8a7adbd1d1c568d59fbf8587662463283d10f2cb6ef77ff36
x-chunk-cache-v1/chunks/indices-000357790748.z	184300	3d1ad8028aee0abd9ac3f6a11d10c8e23b209fa741cdb5040485a6bf17fa6b86
x-chunk-cache-v1/chunks/indices-000357886825.z	184710	4b41e8f4975a18dc096d54926ad1c4a10142a89ba92225e32c39b6bdf1bfff71
x-chunk-cache-v1/chunks/indices-000357982902.z	184324	dd9802db670914b61c7b7f627c5e2954c56fc1209457dbc60541f339f798fdab
x-chunk-cache-v1/chunks/indices-000358078979.z	180970	fc279eef8d73c2339715c4fb25cd0a7bf5d04161d7910edf329aa2acad79df39
x-chunk-cache-v1/chunks/indices-000358175056.z	182877	71dcf5612f0112b7528ceac87e7eb325ed9036df0b9375382725a19ac46c40b0
x-chunk-cache-v1/chunks/indices-000361057366.z	181203	38b16f1b93c6d9f91b81943d515b777cc75f27c203d069867465b391204a8681
x-chunk-cache-v1/chunks/indices-000365476908.z	185024	47328c4d000d5613273f7cc2ac8114394d159a320bc6ac4b2182e8d0c7c210d6
x-chunk-cache-v1/chunks/indices-000365572985.z	186292	291ce8ad322e3e7398b7e3d2bf50f96bf0dbeffa3b3f63bba44254d218ae49a3
x-chunk-cache-v1/chunks/indices-000365669062.z	185893	5366e5dd5a1a339b4a3f17abb0a1e4a1b61d547f31a18e60f403f98b2c927c38
x-chunk-cache-v1/chunks/indices-000365765139.z	184625	532851b8ac136b551c9ba4f434b1c316d2c8b29bf854a4ef131014a9d85d78c5
x-chunk-cache-v1/chunks/indices-000365861216.z	183688	6d30d1de01fdca86f71fcb4ddff59fced24ab7189a62579c441b2f396eab5cbb
x-chunk-cache-v1/chunks/indices-000365957293.z	186455	a278e940f769b4eebbe9118e709d17683cdf6b74845cc01fe8e82016324d9f9b
x-chunk-cache-v1/chunks/indices-000366053370.z	183164	82e1f555a27078c1a9d93f939e5a034e8f6d9752fd48c0029f784e4cfa9fab72
x-chunk-cache-v1/chunks/indices-000367974910.z	185866	2560a5ca01fa2b57fa63b8b7443ce12e05496c7e68e1b19912c6986e88e0b85c
x-chunk-cache-v1/chunks/indices-000368070987.z	186354	1068b52cfd3186d1d64981d4db401f31a9825fe9200fc2ca00fd00202bfc6539
x-chunk-cache-v1/chunks/indices-000368167064.z	183912	67074bc0c8596dafa3e7b82015279b912fe83e3e9fea1eefd4696cbd35dabc6c
x-chunk-cache-v1/chunks/indices-000368263141.z	185443	1a6a1dd72a74d6c32d03cdbb8579ae8e5d1b31b256a455d23aca17680a2a7465
x-chunk-cache-v1/chunks/indices-000368359218.z	186722	d50694c98b51d58376bda0d0cac824826215e6998115a09d4324e7e414fd7708
x-chunk-cache-v1/chunks/indices-000368455295.z	187892	d109d1e2c486121c785290e72c19a701765d97458e52729fc75a39e96652b072
x-chunk-cache-v1/chunks/indices-000368551372.z	185121	a9f3d8bfa96ce46110822d5024106692c8d4dda58d5e90fbf9c6811e66aeac4f
x-chunk-cache-v1/chunks/indices-000368647449.z	185425	6b97873623764bdd1fc1fddeb2a2477dd6873ca28d77a07cc77aa6a43790eed8
x-chunk-cache-v1/chunks/indices-000368743526.z	181283	493c60e01c68c29522c6731f85c54aab32bc26e0f88c9b440a2f448d986ac81a
x-chunk-cache-v1/chunks/indices-000368839603.z	180945	3853b13dcb72d880975dbf104c29161062dff23f2719d11c05cdae31e1c60a17
x-chunk-cache-v1/chunks/indices-000368935680.z	181898	cff9b034cb315aae7a8f0297f0b3942715b3254ae32ed633bdc3a82a70f0596a
x-chunk-cache-v1/chunks/indices-000369031757.z	179067	492211204f5220e4f59fd441a85150fe51cfcb60afe57a6a80226f932c34c172
x-chunk-cache-v1/chunks/indices-000369127834.z	184505	b46381dd1465309cce4820bb6fe96b7eb142db1715aa502b8025a6d43c262ef1
x-chunk-cache-v1/chunks/indices-000369223911.z	187608	574cdd49355b23f6ee012bdb0f949ad7f7bcb61027879c8236862c794e4347e3
x-chunk-cache-v1/chunks/indices-000369319988.z	189945	0e95bc30dfac3e01dbe1e85eb8fb4e84973f8d9f9964321214767a27ad931c86
x-chunk-cache-v1/chunks/indices-000369416065.z	187322	47c41020d1437a87db559087bdcc708ada1b894a29cf61058ffb2108ecdc70e0
x-chunk-cache-v1/chunks/indices-000369512142.z	186050	015b5dd32855f0fb2449f559373801bcc083821e9b5c78f0a8a236adfbd70f37
x-chunk-cache-v1/chunks/indices-000369608219.z	184374	18bf4d6e56e11776a60e31471c2e6cabcf669de730d95a172c607c9df7e1c397
x-chunk-cache-v1/chunks/indices-000369704296.z	182310	0232eec7f2139112772d83c065b49291ce4dc8fbd48afdfa90f5c206aff2ce75
x-chunk-cache-v1/chunks/indices-000369800373.z	183488	1e27dbed06c3d6a19d446463810cbd028495e6f5351494c7a93e8971ade8ef13
x-chunk-cache-v1/chunks/indices-000369896450.z	181469	607472c2e60687cf8709308e26af9f1086d38492c3e289a19e555fc95cd02a79
x-chunk-cache-v1/chunks/indices-000369992527.z	188120	852598b4560e0df4c88b561b4122d7297218b74a13181cb81850f397f6c6837d
x-chunk-cache-v1/chunks/indices-000370088604.z	188472	79bfb50d8496ca676d31fdfd4359ca9907ca75e45337bb5bbd8c4c9af2477a7d
x-chunk-cache-v1/chunks/indices-000370280758.z	186872	2f8470128287a03781bb2e32f255f70019dfdaafa0d295d29834b1a03c13244b
x-chunk-cache-v1/chunks/indices-000370376835.z	185234	43e9370078af9ab253d3389150268fc4bf981c09741863d5c05c5c69314dafeb
x-chunk-cache-v1/chunks/indices-000370568989.z	184691	1bf4c00e80341a0db789dde8e98bc17f08d7241beafbafc3b8871539d7095f3b
x-chunk-cache-v1/chunks/indices-000370953297.z	186257	8d2c63359bf8d9ce1bec7d242e326e332509c1b8b0eefee3ffa4df19f000934c
x-chunk-cache-v1/chunks/indices-000371049374.z	188385	6540ea1f0bcb26bc43ad0e4e57db3ea4302523e3310f90ae57272f66c92bbe83
x-chunk-cache-v1/chunks/indices-000371145451.z	186054	9d3b67c894792e7cb4423018565260c4cab9da8d93c55240b1e06695f3d57cca
x-chunk-cache-v1/chunks/indices-000371241528.z	187839	227046ecec45c1c0a2eb3136e1f4aedb9fc9edf97e2d99f48f11a6d4be9484dd
x-chunk-cache-v1/chunks/indices-000371337605.z	186087	501b4ad363a2ec5a4c8eba6fa19acb8bce32e0d00c718e66b64dd9967b584fb2
x-chunk-cache-v1/chunks/indices-000371433682.z	186772	7e34da0de72593f1c974ed0c667477c1b237c46e0b82a1fa4f5892116adc837e
x-chunk-cache-v1/chunks/indices-000371529759.z	186573	96f2236499b1d407fc6fef1a7643d6bc24a529521c3d0f75fbc43c3c5c8a1a4e
x-chunk-cache-v1/chunks/indices-000371625836.z	186805	8a8aa2585cb628b41b8c5282425e6f4ce6ffab36629ba9eba6d5f1539ac1603c
x-chunk-cache-v1/chunks/indices-000371721913.z	187145	bd9431f4fa3bc661fc3bcc146b91ed813fba8dc502c896330288198360df3eda
x-chunk-cache-v1/chunks/indices-000371817990.z	184707	5ec747ec3b4f072a74823b068a711c5273693a3978fb581410fad8c53e59785c
x-chunk-cache-v1/chunks/indices-000371914067.z	185927	e34baa6f8cef8b33cc60a3a2e7b7f4bb0d4d8e7632e45c4d54201c14139e9406
x-chunk-cache-v1/chunks/indices-000372010144.z	186573	25099be66526708164dba6eeeff69bbe31a964afc2a91ba361948d9aff63ae79
x-chunk-cache-v1/chunks/indices-000372106221.z	185263	454b05e78a14185575cabc0a139812380ca7d52b306e5afba1abe867d5a3d03a
x-chunk-cache-v1/chunks/indices-000372202298.z	189385	d96f9292bacc5a93157232e78ebb5ce225dea19b506cd1ccd3b515b4e81a9887
x-chunk-cache-v1/chunks/indices-000372298375.z	186736	f8d11faffe2597bfe23dfc1d7950709501f7e6f19e8b1204c00e90924d73170a
x-chunk-cache-v1/chunks/indices-000372394452.z	187326	9fba4fdce60fcba3f3ec5966bf5ef8b915c75015ddf756b0274268242e260f15
x-chunk-cache-v1/chunks/indices-000372490529.z	182319	2f7648bcfdfff83b30f7a3d26fabc6a4dc89fec66e97523944d08a50f024d463
x-chunk-cache-v1/chunks/indices-000372586606.z	182342	807ca34545c0e610989e94be8bfcd6e659e3141d2bc7d0b024962269fead94c0
x-chunk-cache-v1/chunks/indices-000372682683.z	182228	1d7d2134a149c644e95288e9e48774d2c74d2cccd39cd5f1f3c413cece0f18c4
x-chunk-cache-v1/chunks/indices-000372778760.z	182715	2927e3a9db6f94a0ab37e4bec0d3f4c7a6642325d2759f01ba5bdb4811c6ebc3
x-chunk-cache-v1/chunks/indices-000373066991.z	182001	e2be69da5c3dc8694887dced94887f8f62852daa5c018449f20b489645bb9700
x-chunk-cache-v1/chunks/indices-000373355222.z	184824	5be9a5fd8e3890772b4f77214947486a3ddebecc1f3f779dfd4d08929cfb543e
x-chunk-cache-v1/chunks/indices-000373451299.z	186028	08156d1c8d33e77dca4c738a748817080c2e68ebed4c45d5ec73fd0b4937635e
x-chunk-cache-v1/chunks/indices-000373547376.z	183098	9820a396a34ec7d83bfa5bfab91d74acad78fa23ccabf0fd613e1b6ab8e2aeb9
x-chunk-cache-v1/chunks/indices-000373643453.z	184088	c42ea89eb972120d6ac5b5daa6231a117ca3bca69730651002fa41e1084df090
x-chunk-cache-v1/chunks/indices-000373739530.z	185817	86cdef60c9c1a222e4b5e27d3c8b9801170435dd7ae2db5ed04ddedced90f217
x-chunk-cache-v1/chunks/indices-000373835607.z	187443	85f586b3ee0fcf0584ab254a6b4328351cdf090ee04c0b04e770bcc250621e31
x-chunk-cache-v1/chunks/indices-000373931684.z	185261	84989510c135e205904f70e7175c0d03c1e4c58754b8e8eecf93acda629a7de9
x-chunk-cache-v1/chunks/indices-000374027761.z	186506	499f12af9ced76f4fd8a02452753e07a0c833747e9a70637e930805080c9d531
x-chunk-cache-v1/chunks/indices-000374123838.z	187037	39b04b5faef2e50a09b05fc475217cc655b6b72f30728e6dfb5cfb16b7e49479
x-chunk-cache-v1/chunks/indices-000374219915.z	184903	782b2e9c33021090251c9ac532e607ce560c3cc12193ce75a3c53f62163d5440
x-chunk-cache-v1/chunks/indices-000374315992.z	184909	633034200d30107d81677090a1a4c20aeefc7bf3a4181c49eb146366dd9c8eb5
x-chunk-cache-v1/chunks/indices-000374412069.z	183830	2056dc5a7eee02867e4db877a57e022278fbdde0ef204118ee8b6d31d855f28c
x-chunk-cache-v1/chunks/indices-000375276762.z	182757	782191812af40db9dd87301eec67ad818056e136f5226ceaaa70033f22f0865a
x-chunk-cache-v1/chunks/indices-000375372839.z	181177	5a48e4c4171b3f0ffa26ae165e7c8c9d44dd534815ebd5e73eda823af0b7c86b
x-chunk-cache-v1/chunks/indices-000375564993.z	178524	6e5c44e3e573900cc73e9a27392eedc7dd2223c2552b93b2102f11abe682f961
x-chunk-cache-v1/chunks/indices-000376141455.z	181348	b981ef444d404a6eedf81c470eff7a6a1fdd4cbf1a7bd4d81311a8ed20fbde69
x-chunk-cache-v1/chunks/indices-000376237532.z	186697	0832903d7bb7cb00791e19f6753b287c2b307c0363de9b1bd172b69fce3f928d
x-chunk-cache-v1/chunks/indices-000376333609.z	185686	a1565ee896dd19f7375613369a0932d78c00aa52fa11c8f4377aa9a3d4598bf9
x-chunk-cache-v1/chunks/indices-000376429686.z	183868	79a4b3793b1f7ffe5bb6656b736ef9e97b0c7b9b83ca69b5820866e5f8e292af
x-chunk-cache-v1/chunks/indices-000376525763.z	185589	67a558a100da152e7bf5104b94889f5294adcaaa8f18eb27f4ed2a785cf58a20
x-chunk-cache-v1/chunks/indices-000376621840.z	183930	32993b02f43c0f57a67ff1c005f72aa0dad2e65a6214064e99b68d0ec6d502d6
x-chunk-cache-v1/chunks/indices-000376717917.z	186512	17335f8ef17ea9628a58b303d246b7f7baacbbac796d2f94a200ed2c836765df
x-chunk-cache-v1/chunks/indices-000376910071.z	181530	9776d6ea81c361ee19da7ea4045b7f3bca82f6c8509d1c1d066a08e49b8c8644
x-chunk-cache-v1/chunks/indices-000377006148.z	181340	2c7561540c0d3df038e07992b979118cd64a987e3894a814249acbbe2e4c99ba
x-chunk-cache-v1/chunks/indices-000377102225.z	182809	01bec6fa365b36ed8c23662a4988100e72d257cb26f07c8dc9c231b766bef7c0
x-chunk-cache-v1/chunks/indices-000377198302.z	184654	b1170228d91fcc4cc58e0fd682d4af86e9aaea23a68f53114019fd9fd89f5637
x-chunk-cache-v1/chunks/indices-000377294379.z	184838	84660ac8397bac28fce194d26839228695a712e35db52b6662f4334c7f7dbb3c
x-chunk-cache-v1/chunks/indices-000377390456.z	182693	8ffcc29ee43f0deffbacb0ac760d78db130b20cb5e047bd8a0fd020e9234485c
x-chunk-cache-v1/chunks/indices-000377486533.z	179636	fa3691e5ebd5e45b4eb9f051acae857ab304d31afe00f105ebf7942d3eeca82a
x-chunk-cache-v1/chunks/indices-000377870841.z	184541	e38c00f690527b8ea5bd9725d9f56fea71e1c771c07047de14fb96b19785369c
x-chunk-cache-v1/chunks/indices-000378255149.z	183254	d98734a0e43ccff17fb016f12ab0fe0a067cab96ae0d190bdce8d1f42a06ad22
x-chunk-cache-v1/chunks/indices-000378351226.z	183741	2a9bfff553e161bda666089d23dfc808b0c70f81b37b8a358f6ec6261ed276b1
x-chunk-cache-v1/chunks/indices-000378543380.z	180195	469a99d9ea79b2745805313a8b34117f81589d756ab6d2fd240b128fcf32b7b2
x-chunk-cache-v1/chunks/indices-000378639457.z	186282	418bdc6aca0eb6d2908a6dca58fbfbbe3b8fa6348f365fceaedd65aef6d1f2bf
x-chunk-cache-v1/chunks/indices-000378735534.z	184810	6f6e1b831a0513099732b47f4df6dd0da4547085fa3953580db830b49be4ea28
x-chunk-cache-v1/chunks/indices-000378831611.z	181216	09347ca09e42b49980683675501d23a41a24f01aa91555a28024b87c83dc77f3
x-chunk-cache-v1/chunks/indices-000379023765.z	183404	10cda8a420c4053387954db41815159d236b8b566dc012cce9cd21a5284962a5
x-chunk-cache-v1/chunks/indices-000381137459.z	186860	29d5afd030b057b8182e0f57fd0c26d64f2ea24d78d26078584361dc8dcc36c3
x-chunk-cache-v1/chunks/indices-000381329613.z	185875	e0d94d690242c3501a4b319af7a4aa2db40328eca135c493d22f09ecafdd1720
x-chunk-cache-v1/chunks/indices-000381809998.z	185212	8c45d443c89970a52ee23fee8c4ac38e8e0253f46eb4294f4e3a1091ab5b96c2
x-chunk-cache-v1/chunks/indices-000381906075.z	181275	dbca18458fd63467e177ac5d44352aac5e034705e2013173c777ad749d1587af
x-chunk-cache-v1/chunks/indices-000382002152.z	178946	217d08cf23b21d52d739d543a3210854743124ee75b1f661d802a48aa274e92d
x-chunk-cache-v1/chunks/indices-000382866845.z	174068	dc7adac7c2e9ee6cb8dff9c8fa3f3ca0257370ac5429b314c12bac14e6c0abcc
x-chunk-cache-v1/chunks/indices-000382962922.z	180067	789a5cc042c1b8e4fbc343b951d402135f72420f1f7336c35f2c2dbeee7aa8b2
x-chunk-cache-v1/chunks/indices-000383058999.z	176696	d9e687dc38e72592a76860c64ecf157d169cafa9be3d50b18882103e5548c72f
x-chunk-cache-v1/chunks/indices-000383155076.z	176288	a726963f5c1b75df5252b929824cdd9449b6ae059aeba452a96b925d4dc386c6
x-chunk-cache-v1/chunks/indices-000383251153.z	172198	e082628ec10550dd113a76a3994906c744d03a03c35e5047e5dc16e690366450
x-chunk-cache-v1/chunks/indices-000383347230.z	179450	a9bdb3fb9be51c33f20c9328f4414b36de131a5fa169f00385c4501387dd0af3
x-chunk-cache-v1/chunks/indices-000383443307.z	179724	fce2b9cc3148d82ed6abf794ff2abac29b31623caa130f9dc22439258c154108
x-chunk-cache-v1/chunks/indices-000384596231.z	182396	fc2c32f8ec20f2be537a3eb553a560cb290e78174daf7c7145bbc42535e04131
x-chunk-cache-v1/chunks/indices-000397854857.z	177175	5b69f7fdcce05b89de72f5410eb2f1f74f1af0145a5523729618e8b942046311
x-chunk-cache-v1/chunks/indices-000400256782.z	182935	417df0558cbda87a459ffd32505335a3080ea17d8cc478279ee374bfd85aebb9
x-chunk-cache-v1/chunks/indices-000400352859.z	182358	8ac4c835e82fbb8c75bbad87ddc77e7ca4178b2eedaef4276027c7e38702b263
x-chunk-cache-v1/chunks/indices-000400448936.z	182633	9d73c21bc24bc482811e7af962467a478018c7b0d0c16472b791bd270704a288
x-chunk-cache-v1/chunks/indices-000400545013.z	180889	02573d3eda8e8ff2e3184052a753493cb5fc88446cf9dcee91cb51e158776e8d
x-chunk-cache-v1/chunks/indices-000400641090.z	180412	7103af317473516e2bbc237f54a349fa54774766da48f34d4a491ec1eaf1abfc
x-chunk-cache-v1/chunks/indices-000401121475.z	185958	f2b78ca824245c5f6c1efd2fbe86f952a3b59a10d0647c288c08c056b66916a4
x-chunk-cache-v1/chunks/indices-000401217552.z	184493	347ae1b437b5cf9d92b1da141084645213a4cda3ef312f2ccbe43031382b29ad
x-chunk-cache-v1/chunks/indices-000401313629.z	184377	d60d9c7b95068740a017bbc477c400577c593006578adb4ed8a8179201143853
x-chunk-cache-v1/chunks/indices-000401409706.z	183438	91f182898bb16928c11daf3473eb4e8c9e7bcffda8c7337bd1307c039369ad75
x-chunk-cache-v1/chunks/indices-000401601860.z	185863	ec40dd171d4fe046214a2d6fa0af45013991303fbe8f4f9740560a5988958703
x-chunk-cache-v1/chunks/indices-000401697937.z	186151	a5a97f0b13f8a043984dc5359248b34b4679f4097e4842f4548a7285c8375e83
x-chunk-cache-v1/chunks/indices-000401794014.z	186918	b61c599c2dca21e337c75e52a16d78cd8428090afe764222b82eb804b7de7aba
x-chunk-cache-v1/chunks/indices-000401890091.z	185497	04498ed51fcf5e0d9ac7578da8ecca41fe94c694e0ea24ce1daff33df865da58
x-chunk-cache-v1/chunks/indices-000401986168.z	187016	237c9347c8d42fd172572e14201527443592e1777dab940b7441d878177f1f57
x-chunk-cache-v1/chunks/indices-000402082245.z	187785	efa336bbed7b70af770cafe9c0d115adf098611d667d918909fd849b3fef1768
x-chunk-cache-v1/chunks/indices-000402178322.z	184965	3b398fa8c39c165475f2f8eaef4d231aefc5961c8b0120e08fd286ede154d2c5
x-chunk-cache-v1/chunks/indices-000402274399.z	184078	97dd047299eff8fdb9b4c46dd3eed20b0314c3ebaf7720f31a3b95647ae09827
x-chunk-cache-v1/chunks/indices-000466357758.z	179467	e3a5b754c698e69ec193056a9fd6078a253584a9cd78ab384f045f8928167a53
x-chunk-cache-v1/chunks/indices-000476349766.z	183323	1eeadad847c12818afc6f5f68245b31cf4a810daaad760085347f7855515d890
x-chunk-cache-v1/chunks/indices-000476541920.z	182034	6a2d986b0e15e05747b746825531cf25f1c87a8f523d7a658b5a34cee4c83be5
x-chunk-cache-v1/chunks/indices-000476734074.z	181197	01d97a24cf36e58b09ce6eaf086cb7fd273888f66cbe37548f2e25dd99a413c1
x-chunk-cache-v1/chunks/indices-000476830151.z	181824	d3fd88b9a00b1138aaa40e26eccb9d173ebdce65ffb78b89054c66880f1d7c0a
x-chunk-cache-v1/chunks/indices-000479232076.z	171771	89160a597702f9f05d6423a5b86ec3d76ed505663530d7dca6466b302fdc6711
x-chunk-cache-v1/chunks/indices-000479424230.z	183951	806fb401ab7f7d0756e37e2a331f33d36ecd5ac0719689d29eb626cbb3fbc826
x-chunk-cache-v1/chunks/indices-000479520307.z	182966	53cf89d3fc79818de4b1297cbead599450887c4273acdfc63543ea0e9d506c6d
x-chunk-cache-v1/chunks/indices-000479616384.z	181723	5680002d4e5b35ad4efe93252a840e63edd579538b935b91a23da05a8817e5d5
x-chunk-cache-v1/chunks/indices-000479712461.z	180691	9c602ad37d4e7ca35d42cffed977759c6ff168743aab4a13f4b8f0b57733174f
x-chunk-cache-v1/chunks/indices-000479904615.z	183727	bd80f3e3493b8a8fec06fef7542dce9ddf625594ab689b97ada8700625ac19ab
x-chunk-cache-v1/chunks/indices-000480000692.z	182990	10f2d5eefcd6c760c05a1677fd133de153b503816b94a486c3898bd8d0830d71
x-chunk-cache-v1/chunks/indices-000480096769.z	182982	9cc387f7b8dd491b470ee4096b9a660dc7c32cbec086bdb4abad70787ee24432
x-chunk-cache-v1/chunks/indices-000480192846.z	182799	1038da20586abe53626adf4b247081e652a61dcd29d98db3cfb79ae45a33a5a5
x-chunk-cache-v1/chunks/indices-000480288923.z	181587	dc56a9a25c95f25df7874031c2e012b5a082e9d2ec2d0b86bba17f4c2b96b8c3
x-chunk-cache-v1/chunks/indices-000480385000.z	180074	2e1a13bce39c5875c421adef655819e697bdd76c3321daa2f08eff2b14682553
x-chunk-cache-v1/chunks/indices-000480481077.z	179473	df0cb0c4ea87c801496c3c818fc897656395272f8eea50c6fc1c5fc0a891dca4
x-chunk-cache-v1/chunks/indices-000480577154.z	179173	a78ff5ef980b9f931637fc0f06f5742f7272ef3dcd17779c231b87c3c168a943
x-chunk-cache-v1/chunks/indices-000480673231.z	177271	1bdf19c8c3dd5ea1731faacd516db16f6932614e8cee4f7cba70080a4b2a43d4
x-chunk-cache-v1/chunks/indices-000480769308.z	178789	08771992580d9219d1c3ef38633541b197d3e113d616fb9fad4d5e77e4eee8db
x-chunk-cache-v1/chunks/indices-000480865385.z	185028	a4d74e77425694bd39a56bce4a6445b79224d5e45a92c06585ee94815d20ca6f
x-chunk-cache-v1/chunks/indices-000480961462.z	186426	9a8cd20cc3b6647123c624e739f8d2eb7ae4a81acd253a57e0051565551cbd05
x-chunk-cache-v1/chunks/indices-000481153616.z	183828	05d2189c1e81ca0691777d3b80977854357e53c2e4d619675159de926c5df3e4
x-chunk-cache-v1/chunks/indices-000481345770.z	186245	54aa2d6783db59972a25cdbcabd488bc23b2ea43086422c92208c9fa77df6823
x-chunk-cache-v1/chunks/indices-000481441847.z	181237	6a6958592428179738f515365b3bccc27edf54d69072349da8041286e699d99d
x-chunk-cache-v1/chunks/indices-000481537924.z	183402	e4c40dbe1848d61e3f11b64c81a850327f487451397fd7142ec049cee879c97f
x-chunk-cache-v1/chunks/indices-000481634001.z	182781	1e240e06cfa10142eb8d153fc8868b482a1d7e1c7a01709602eef37cefa2303b
x-chunk-cache-v1/chunks/indices-000481730078.z	180953	8b44fa65eeac76b0f8d999e0abaa46ed1a51a1f1e9b0d8cabd8d6a9cfb9290e9
x-chunk-cache-v1/chunks/indices-000481826155.z	180095	9449c52ffa0da96efc23d0f26a221ebac94c982479ef82b6095ab9c45b4e2ad0
x-chunk-cache-v1/chunks/indices-000481922232.z	187895	7395c861c238b466ca89146540d42d60ecbeec660175bd7eefa923a3b674acbf
x-chunk-cache-v1/chunks/indices-000482018309.z	187124	e517d9ac1411faf9e4da7a25c0cba7ceb1706332ce245a7707c27196200f4c86
x-chunk-cache-v1/chunks/indices-000482114386.z	186348	a6bfb1183528981013393640631efe0b5482058b70ed83bbf4426b9f2d3a0aad
x-chunk-cache-v1/chunks/indices-000482210463.z	185982	80cb6a174cecb5fbb7c20e70684a3d06ff7b7ff2fccd9ef420e69930fd0d1abd
x-chunk-cache-v1/chunks/indices-000482306540.z	185197	f2c3638684b765858bc8bc7ba93979521463807dd716c0a39cb3de068425378a
x-chunk-cache-v1/chunks/indices-000483075156.z	182070	74efb11f3082be117434f2ba61ed8a729946feea6920df80718bbcc7b7c0cf5e
x-chunk-cache-v1/chunks/indices-000483171233.z	183742	d84bb5c83d33cf697b1d01c8aa93e1c985dfb7a21efd817be7c4cd62680e4810
x-chunk-cache-v1/chunks/indices-000483267310.z	186027	fdc6a9aef669814cc9c4c7de842d691e82c162f52d51803fb5717662830a37c1
x-chunk-cache-v1/chunks/indices-000483363387.z	184625	cab9454abfb52d70e711cfa9173192d5e1f5303ef2cbdaef909bcae50f7c53a4
x-chunk-cache-v1/chunks/indices-000483459464.z	184026	114bc8d4c8e5e2e0f0232f7ffadfef6c8e848c60e1c4ca23f19f3a947417476f
x-chunk-cache-v1/chunks/indices-000483555541.z	183588	35fe341fb30c826013597e7715d3656f7d501cd3e4ae9090616d7adf3a7fa509
x-chunk-cache-v1/chunks/indices-000483651618.z	185192	d83de7b6a0078083c8fbad325dac36d06600038693c1b70a18186cc14475b8fb
x-chunk-cache-v1/chunks/indices-000483747695.z	185012	492fd24fdc5ad648ff7668b77af8b0bc3a06e0eb51f9ca1467d9d2c5ddb2fb9c
x-chunk-cache-v1/chunks/indices-000483939849.z	184479	31a5190ecbe09f8c28011904509d877700435043765d6bc61d039a052cdbf08c
x-chunk-cache-v1/chunks/indices-000484035926.z	184493	dbd01b1b8af188f074b8cc9618e3415f5802d62d60bc87411ffe7141ae6de097
x-chunk-cache-v1/chunks/indices-000484132003.z	185783	c95451085ed9b2409352be91a22a3ffca385c9ca694c9f747a60c4e346d28809
x-chunk-cache-v1/chunks/indices-000484228080.z	183278	a4a9e855d3bff04d182f836836173a9d4c3f30e81c7be58cff4c067eac3517a2
x-chunk-cache-v1/chunks/indices-000484324157.z	180838	4012892538b71135f9afe9f210acae9fe134dc96282ac16ec37da9cb3eb1a6f9
x-chunk-cache-v1/chunks/indices-000484420234.z	185818	c44885007591c6180119edd9e639ddc7385e9c49e4f4bf59d2305d85cc05711a
x-chunk-cache-v1/chunks/indices-000484516311.z	182101	b6941eba005dfd8aa06f40353ffc3648d598f5e1e7bf54e9ced31a634e191914
x-chunk-cache-v1/chunks/indices-000484612388.z	181010	6d37d7cf0bd0dc96ccd3d809bdb41ecdf8e89eed85da252e3fe698760149e095
x-chunk-cache-v1/chunks/indices-000484708465.z	182631	c6679b9f999aa8ba0ab6a5ea5853e2a1d9f93a761ff8c734e1640c12974a29c0
x-chunk-cache-v1/chunks/indices-000484804542.z	185228	aa963db15293e778809134b9269389243982629f7f9c35c9dccec54d56adaf29
x-chunk-cache-v1/chunks/indices-000484900619.z	185869	7c5255b73590380b8bd59049430ae28b9f06e40395e8be7ef8cba0bfe6254a00
x-chunk-cache-v1/chunks/indices-000484996696.z	182697	d9e100515ca376d9f97055c86ec5c789364e29d3462d3fe3ae461f161410681b
x-chunk-cache-v1/chunks/indices-000485188850.z	180770	2e22b237b973ebfa95259f061ceda87d81482de637ae50a8b185d55918ff0039
x-chunk-cache-v1/chunks/indices-000485284927.z	179349	a3278023358f0c44884fee9c9dd05a9c8b48b842a2b217ab0475965512f05b2b
x-chunk-cache-v1/chunks/indices-000485381004.z	180548	ba3ca959c97e122f3b8a58b6d73964a6d15357e8801e452a681dea57ce723a24
x-chunk-cache-v1/chunks/indices-000485477081.z	179401	96ff3f1db488410fc2aa93612f1b00ba3e200f9c972c7187a20fca32b9eecc6b
x-chunk-cache-v1/chunks/indices-000485765312.z	180688	a322690c402ab3ed93a3b7505d30fcd812ba657228c79a37ae2db3bff68a9e15
x-chunk-cache-v1/chunks/indices-000485861389.z	177874	0292c4ae231a25dec4886997a28e69d9229ecf1bc836af584fb8b12f9e99eaf3
x-chunk-cache-v1/chunks/indices-000486245697.z	177419	5ec878b49dcf4cadbf556481e6ef8b0842705a5fcb92c3b62403ed134758d11d
x-chunk-cache-v1/chunks/indices-000486341774.z	182894	5dd77a8dcf7f072f13acd84f3adea9e61a22c4ae7808be1f4cc1fbc941070dab
x-chunk-cache-v1/chunks/indices-000486437851.z	182568	8bccd82bc42f1d6bb8885d201467fa9ded498c2dd8ff10ceb1009bf361caea55
x-chunk-cache-v1/chunks/indices-000486630005.z	180888	6322aef7c04547af9561db5fab7ed9adbf9b1465c6eed25af032b514f5fae15c
x-chunk-cache-v1/chunks/indices-000486726082.z	181942	6249b6180094bfa9905a50c5f7645a485ee4e6b316e17ad6f9a1a65fc98b1d52
x-chunk-cache-v1/chunks/indices-000486822159.z	182834	c134169684c52c2415d0c679c13af50f5a09082d98b957f3d0a34e4d340fef5b
x-chunk-cache-v1/chunks/indices-000486918236.z	183689	43f3ddb15a0c4b3d7e2eb91f20912b25d1328ac5c3f682b7615ec904967c1e04
x-chunk-cache-v1/chunks/indices-000487014313.z	182452	376f6aa3189f40d79f3061b8405eeb963bd742c0a2dac306e19fe27b56003766
x-chunk-cache-v1/chunks/indices-000487110390.z	179094	98477b2f689db1777c199b455e028b83177e9edd6500aaed2171d5d9de8224f1
x-chunk-cache-v1/chunks/indices-000487206467.z	184634	f7412598d4e47c6df8e1417bdbde4302ff73ad451329e933928f8e89bbdc94e6
x-chunk-cache-v1/chunks/indices-000487302544.z	182074	b7c3d53d4cbb10b070b74166beed62b3ffd9a2d7d006472f575f9d0e3d3a1ef3
x-chunk-cache-v1/chunks/indices-000487494698.z	183354	8fe7c22c9317a84bdaae9c159bd9bffb26d48f9f36c53601388df68f9e1036fe
x-chunk-cache-v1/chunks/indices-000489992700.z	182048	d3ab73ced0368461604cddbdecb688d3033a96fcfa27072c2aa10b77675a54cd
x-chunk-cache-v1/chunks/indices-000490088777.z	182477	37fa5035669e7f8fc1b15a2274d1195da8e378f5eb5452fae2bf10da300125c7
x-chunk-cache-v1/chunks/indices-000490184854.z	182259	e6a45b87d670e4c7cd7d42ab8b91979731d115704e31cc35c272aadc85220136
x-chunk-cache-v1/chunks/indices-000490377008.z	184770	8576d53e4f73fec9848753dd8a57a49fb707890ee4dd7927866152c979f06987
x-chunk-cache-v1/chunks/indices-000490665239.z	181042	d99b1aa24755b0ce59e54d472790cfdfda8f6c6af134ebc36629f37533a012c8
x-chunk-cache-v1/chunks/indices-000490857393.z	179832	5e2448f542f067a77f11c8f63c9d6d27ff5510e9e977ed9380e4c56e84792408
x-chunk-cache-v1/chunks/indices-000493067164.z	180792	9a0fde33769efcc5db2493e5cc1edf62e2a08b776695b15f49a23de3bd1c8d0c
x-chunk-cache-v1/chunks/indices-000493163241.z	179498	b722deda93864424d2f46529b7b1eca42546c00180966f4e8bfcbd406d55178d
x-chunk-cache-v1/chunks/indices-000493259318.z	182285	4ebbfc8c80ca9a6aa5ad1b991661500eb16b94a7937ee224d30bbb0cda8c961e
x-chunk-cache-v1/chunks/indices-000498639630.z	174300	aab603d86b2fa295fff42415f629d9c58d5dabd45061ea81e3b3f482c1bc1d1c
x-chunk-cache-v1/chunks/indices-000498831784.z	174876	9a6a6441aede2df1f613d45ddb50fb324ac64f0fe70a4805e0325d34b5fbb697
x-chunk-cache-v1/chunks/indices-000498927861.z	174345	d78597fe77557e6dce5a8ac2d87d6b12b026de2277219417d6076c0493a6f245
x-chunk-cache-v1/chunks/indices-000520064801.z	178061	c9ed3efea07ba527cbd0a2d53772cdb0f7f791d0f88e43951a2fd45d9cd81bfb
x-chunk-cache-v1/chunks/indices-000520160878.z	180230	e4e285ff732bd47fb0aad2b1461a6848dde988707051bd5d698e84b6a1539674
x-chunk-cache-v1/chunks/indices-000520256955.z	180261	c17429bfad84bcf18b1c21b31ce197403ab2e1558e679db0c2fda369ef197c76
x-chunk-cache-v1/chunks/indices-000520449109.z	179751	ba19f281bab70fa92ea8a1a8cbd5aaebb8cce32c22fdb86e225b2d00b4e6e379
x-chunk-cache-v1/chunks/indices-000520545186.z	178938	2f750deae70c2e7e74c5fc22b47e97fb72a2748b01d1cf49091bf2fab8a25d0f
x-chunk-cache-v1/chunks/indices-000520641263.z	183603	0ba48be4182472cab69c8284a6b98c8f3360d8323aa860c871cb43ba4e931e8c
x-chunk-cache-v1/chunks/indices-000521121648.z	182742	4f7d9c0c20fd07771061a344f892f0da370c7dfc3aa791e4dde081b47c6af982
x-chunk-cache-v1/chunks/indices-000521217725.z	184306	1d9ec5fbe2aeef064e828998c70e1070be605264a236a3ec24e4465914cb71d4
x-chunk-cache-v1/chunks/indices-000521313802.z	183113	452d81826124c92123dcddd21abfcd6f4d11ad38c2bb45adda9f2a19d77119d9
x-chunk-cache-v1/chunks/indices-000521409879.z	181524	9ec0877da3b4d567a9db6d7f586a00f3241b94992d908590d67ce04d47d84248
x-chunk-cache-v1/chunks/indices-000521505956.z	182167	67400deef4b161e58868168617c390cbff70781f4cbe74e525d4fdcb3478649a
x-chunk-cache-v1/chunks/indices-000521698110.z	184439	0e192336669e24d790cedd2d13e039308ab0219ad9f13c2876fc5ccb46483ac6
x-chunk-cache-v1/chunks/indices-000521794187.z	183039	310d2f2f8782dcedec8d4a8902a42eca40da0f1aee31dd6fbca3fae4896db154
x-chunk-cache-v1/chunks/indices-000522178495.z	182918	8e1b904cdf18531854a26b96bb52fc479b04ba8f8e5b55f1dc962706eba5dd50
x-chunk-cache-v1/chunks/indices-000522274572.z	183464	084af4ef491946babb8485d3d066c248ef1a860788195794ddd5adbd781a0f44
x-chunk-cache-v1/chunks/indices-000522370649.z	182561	61b0ecb221baabeaafdf62c653782463cb1718f53370ae0a48f62a8d209c6d57
x-chunk-cache-v1/chunks/indices-000522466726.z	183487	cd84bc61a7f0969e4fcff6adfd4bebccf33048cd802e3a141625878c6ec21408
x-chunk-cache-v1/chunks/indices-000522562803.z	179842	36738439e855b925a35aa343914afd07a203064ff8d8f5fe7b1e91d140934c96
x-chunk-cache-v1/chunks/indices-000598751864.z	184061	da858f6710f07288c59c32fe75d439ce196d7fe0aa9e8ae001a809d10ff22e68
x-chunk-cache-v1/chunks/indices-000599328326.z	183733	784d62df0e050cadcee024f42a3dac71fbcf626795c9973d82036974a7349eae
x-chunk-cache-v1/chunks/indices-000601442020.z	184502	bd08ac59e96b245de52a1f4cd519f4a452896c86f3801ab14bf49e3550cb8ae8
x-chunk-cache-v1/chunks/indices-000601538097.z	184242	3ac373c62559ea69c508e5ae5d2c33649133d11a8a938309c530c643f5bb14b1
x-chunk-cache-v1/chunks/indices-000601634174.z	184653	66cf8de48ae3d5fb72f9983cc4a937ff0c33e07200cb39b3437229df77d51f49
x-chunk-cache-v1/chunks/indices-000601730251.z	183121	7ac3e978806436caf34b4ab311d6c24627b05cfeaf0c9e2c54f6fc1bc26943cf
x-chunk-cache-v1/chunks/indices-000601826328.z	181419	655c2e0bac0c36334b075ee735a7d2cf64b835529e6f036235fb96b66c8949bc
x-chunk-cache-v1/chunks/indices-000602018482.z	182471	17d2cf01ffda1c0c7c3aed730e73e7b4b05d7186e51779a7197c1940ca35ce21
x-chunk-cache-v1/chunks/indices-000602402790.z	183321	ec0dff431d8047d39db2984cbfde0e0430418eb616b49e429104b24e14fece61
x-chunk-cache-v1/chunks/indices-000602498867.z	180723	b98f7ccf6c78a699faeb34dd40dbfeb533b964565d4c39555ffea69fa4329fd6
x-chunk-cache-v1/chunks/indices-000602594944.z	182547	30571775ba6a0748f35e6700b112aa453a7493759642935f1c15288f815ce716
x-chunk-cache-v1/chunks/indices-000602691021.z	175701	2e11ff999a34bfc8fd1d6039dc646ec7aabd0d2e3c452dd0fd8f7e7ab759c663
x-chunk-cache-v1/chunks/indices-000602787098.z	180397	aa2ef836b12b9c98826ffe84af8e1b59ccdfa4fd72ac6143271412e90a332194
x-chunk-cache-v1/chunks/indices-000602883175.z	178305	98fd97ecefc9539950d076dd05c1badad4700c12e68c47fb6aa4fca7f6dca9a0
x-chunk-cache-v1/chunks/indices-000602979252.z	187160	c134ef2953fd164081263759f159953f59436f98cb22327bffcc40ef369081e4
x-chunk-cache-v1/chunks/indices-000603075329.z	186536	b5a7d8509971735ff89ee8275542f9c6ed29efc6195b311b5d8a7a70b4d7bc4c
x-chunk-cache-v1/chunks/indices-000603459637.z	184193	97cb133df632ab444730262be14281f2cc62b62d77a5202793f05b183f994425
x-chunk-cache-v1/chunks/indices-000603555714.z	183585	af60bb9b6b006e7c3c66e75e0fd0380126f5fce7bda1cdb4991ad9aaa4b97a27
x-chunk-cache-v1/chunks/indices-000603651791.z	183586	5fff116caa919706ee4fff13b2d2979eeb88e3f14446e8cd0d2fbea56ab36254
x-chunk-cache-v1/chunks/indices-000603747868.z	181438	1bddf661a1db4f35ccb7684955a7e19532c4d45fb43026780c47470fb9218377
x-chunk-cache-v1/chunks/indices-000603843945.z	184099	52efb0e097559b78a193820ee524b70d32ef841f992774d30849abb201117157
x-chunk-cache-v1/chunks/indices-000603940022.z	187714	ccaee114de64051ee3aac6a76b6e9745f3c9f4e31a0a2779c242fbec92dd713f
x-chunk-cache-v1/chunks/indices-000604036099.z	187245	7796e4fd56ab2fd6a7080877a73aac42a1bd9836f10cea3a63deda0e3114a7db
x-chunk-cache-v1/chunks/indices-000604132176.z	186263	075b96a2175f8b1a91e88b7c51d74c6ab79c5db095062c3dc08e260b4afc8205
x-chunk-cache-v1/chunks/indices-000605092946.z	183351	8bd01c5b6e18cf589689a0652b8fca9c231a08a7575fdf6dab5dcd9442d1180e
x-chunk-cache-v1/chunks/indices-000605189023.z	185514	1a15e2eb7ecfe67c042643ab77b6222d28b7f412dafdfeda8e9b192e927b47f5
x-chunk-cache-v1/chunks/indices-000605669408.z	183989	b492c2c85eb1e6d8c9702a608b4e448e022d8bb866c9c897a6c9433de61c1f64
x-chunk-cache-v1/chunks/indices-000605861562.z	185606	468bce371a1947c9621b7f6028e765a2f2c9e300763cf3b0b8fba6896ff8e4e1
x-chunk-cache-v1/chunks/indices-000606053716.z	183291	88601706b7bd3fb9c13bedaaa257658b03edbabcebfa91098037df726bdead78
x-chunk-cache-v1/chunks/indices-000606149793.z	182410	47f4266e0cd974c7df1ac8afee56077279b56d46fd35a181280da433d7f2e1da
x-chunk-cache-v1/chunks/indices-000606438024.z	182907	fdf59823f0b65ba7bc49e04fd889651b2662ec481e68752a32b4cf4e1587b942
x-chunk-cache-v1/chunks/indices-000606534101.z	182311	6e43dfe987e81b82a00d06d94f0d12e17ca1cb08e6830131413fbd6e48dc56c9
x-chunk-cache-v1/chunks/indices-000606726255.z	185930	3276ce7122c286c59d5005905340071a954bc389f5dd7212d405feb8428175d3
x-chunk-cache-v1/chunks/indices-000606822332.z	184236	e55da8fe7ef0e4d4cee84c4f4ca594d8a9a58f2abae6f73827fb4a2aae446689
x-chunk-cache-v1/chunks/indices-000606918409.z	186523	846772884c51fe0be47b7ba50e5be89c14e8d6e90a117430d800816582158a3c
x-chunk-cache-v1/chunks/indices-000607110563.z	182101	005f7a0b0176573d1967a46373c6ef41b9e07b7e5e8537eec518286152fa4e36
x-chunk-cache-v1/chunks/indices-000607206640.z	178688	6f738599880834d4eac5e4d1e8ac0ae0cdda5993409700a9cfd7b013af18a41e
x-chunk-cache-v1/chunks/indices-000608263487.z	182457	8f416c8b6cba6ec46bdcd4a3150f28a29a71c4d60ed4ff2797828895da360c21
x-chunk-cache-v1/chunks/indices-000608647795.z	180753	8484236e3c31f5720b055982eac8b0669ec0bfae9878c7a5a13a64fdf4df7c4e
x-chunk-cache-v1/chunks/indices-000608743872.z	184645	769696a688bb2c1321ece486ff0ed3a9363d659cab40d85fd460af0e9f127571
x-chunk-cache-v1/chunks/indices-000608839949.z	183735	a1c3706645051ba4ae8a61eeb5ddbc81aebf7b239c98c4e3677b7dd3f1677326
x-chunk-cache-v1/chunks/indices-000608936026.z	183733	a1eeb0076b7c1d41edb93ea58fa69179bdeb31b2795772506ddb9ae365cd7063
x-chunk-cache-v1/chunks/indices-000609032103.z	183857	3830a1eeb9554e56479120efbfaddaaac46b145e779525c2af0046be19e8ae42
x-chunk-cache-v1/chunks/indices-000609224257.z	183181	dbace9fcd48b2b9969dc028a28b8d47db9cace08e7a645184ada2db3d55c9ea8
x-chunk-cache-v1/chunks/indices-000609416411.z	182850	efffc6246be5729334c2c04d2f6a1b87fd526ac0c056a8d5745d530560d85fc9
x-chunk-cache-v1/chunks/indices-000611626182.z	182517	35f84e2eb97af763df4fc500ba74b92cff538caa568a14400e0331210a85894f
x-chunk-cache-v1/chunks/indices-000611722259.z	184138	b657482c21a4d4da077ae7c719e7a7fdd85b7e4f0826d5c6986712b55acd68cf
x-chunk-cache-v1/chunks/indices-000612490875.z	180975	374d66081c9f948f06152842263d0d97a6d796239587af582ced86fef5549230
x-chunk-cache-v1/chunks/indices-000639968897.z	180342	8b8b87c4fae249033923ddfd8d16f4c089ad902504f477a1397d072aac4bc7a2
x-chunk-cache-v1/chunks/indices-000640064974.z	180736	8c161441afd64047d9678b0204a480b475c36d744f6ffa713c02ca3f67ba25c1
x-chunk-cache-v1/chunks/indices-000640161051.z	178463	3f9f7f4771b71864e717c65ce67136b818873b67f45c2dcc72474c3b2f67715c
x-chunk-cache-v1/chunks/indices-000640929667.z	182551	78beb5c68220ee39207dbf165dad0016c38f6f030e59d09205c2adeccbd1b9a9
x-chunk-cache-v1/chunks/indices-000641025744.z	182889	083243579eb70a6115c8fb8ee931f9310eb010b72a6da4429c8111b3afa4d789
x-chunk-cache-v1/chunks/indices-000641121821.z	183070	21aa80bed86f7f4dde9f92b4c8157299f3059e67184b5c7590bc540db2df3312
x-chunk-cache-v1/chunks/indices-000641217898.z	184079	78d503415f896bf740ee826b9eba50686d111b71c8c6dfebc6b9b42af36592ae
x-chunk-cache-v1/chunks/indices-000641794360.z	182861	89a10f82d1be7b26913653ce9a1fa1cf15c460166ca763fcf51c235811f81407
x-chunk-cache-v1/chunks/indices-000641890437.z	184358	a3bf4faaad501376c4e09a02fd1edffbe7299a86e385ed13e62db422cd73f6b6
x-chunk-cache-v1/chunks/indices-000641986514.z	183480	bb9cff439a22f89ef6b7de34672cddf2905973271f7414c539b6ff1f0b88fd1c
x-chunk-cache-v1/chunks/indices-000642082591.z	183398	f801b36afbbf5c3ebfffe6bdac937506c19e514b464c97a50f380f4e2560489e
x-chunk-cache-v1/chunks/indices-000642178668.z	183399	9e9370b039c29358bc82c420bbc8934aa19acd2e65bd786b44f2d2ed84d3abe6
x-chunk-cache-v1/chunks/indices-000713275648.z	184407	dc76352305108f223e147a2d6dea839235939353d8d7608aba4f0e9a8a8e2fa8
x-chunk-cache-v1/chunks/indices-000716830497.z	183474	2a7d8773574c71a5648d3449ffe493249ada8e5f26ab4ed1d1f86b69771070ed
x-chunk-cache-v1/chunks/indices-000716926574.z	180943	76dc53df694b002f977fe10a5845f748096a4c667e2606a17405d76ab92f5cee
x-chunk-cache-v1/chunks/indices-000717022651.z	180327	ae9972057567f933f207dd8f6f240ee5aba49302d5f8ad4faacdb760ab51af4c
x-chunk-cache-v1/chunks/indices-000717118728.z	178178	af9e216b54a7baeb924c3b569d420b6c5264baf947a47abbf238571dbd599968
x-chunk-cache-v1/chunks/indices-000717214805.z	179069	38438d800647fd0db20df96ca2471d22215ee9b9ae2d563e54f08f89a77f5e93
x-chunk-cache-v1/chunks/indices-000718271652.z	188485	29f26f20183773fd2ff546130fbb8517c6ec0c238f3bfcc953963ec352cd9d55
x-chunk-cache-v1/chunks/indices-000718559883.z	187597	9137d101c532fe49ae5d215f121c45f41c7231b645132f1916e88672862ff314
x-chunk-cache-v1/chunks/indices-000720097115.z	185138	56cb181cfe6b1935738ef31ad8ac436bdb5c89309c9651d0ce3bcb6a1adf734a
x-chunk-cache-v1/chunks/indices-000720193192.z	185934	81be5fb87c55e626de7e6bf4ad5b31ab719c73edc035463135d1bf7aaac7435d
x-chunk-cache-v1/chunks/indices-000720289269.z	182827	5e680b14bdb9210dda01c93aefc5ddc4501989aae2fb12b45364f6dacaa28ab6
x-chunk-cache-v1/chunks/indices-000720673577.z	179452	3847ac4775139c837af1a772c90077096536044d084ed9c619573f361fa11d70
x-chunk-cache-v1/chunks/indices-000721153962.z	182450	1d7fcfa29d3b7776e2169db1b7f01cf20e314e6e92a70b11256b5dc2d9b76acb
x-chunk-cache-v1/chunks/indices-000721250039.z	181308	eb0e415343c394f05900ddfa97df8d11cefc974a411870900b0b4ffe3c1ed6b4
x-chunk-cache-v1/chunks/indices-000722691194.z	185831	290cffa3fe9954234dfe42caa3c43038487f71c1975bb85ec373c78cab077597
x-chunk-cache-v1/chunks/indices-000723075502.z	186157	5aac1ab269dca03e2f1dc375eaf20bbb1a13b8d8c0e4dbefbd6a8fc79c6ad5e7
x-chunk-cache-v1/chunks/indices-000723171579.z	185116	2a924eb9fc750b5ae7042698fb6090b1246b9064423c6b831f133f28267c6405
x-chunk-cache-v1/chunks/indices-000726053889.z	181884	36650c333db20a4c29806880b9c20c97041f3bfaa225f839d60897d652aaf39d
x-chunk-cache-v1/chunks/indices-000754204450.z	184459	e5dfe0abfb240a372c786440beefdbe616079ce22d6be701fa3cd8f8f7712ce6
x-chunk-cache-v1/chunks/indices-000754300527.z	182377	8417e7b9e5a7e4859876ad474103269583e0f3c8453adf12bce304aeb7961b16
x-chunk-cache-v1/chunks/indices-000823475967.z	189657	81f66f864d5f210e95a9de8fdfe7952e3db81afdfee9a8bee1c17b79320adc21
x-chunk-cache-v1/chunks/indices-000824917122.z	185218	de8c541a930bee989bc5df9715c7befeca7d80608fa9fd741037f8e8243a24ba
x-chunk-cache-v1/chunks/indices-000825013199.z	186948	b695e5bac692be14b91a5b316e882256cf12cbd6778c79db236657e6db05bfc5
x-chunk-cache-v1/chunks/indices-000825205353.z	186157	de38526c0814e816a1652110d13bcb073b2be7757f05991a451d76d405995a24
x-chunk-cache-v1/chunks/indices-000825301430.z	186322	f8c168f9a50406aadf12b28eceb2f4356c70f101202abe4985849573d709158b
x-chunk-cache-v1/chunks/indices-000825781815.z	184193	00ca8c982268fc83f5b4ba50cdc21ce1211df45a5b9d74ed73fec7febdde5ce0
x-chunk-cache-v1/chunks/indices-000825877892.z	180227	6752fd92bb145afb11505eed457ec442adeaed7ef7a94b11d9a9abbb802f8932
x-chunk-cache-v1/chunks/indices-000827222970.z	184525	ea5c005f046a55c11d879fa5dcd64a4a07fbb965363d7817a2b93932c8f7168b
x-chunk-cache-v1/chunks/indices-000922435277.z	189277	aa9ca1b0a5cc2ecc6b40c82c3f306de35fefd31749143cbba4a0aa6a0a3a8944
x-chunk-cache-v1/chunks/indices-000922531354.z	188092	97eab014be45e57bddaf11b3763a891de0a1d6586f37d78b32d0a40fec85d03b
x-chunk-cache-v1/chunks/indices-000922627431.z	188726	b4ea452fc9a609c14f698b2ae665310026cfe5edf625f5161cb9faa1381df3ca
x-chunk-cache-v1/chunks/indices-000922723508.z	185219	5fe265ceb09e834a035cfeb204344392890234cac33ccbc4d82d8e74f7ee2811
x-chunk-cache-v1/chunks/indices-000924164663.z	183964	c5b95a2d50c6e60618eca1f2c87e69aaf108f9afeddd6be543dbcc5bb0d696fe
x-chunk-cache-v1/chunks/indices-000924260740.z	185093	744154b9e9d4b9117089aa789a727391d95c4fee4ba1122f85e524ccb7b0990d
x-chunk-cache-v1/chunks/indices-000924356817.z	185222	fb40e6015d2b6478a6c4ea9e4a2b05006e3f2b2c2b60c80b719ca399f6301fd9
x-chunk-cache-v1/chunks/indices-000925029356.z	184084	9f8af893e71ca533c9863f8433e8ae228b13a43dadf918497a6f9c91bd8093cb
x-chunk-cache-v1/chunks/indices-000925125433.z	183068	d199d3e562a79f6d638b185dfb950ed9dabf660410e041f1c042c524d54e5327
x-chunk-cache-v1/chunks/indices-000926566588.z	184260	f1713cf18ce43a6e8f9247a6c9953691bf63c6fcf26cb4ed9086bc5c8c82306f
x-chunk-cache-v1/chunks/indices-000926758742.z	183670	7c15e879f78b822d58c92cad13e72f9313d7e7ebae724b6f614a894ec4f600cc
x-chunk-cache-v1/chunks/indices-000926854819.z	185174	4227465d671c2a91c42d242a739a8ec5e95edea97e583898ea75930eff40ae0f
x-chunk-cache-v1/chunks/indices-001021298510.z	189203	58cc164b4111193b5d21677df1e4fb4cdda9c6e6f4b1ac6b92987b35871a071f
x-chunk-cache-v1/chunks/indices-001021971049.z	183005	0a91a0e8136358d12dbc4efc34846de265dc558e82df64b304d3591ad662df39
x-chunk-cache-v1/chunks/indices-001108920734.z	191329	1fbae7ba164d3807ac2ead9d8c1c85c8359431759073b26a6b1697e80e788fef
x-chunk-cache-v1/chunks/indices-001110361889.z	187534	c3e8f5b3d7ab76617654e1984ca567888b410d74476f90af405718b53998075d
x-chunk-cache-v1/chunks/indices-001110457966.z	187421	0a80a5c22228ed3f54789f1f822982c281f869b67fa658ed87467f477105095a
x-chunk-cache-v1/chunks/indices-001111130505.z	184305	8692e5da39a07a7656c09f0a9723a33089a9bba1028f5cf59384381641606346
x-chunk-cache-v1/chunks/indices-001191354800.z	188627	66c201b4230191dabc43fc1b132401d6dbb19b1612fc89b7c49a8d9ea32d7c57
x-chunk-cache-v1/chunks/indices-001191450877.z	184852	a9176e5826c9af2b09cc6839421e7c0b793713a9c423e0e2ea1c72868eb3991a
x-chunk-cache-v1/chunks/indices-001274173174.z	185201	9ab90a8d6487e4de016b7a5cc30f5ea3dc5ba811c7555e7d5d3eb954d06249fa
x-chunk-cache-v1/chunks/indices-001274941790.z	184854	bc6c5eba0d04710b28af3a8c7dbc5d15632ff4255373ebefc2eb4867562ede40
x-chunk-cache-v1/chunks/indices-001368424711.z	185664	ebc2241e92b52132f5be1d326c676bb364cd6f41bdb1faa35dcc7c849537e191
x-chunk-cache-v1/chunks/indices-001369097250.z	181959	f4bfbbe4a9ce26fda9e89c4b1ec7d3d4b37f322fa55026889b8c97f60d25de91
x-chunk-cache-v1/chunks/indices-001369193327.z	180633	23b43f899343d25454046c8aea806931249c53d37b06ed93813fc054df164490
x-chunk-cache-v1/chunks/indices-001464117403.z	184667	6c1fe1cdde0d18b294b3dc4c5e0dfa93246db53140d6444ff687222a54280f6b
x-chunk-cache-v1/chunks/indices-001464213480.z	182372	bdd3e70be8c8b8eddea20782aca5d3ee1dd33733ed42e8b41b6a2fea64976215
x-chunk-cache-v1/chunks/indices-001558945402.z	183428	56ff6ae60613136e9b7ec028f2e7a95a34e9df89fd93e06b1fcd195f59aaf935
x-chunk-cache-v1/chunks/indices-001651179322.z	185457	6dd0ba88475bfd3ab419ae74e0992fd2c40b9f788cbb6e71dd51eedb7fafbda5
x-chunk-cache-v1/chunks/indices-001651947938.z	180393	b5d3df4a0dbae8ef37b25c81014df7541525b3de9eb728da41c4c07f6a3fdcca
x-chunk-cache-v1/chunks/indices-001750138632.z	182293	ed073c502efbc5c0b828963991df94ffd1bed5db83bbe1f6b402b59c0d7c7bd1
x-chunk-cache-v1/chunks/indices-001948345483.z	180937	0a09c8cba2fc0c090db4e4f0907d1f9b6c0d8cc6c40aad3210be5185be11a736
x-chunk-cache-v1/chunks/indices-002054510568.z	180762	03da20cb840fc4d99eda1f4ed740586e8fd3a7bc4328157b9f8309b31ec0e13e
x-chunk-cache-v1/chunks/indices-002352061037.z	182229	8bb8a73b83d766b34f354ad1044222e7cfda701bb891cb3568378304d10bf7d5
x-chunk-cache-v1/chunks/indptr-000000000000.z	21247	dc62cf4a3855e9ee85a588fd6bf6ce27a08e67947af967a8dffbe54e01611405
x-chunk-cache-v1/chunks/indptr-000000007876.z	21236	1b2f3a837d51eb701559d4cfef97ebdf46a14f4d0aa2f5ae88c8254614d85cfb
x-chunk-cache-v1/chunks/indptr-000000015752.z	21162	a299cf68c421067aeb99a2823d76798bfed9d9473310ee73190a8a70430872c7
x-chunk-cache-v1/chunks/indptr-000000023628.z	21162	f7399ec331d288856c48bf10aa1a487a7a1a48c911d77956f4dc0d1ba027207d
x-chunk-cache-v1/chunks/indptr-000000031504.z	21135	afb0ba93d3858dacd80c9189edc0433619c343658bc159baba8b88376d150b50
x-chunk-cache-v1/chunks/indptr-000000039380.z	21211	69bb6e5cfdd7ab49d4308640f108b2566a17f29c727719b7d484187399bbe207
x-chunk-cache-v1/chunks/indptr-000000047256.z	21182	d94b39e6d856143c2515ffdb5c80ff13a6924c3c828fa7179dc39d9b035af7ab
x-chunk-cache-v1/chunks/indptr-000000055132.z	21233	7c85e2344b63a8c97abffba4f594bc0fe60c7cccbc1f8f4f21cf0f9f5e808715
x-chunk-cache-v1/chunks/indptr-000000063008.z	21188	7b2b4f7d45d86b1a7a7787fd60688681fd4d44cf40d4ed6dd08336c55a237a65
x-chunk-cache-v1/chunks/indptr-000000070884.z	21187	12914b23a5adefe1701f221c8e58b1f9ce11aafe095b1137defbf8b5cc331d09
x-chunk-cache-v1/chunks/indptr-000000078760.z	21161	54586a9a34e4d9c3b3c32be97771da9ee2cef13c367befc8be8038dd3c892bc3
x-chunk-cache-v1/chunks/indptr-000000086636.z	21103	15bb096ce24abbab369942cbe2e1b6cbabafc48b4eafc66116b43b6497023491
x-chunk-cache-v1/chunks/indptr-000000094512.z	21060	450a0499a3cd9452347b27b649104db9d99bfdf8fd300d8127e1d5cfeeee7dd9
x-chunk-cache-v1/chunks/indptr-000000102388.z	21111	96eedb99aecfc4b3bf2c94c9237fa34535d13cd002e48fb7332dab2177f732f7
x-chunk-cache-v1/chunks/indptr-000000110264.z	21138	288cafcbef29146b79c0c0834e4a635a5258b3bc6aff8713cbb141612e71f461
x-chunk-cache-v1/chunks/indptr-000000118140.z	21127	f22f2912b5d20f9a74dce78a74a1e462cf3bdc1dadae93697c4c927a85dd1ece
x-chunk-cache-v1/chunks/indptr-000000126016.z	21158	98e0e2afeca075228b84f267bdeb18b8fa912b38fc5a9bc5da9bf3cacaf7b6b5
x-chunk-cache-v1/chunks/indptr-000000133892.z	21215	e96a63ceee0d848971a754fd363c030a3a5e33d14898c8ba1846028a60cb1672
x-chunk-cache-v1/chunks/indptr-000000141768.z	21186	b92939274f425a1c433ccf85264572d74c3e323748470201fb48d4cd15562338
x-chunk-cache-v1/chunks/indptr-000000149644.z	21127	516fad39b0e6e88edf7361e0c0f48b89acb3f981641037c38ebd28f35e7581f1
x-chunk-cache-v1/chunks/indptr-000000157520.z	21096	a2890180e593c9be8d24f50f9f0cd057cdd423640aa0d6a9ab794a183f7493e8
x-chunk-cache-v1/chunks/indptr-000000165396.z	21117	300b35e0141b8565d351209179017f925965d2e684e9b6990f8d5ff7fb90a77b
x-chunk-cache-v1/chunks/indptr-000000173272.z	21170	e339ae3971c3be6f015d6efc8c9ef82af20b557655439c22f66e0e488e9ae81d
x-chunk-cache-v1/chunks/indptr-000000181148.z	21136	0b329710d7495657366421347e9f3d7c3c97b66a45c3ddc2e506f3fe00f6d683
x-chunk-cache-v1/chunks/indptr-000000189024.z	21197	bdf3887d14c2d354d7e025d52e67710139272f1276e2a75e766be31e59946a12
x-chunk-cache-v1/chunks/indptr-000000196900.z	21194	779564781c03edf499b0a6639b7a684c69b8bcec6ce5a7bb017eeaff54c004bb
x-chunk-cache-v1/chunks/indptr-000000204776.z	21196	e8c182758cdd4f8988d958a4af88da033b7d4cb6ff5d7ab1bbb10a5b04f8fc68
x-chunk-cache-v1/chunks/indptr-000000212652.z	21118	1793be39fac3545df3a119d7db2468aa385252959a6ced78348b356f1620752f
x-chunk-cache-v1/chunks/indptr-000000220528.z	21106	9484efa00928fc1ed3322757da8355c3b8632213f2fc6dc684fa36a9ad451f25
x-chunk-cache-v1/chunks/indptr-000000228404.z	21080	b0f6dd108836a9735c6df8d106b50c99f57e4620da60be54e49d2359e0fbe1f8
x-chunk-cache-v1/chunks/indptr-000000236280.z	21154	6ec1321b6ee47d3398dbe6eea9fb373502a252ccc71bc9912f61c11c64a86463
x-chunk-cache-v1/chunks/indptr-000000244156.z	21143	ac69485e357518e2c4505c50d5cab75c70e942cf70db8c0839eb8362032c938f
x-chunk-cache-v1/chunks/indptr-000000252032.z	21156	64fbb6e7b158192b0102f8751e97dfe63649029ad685509c0f0ccf67d6cb86bd
x-chunk-cache-v1/chunks/indptr-000000259908.z	21198	4063eabdf8d40c1ffb5aea5bf966f627a290311b76c29b220455f7dad523c0da
x-chunk-cache-v1/chunks/indptr-000000267784.z	21259	1e87975d17d2a3f8cfed5760dea86849b782f72bd54a197ea3ab3bbd6bb74afb
x-chunk-cache-v1/chunks/indptr-000000275660.z	21198	836b5eba1bba49cf8cac71b53bc5a8e18625b85b7424310d6930b9dc24755e63
x-chunk-cache-v1/chunks/indptr-000000283536.z	21173	630c59ad30ff5fc6dc7706b484609097f3bf8797cb5c7a40a459a4ce83e5171b
x-chunk-cache-v1/chunks/indptr-000000291412.z	21115	409ba781085abb12c77a0808cd96cb06bcdfdc4d23012e2e5739e01f5cebb802
x-chunk-cache-v1/chunks/indptr-000000299288.z	21160	834035144abc072aa7cfaaee980f4d0a48a5913782d284ddc8a9bd056453700a
x-chunk-cache-v1/chunks/indptr-000000307164.z	21229	349feb484738e2c0268997fc124a173100bb50f05ad91165bad38218d96a76ae
x-chunk-cache-v1/chunks/indptr-000000315040.z	21173	9278d66480553ff4068bd1ecc45d5eba804e2243064115b1d9016b958c308d8d
x-chunk-cache-v1/chunks/indptr-000000322916.z	21245	e66389e4729a558c68effddc8766e650fa8ef3a4430637e853fd62c3c79b0eb4
x-chunk-cache-v1/chunks/indptr-000000330792.z	21223	d6f7da5e7225dce12d4591dc4bad47f0a16c6de6b8cf7e31d633db5118d917bc
x-chunk-cache-v1/chunks/indptr-000000338668.z	21231	031c2d00da2d067196cc14dc1515b3397f97ba9bdefed36df9253b2484d63b7d
x-chunk-cache-v1/chunks/indptr-000000346544.z	21165	11faa1f64855062e0adfff98f21afad08c7d72d979ca056d63c64d3669970501
x-chunk-cache-v1/chunks/indptr-000000354420.z	21157	6c51a6bcaa5ec19c0dbdad0e67df0d40f970b2dcd38e1779d5673b905ac2e25c
x-chunk-cache-v1/chunks/indptr-000000362296.z	21105	eab0a8af7d3c3e080a544951e2d2e1f1a75ffcbff138bbb27afac12ccd023371
x-chunk-cache-v1/chunks/indptr-000000370172.z	21181	70888b3898f566505aa4afdfc2f2a6c3ee8cbd3607b907af6480cbd30f2ff6ba
x-chunk-cache-v1/chunks/indptr-000000378048.z	21171	6d084c0b7b728e1a19aa68542c7b0f7c81751b6a0506a07aaa5618f407a2e40a
x-chunk-cache-v1/chunks/indptr-000000385924.z	21182	c9a5f0c3b512bd12bed5b5e33a81c62de073ed8c39f60bf2ca533ade8668db7e
x-chunk-cache-v1/chunks/indptr-000000393800.z	21215	6b54d23c56385187f1ac830f4ebb37e171727fc9cd19bf4d4f9766308f3ed159
x-chunk-cache-v1/chunks/indptr-000000401676.z	21265	5537301add6a36bd7089df8f5dede632747a2a23bd5624f4b6f8f35dca6058c3
x-chunk-cache-v1/chunks/indptr-000000409552.z	21197	2e5793efb9d9380c421391d2339bcfb13bda5f30bf60c87775c2455dedf95c5c
x-chunk-cache-v1/chunks/indptr-000000417428.z	21145	44f4a1f2621d9a7640e49895a93c296a58d23d07ddc275a040748fcb699bb535
x-chunk-cache-v1/chunks/indptr-000000425304.z	21104	7c5e849282fe8a96cdd54c8f51035cdb0e86a4e9f0b31c5d066755d74395d256
x-chunk-cache-v1/chunks/indptr-000000433180.z	21142	d561fcc491b4ea5fdabfa58503b1351877b053c1b917be879bfc6d4f12b9ef57
x-chunk-cache-v1/chunks/indptr-000000441056.z	21195	2acf645c619d13bc9bc13371db832760c79b514b868ca1ec1c2c78ef0c3cf8be
x-chunk-cache-v1/chunks/indptr-000000448932.z	21137	29913c7e5ea6343d8e09f53c29a6183a5d1b156cfd4ce5a40cd7f423373ef0bf
x-chunk-cache-v1/chunks/indptr-000000456808.z	21224	174bddde75f718572be2353b5ea4c11e5b25221d2e1ce6c001633969c71da85b
x-chunk-cache-v1/chunks/indptr-000000464684.z	21184	6b3e6ef72e1d29b8445a9520c686e464d14cc7b8179424c8c9c3367035f47e96
x-chunk-cache-v1/chunks/indptr-000000472560.z	21167	af3d2ed12f9372f2341b3a56d790da38c1160e3d9c821ead4d214b69039dc4d7
x-chunk-cache-v1/chunks/indptr-000000480436.z	21116	ff6510bbc328fefadb5155dfb38b807ef299199a7268eb7fa92dd005fd32f89e
x-chunk-cache-v1/chunks/indptr-000000488312.z	21105	d7425231d41dc34c58551e85bddaaf4d7c2bf889f354d82033f26ad66d989ab2
x-chunk-cache-v1/chunks/indptr-000000496188.z	21100	6dca82ae0f2ae464e9ad85c23e34e885a2fcfc5049eb6e087c684753e8a3fdbe
x-chunk-cache-v1/chunks/indptr-000000504064.z	21163	c9371068ab51cffe0a54f60f049e75ca1c9fe8dc8168e0314a0ed04a0136640b
x-chunk-cache-v1/chunks/indptr-000000511940.z	21127	f61bac4c48231d387c64a799fd32929cf8f8e050f22fd8ad2ee134bc2766cbad
x-chunk-cache-v1/chunks/indptr-000000519816.z	21184	eed70d8d6a905c0a926ebbf1d63911c29576b3489c964db9aad2c3c12364a161
x-chunk-cache-v1/chunks/indptr-000000527692.z	21191	bde86f3bde45de4f5d0d65903d8a679bd58b7d3570ae886715f7d2b766016da6
x-chunk-cache-v1/chunks/indptr-000000535568.z	21192	ec9e753dfe78f0082c073bf674131cd6b75fc5763a4e02bd60fc9ff38cd97728
x-chunk-cache-v1/chunks/indptr-000000543444.z	21136	612bd9d95f7caf0510f4ee3785fa59cdc758e3398fc21bb5d2399fd48c3a2c65
x-chunk-cache-v1/chunks/indptr-000000551320.z	21112	44d3f444c2e583216cabdb4ce54b10cae67bfa26e1289f10c50f136cce694691
x-chunk-cache-v1/chunks/indptr-000000559196.z	21091	18ce2ecee494aaa3dbcd422d2165451d68ddac03288b5bf6a0e3417e2ee5bcf4
x-chunk-cache-v1/chunks/indptr-000000567072.z	21156	0b64736cefd572742ad247df95448f7aefdf9e548244f38030490fccba27b1f4
x-chunk-cache-v1/chunks/indptr-000000574948.z	21131	ce5ce20d0cbbe80c4d9d14b789f1b9ba4025c1ca01ef6f43d146ef213fa9e8a0
x-chunk-cache-v1/chunks/indptr-000000582824.z	21185	104bffbb7566db1cb1d41f7ddca0d26148beac02ceed1ce1e30cd1f2b78b1b6f
x-chunk-cache-v1/chunks/indptr-000000590700.z	21163	b9f2425f6dbedce654f7dd4f73e5f12c422f66c59854bd7ded0264d4c8805ff0
x-chunk-cache-v1/chunks/indptr-000000598576.z	21183	155a74db46cf4427d90857e6b66ed3e8d1e6b99401e87be6f4194444739ac2ca
x-chunk-cache-v1/chunks/indptr-000000606452.z	21110	4f199d8bd98f1dfc803cfd7e12b7e927d0d542bdd1436d75209079ffcabda6ff
x-chunk-cache-v1/chunks/indptr-000000614328.z	21104	52ac8dcb0479f7ff193292e4c1937fa0126a1dd06c1e62715bbfb482c7a474ec
x-chunk-cache-v1/chunks/indptr-000000622204.z	21055	6bc694aaae233ae8a3df0d90a52d742b8971cf25772d8ec866c97618f414d7d4
x-chunk-cache-v1/chunks/indptr-000000630080.z	21101	b2ae04ef72a39c49b9b61207af1a500d1c23aa030ad277d6120db3a7dc7f0152
x-chunk-cache-v1/chunks/indptr-000000637956.z	21105	39501c5e5074d60bac21d11d58d1f0e5d175d1b8f9f9f3d897b6b2005b7e0366
x-chunk-cache-v1/chunks/indptr-000000645832.z	21132	e48d39ac451adf4282a7f860dcacc9c70197bb2c3734c00ce5d70d605692124d
x-chunk-cache-v1/chunks/indptr-000000653708.z	21152	f6b6e6300cd847e85cf5828187e47368919b45ddc8b5ea5684832b2ed65658ed
x-chunk-cache-v1/chunks/indptr-000000661584.z	21196	0d720126fddcfa214acabe9a018f831fa86617e5f93f5afea3dd30a07a282064
x-chunk-cache-v1/chunks/indptr-000000669460.z	21131	5309d5b0dbb91ac5fd3a4199711f7c8ea0ebb4df549692cf5060a09fb57ec2a6
x-chunk-cache-v1/chunks/indptr-000000677336.z	21097	0d939390bb5b5f465d2af8fea2703914d2df63d4eea18eee4874fc34453ac928
x-chunk-cache-v1/chunks/indptr-000000685212.z	21077	dca206cfc4bc1bf7d42a86089f0d8e57b3af8f2a05d0252239fd2f69d741f46b
x-chunk-cache-v1/chunks/indptr-000000693088.z	21115	74f3a9a45801aaf9de3ca50df1749f774db71967570bee52098a70253138a60d
x-chunk-cache-v1/chunks/indptr-000000700964.z	21108	e95bfb0869af53d0e4a5209eefd9ab83a0d87d0c35db2fe0057c244ceef14c40
x-chunk-cache-v1/chunks/indptr-000000708840.z	21147	af464456218443a9e5d3e8518c0aa3e9729164e6f2bdd7e5e40c35078680b7e9
x-chunk-cache-v1/chunks/indptr-000000716716.z	21136	088217153309a05a647829ed1ab3c6b9f77337fb03194fdbe1be29cb95f6838b
x-chunk-cache-v1/chunks/indptr-000000724592.z	21135	7a5e81938cce33f212b21e031550784c37871c006380bcadb7a32a18a8dbb310
x-chunk-cache-v1/chunks/indptr-000000732468.z	21105	ea4fcace9ff673f5c60c968e02d0821c67c4866e7cd5d16af25d4b624529149c
x-chunk-cache-v1/chunks/indptr-000000740344.z	21084	70127446c73f8d7e4ad59042dcd18f8b007edd8559201ec36203b359f911d96c
x-chunk-cache-v1/chunks/indptr-000000748220.z	21059	03f862afe61fd98760deaeeb42363f387811c6d39680220d89742833ba1c65c6
x-chunk-cache-v1/chunks/indptr-000000756096.z	21108	392c6438fe9139c754d2a054196db7538741c2135f81053cf50d32e57359a4c9
x-chunk-cache-v1/chunks/indptr-000000763972.z	21112	3d93d8d488db623cf40cf4ca879df77a664eab5f3223a6bbe81693a7b231efb0
x-chunk-cache-v1/chunks/indptr-000000771848.z	21139	70ac433eacfb13bdd9708c62612901eae2c1e1ef83ddf7d8a20b29d0315e6239
x-chunk-cache-v1/chunks/indptr-000000779724.z	21212	e6884feac3d72df059b07aad38b337b205b1a91da5dd708bba261f1ba3a6c126
x-chunk-cache-v1/chunks/indptr-000000787600.z	21154	a923bcdbef217817f86d78838c01934713c6f1670982132373cc10f7bbdd2ab9
x-chunk-cache-v1/chunks/indptr-000000795476.z	21098	0a4e883490ed0cf32acb4b28a055ecc8483a237050a507337b1929eab14ebad3
x-chunk-cache-v1/chunks/indptr-000000803352.z	21069	545b60a84f4218cef74538af7a7c43803dcc4abb0be4a2b7498e22fb2d8097bb
x-chunk-cache-v1/chunks/indptr-000000811228.z	21126	bddb1ffab316f3fdec256a3df13ce15e3317f3f943f4cbed12b6063a1b0098cd
x-chunk-cache-v1/chunks/indptr-000000819104.z	21127	fcb360675eae9758c0c0898f07d0f75841dd4fd647511068934b25a7143629fe
x-chunk-cache-v1/chunks/indptr-000000826980.z	21155	58457c80c940da1e0c7083c3dff9ce239597b7a3bede3dc53b5a60e4997037f6
x-chunk-cache-v1/chunks/indptr-000000834856.z	21159	51954f4b3f75eb691207b86d7325d07fb8dd53bb0f1dee5efebc996bbf9b5cfb
x-chunk-cache-v1/chunks/indptr-000000842732.z	21187	a59e10fa17cb08ce2de9a89c8c931a166b55cfb8e0ccae9be6319046d4bc9f34
x-chunk-cache-v1/chunks/indptr-000000850608.z	21133	ad1c176cf4ffb6c420f9874ee2cd547819b36688738aae2b7656379603f8c7a4
x-chunk-cache-v1/chunks/indptr-000000858484.z	21119	5a82bb250a04e2d0ec5c25fb9e0eb3d6f6c7c93a720b33e3ebc85a45d92de068
x-chunk-cache-v1/chunks/indptr-000000866360.z	21062	15da824e7d1811a15f3445bd7bea372023ba9840cbc383fc5a7bbf94351426cc
x-chunk-cache-v1/chunks/indptr-000000874236.z	21129	def4dd2ab24e85c2679808ab9189088aafd2e819583d4c64fb2166f657fe4141
x-chunk-cache-v1/chunks/indptr-000000882112.z	21132	8395d4177af57ef48ca1559b2dcdac3fc75c6f43805d3d6b9822802d44c36a95
x-chunk-cache-v1/chunks/indptr-000000889988.z	21149	853ffe63647b00bfdc4427636b36e45ec9659282e487e10add7629e481923a5c
x-chunk-cache-v1/chunks/indptr-000000897864.z	21168	d3611192063dcc7d4726a15c69055ae7730a24a30b7b518e2b2fd5b9010e1d3a
x-chunk-cache-v1/chunks/indptr-000000905740.z	21206	b74e98cf699b92d9b094ba241ab200ac143af5504199f893369a11e814efa849
x-chunk-cache-v1/chunks/indptr-000000913616.z	21149	3c44177422c1160b968c4c88725cb4f5f6029f6eedbab880aa0c7761ed7841b4
x-chunk-cache-v1/chunks/indptr-000000921492.z	21094	d53c5cd3029b26ccf6a101d43e9bdb314170d3c8d91cbd0ae8ca855f6b2c3352
x-chunk-cache-v1/chunks/indptr-000000929368.z	21068	d524af8dde7299c280fc89428d94e933ebd4327f990d79b2d67daff0405e84ce
x-chunk-cache-v1/chunks/indptr-000000937244.z	21122	9b5ee7eddf5d8a03b05fe2d3bf115f6cad49615078c1eadb239a15c7144a84fa
x-chunk-cache-v1/chunks/indptr-000000945120.z	21140	1ee54a38a60ecc9a1439d2529d4e70b914b102cdd7d4a929d8795341a51a379d
x-chunk-cache-v1/chunks/indptr-000000952996.z	21138	b3c1e777ae1338380f645569a65bc675bc1973e992e1e0517efc23843d22d350
x-chunk-cache-v1/chunks/indptr-000000960872.z	21176	fb27bfdc07f19b6809f2dcc2bf5d2a6a7bccc40ec7840b0b319277520621cac2
x-chunk-cache-v1/chunks/indptr-000000968748.z	21209	27e66d7280d9e53786e828e72af40fc5bc730a5cf548818a6ff646bd23b238d9
x-chunk-cache-v1/chunks/indptr-000000976624.z	21155	4d8335610ec654e510f10141d0e35bbebbe31c7a87440d389360a00c5035d356
x-chunk-cache-v1/chunks/indptr-000000984500.z	21127	c34a1e810bffa6a7f9fb0096477951d7052f0aee2ebedc7f341fd5d4e25d2280
x-chunk-cache-v1/chunks/indptr-000000992376.z	21072	2bd5d174a71e62c2812925e24ee5b61db839b11d411db039145c0a4da76a5820
x-chunk-cache-v1/chunks/indptr-000001000252.z	21130	45722886f3c16ae9dd4f4ab8d56066f8c91eb28a0deada74346943fb7b466047
x-chunk-cache-v1/chunks/indptr-000001008128.z	21121	d3de71692518d4d8c111afe1b3ffc62b9c9e533a24b2f88e6b55eeb8c8184231
x-chunk-cache-v1/chunks/indptr-000001016004.z	21184	28913ade1a7f4c095c1a9553e74eb889f55ef9e3b93e16963aa69ab6168e0222
x-chunk-cache-v1/chunks/indptr-000001023880.z	21192	e3cf46497cd7c6037d2a7fbbf2d559e1e5e461a6f673258efa55149b0d4e2aac
x-chunk-cache-v1/chunks/indptr-000001031756.z	21207	2ac45f77d579a1862b1d4e708deaf80cfca8c52bb6d11f2ee85490bd6253389f
x-chunk-cache-v1/chunks/indptr-000001039632.z	21130	e8380e13dc8ade57b67a61a1a5a508d84b1970ea2879234f2090fa59cecb8967
x-chunk-cache-v1/chunks/indptr-000001047508.z	21091	5dca9d06e3c91c6ac49eb27ef2ab40468a48c0c34e3b19bcfd4178bb3517a41d
x-chunk-cache-v1/chunks/indptr-000001055384.z	21108	50e9c5e4413be10fbafa3c0801be8f60f8686d6b1bdb6e78cee6dee023b5a33e
x-chunk-cache-v1/chunks/indptr-000001063260.z	21165	fc47114679da407ca14f97950a1358b53d46f51b990fc5a62d7be6d4a75a8867
x-chunk-cache-v1/chunks/indptr-000001071136.z	21153	1cacb96cf04334117de6bb264dbc331e256f13522a16825118f4c9e394c95187
x-chunk-cache-v1/chunks/indptr-000001079012.z	21186	2c8ce22c01cad7a6d44d0a9afa12d212510a5161cb2fe4350fc3eed760debd63
x-chunk-cache-v1/chunks/indptr-000001086888.z	21193	cc7d3cd1058c1e9aa51052f743518f69dd9bacd0e62d65d2f063ac58c313c14a
x-chunk-cache-v1/chunks/indptr-000001094764.z	21162	e311d00a1a291d6e90ad261f7afce2f0f8003780a50a19342683a113d9032ba6
x-chunk-cache-v1/chunks/indptr-000001102640.z	21114	2b132c46a411b26e56a45204ac6b3e343f7afd23644ab17a12a97a4a45250f73
x-chunk-cache-v1/chunks/indptr-000001110516.z	21085	29a5256a651bb50a6cd0b0a523674cf500ec70c397985b1cb109f8e8471df3c7
x-chunk-cache-v1/chunks/indptr-000001118392.z	21080	40ac03bb6d1175eed394e56a3d559602a67b8a86ee3a065d6872444cb0ff1f58
x-chunk-cache-v1/chunks/indptr-000001126268.z	21168	b9f152cc0cb70ea541411f2be444419d3a7373ef492333a1da4ff843383d5726
x-chunk-cache-v1/chunks/indptr-000001134144.z	21130	16f67a3b99aa8627239b6eeed2a4c0019f87a3ef000476904919c5f1b7356e61
x-chunk-cache-v1/chunks/indptr-000001142020.z	21176	2e6a65e5511c537ea790dd409c6c43b047c1516485a76c512f5cdabe8b8d5ce5
x-chunk-cache-v1/chunks/indptr-000001149896.z	21147	84477be6773074072b03f7002bb685c1492801e9f97e0a097b4b3b88e9c48edd
x-chunk-cache-v1/chunks/indptr-000001157772.z	21193	3a39678217cc2553acf19772e2c3b28dee5579158c1ece24a21ef84fa82c72ee
x-chunk-cache-v1/chunks/indptr-000001165648.z	21148	8ee15d58e8090018f99dec57ee7db19d1b89a86035dcd52fb105561161fc3ba7
x-chunk-cache-v1/chunks/indptr-000001173524.z	21121	a9a041d0c0acc1ce02b7bda2a0fae21deed081982e510d5eca02066b75b1691b
x-chunk-cache-v1/chunks/indptr-000001181400.z	21072	883a02b13704bce0c28580f16be35df68eb2bad405f0989912dd74f24cddbeb5
x-chunk-cache-v1/chunks/indptr-000001189276.z	21129	8f09aab1a3953c5f4e153df09cb2cab07906ba203fd6644b03f04a9888f0071d
x-chunk-cache-v1/chunks/indptr-000001197152.z	21126	37264a0dcdb46e88489ea2cfaf06db51bc4224b499fb8a2abc2621dad184a8a4
x-chunk-cache-v1/chunks/indptr-000001205028.z	21166	218f1b3dff9c266194f12a24c2943a8257b42063e80d1a3fb081cd5699150572
x-chunk-cache-v1/chunks/indptr-000001212904.z	21206	e3d620049fc1dbce82481038cbdb1aad0c5aeef0cf36e3de7f25028fa9a98582
x-chunk-cache-v1/chunks/indptr-000001220780.z	21226	a66f3bcd508068fd8d5463d1e2191f293d5b3972efc339ebc4e58ace1cc8c9ad
x-chunk-cache-v1/chunks/indptr-000001228656.z	21169	6e13431e91ad5683438838d044f7a2e2c8453de5299431fdf75c784801d17f6c
x-chunk-cache-v1/chunks/indptr-000001236532.z	21144	5eb4931853408e0d17cac3e695f4e6e93fc5e4fe1084d46e0f95a2c9abd541b4
x-chunk-cache-v1/chunks/indptr-000001244408.z	21119	97f61c89e06278f97ed2c82eeea5e7f1bac64901431b922ed10bdf9c2d675505
x-chunk-cache-v1/chunks/indptr-000001252284.z	21167	51b2b2b58ae4aa892f88af729528db9688b78769e86e119e741637ac10c164b8
x-chunk-cache-v1/chunks/indptr-000001260160.z	21153	4657a6b0b1626037007f37aabb6fa2856cd875c22849c4687efb4f6dd88a618f
x-chunk-cache-v1/chunks/indptr-000001268036.z	21191	ed5a08d8210eb92fd92601fefe4b07f64401479684625ce4baf5c8899afe67ed
x-chunk-cache-v1/chunks/indptr-000001275912.z	21193	6b07f78815da5be08635dfcabf7b479cbf8ce8464ba1ed82e306eae32637e721
x-chunk-cache-v1/chunks/indptr-000001283788.z	21225	3b0037a100628e7b7534fd4bfee0a763f35ee72847ac3ea4024fea785322de4d
x-chunk-cache-v1/chunks/indptr-000001291664.z	21172	e4438acfedd62bd0a4005724f3829335c961cfa7f2fbcccec0613e3b8ab3adb3
x-chunk-cache-v1/chunks/indptr-000001299540.z	21135	804db44871bde24465a20fd03b3aa04059cd4b5c8e1ff4ea0d5302800b553c97
x-chunk-cache-v1/chunks/indptr-000001307416.z	21080	ba5c5a83ddbac7781c7c7842199b03ca4e3090f10ab8571672676daf6eb23bda
x-chunk-cache-v1/chunks/indptr-000001315292.z	21163	b0a24524fc3db1cbc307a9b11f600a2583a92793741bcc94f085b787e468b97a
x-chunk-cache-v1/chunks/indptr-000001323168.z	21158	ae9949bc95f01aa3fbdef238a07b1a3942366fb074fc13864a944c6a86c0a46e
x-chunk-cache-v1/chunks/indptr-000001331044.z	21175	95c77a61685ad8e9db3473b28d6d87bda39d80104df340f29fb86919d015c595
x-chunk-cache-v1/chunks/indptr-000001338920.z	21195	6239332fbd494e00d3e94ea219b4d75ad0fd5b7c7e5577d8c4af499802178856
x-chunk-cache-v1/chunks/indptr-000001346796.z	21228	6ccf80ebfd17d5753227e1d574587da42fc44cc01c99e6fae9184dfced58f3ff
x-chunk-cache-v1/chunks/indptr-000001354672.z	21176	b2340ae687a5ea30d4f2965e16e2df8f87e0c59fe5e4959638537349437beea5
x-chunk-cache-v1/chunks/indptr-000001362548.z	21139	2079e9bd40b85c2231ad744709e26c24e81329067768945c1ce788be387cfc28
x-chunk-cache-v1/chunks/indptr-000001370424.z	21108	06173158b56943ec63a0a789ec8f5efd5db74c00c9dc2223b44c50d224ad5232
x-chunk-cache-v1/chunks/indptr-000001378300.z	21158	9f85909483e36088b00be177266ea99c64eadd1c3efe3930561c44bf30b94cd1
x-chunk-cache-v1/chunks/indptr-000001386176.z	21147	e55f3e1cd9d8158d3309e6d0ae8a0ea87526974a810a2dcf4b8fa4fc9db8eedd
x-chunk-cache-v1/chunks/indptr-000001394052.z	21188	26bf7cc0a04613186a140d0ebbdf65a79a37c2535d1446cab0c87fe54c26c93f
x-chunk-cache-v1/chunks/indptr-000001401928.z	21169	2471c25c0cfb4bb8cea75db2c037bcc788c88eeeeb65ffad4f8f81ed3b5858c5
x-chunk-cache-v1/chunks/indptr-000001409804.z	21171	27743434e67e6b348ddf67b195243cfdbb747390e11f41026204e00991bb170f
x-chunk-cache-v1/chunks/indptr-000001417680.z	21145	0051162b235d6958086f1e27f61af1fccf91b095ab1c8ef47f71eab19bd7e0aa
x-chunk-cache-v1/chunks/indptr-000001425556.z	21092	905c4cd9fbb9ba97f252ed9b942e4b8853325ec11a6fbac9a221a6016188cbd6
x-chunk-cache-v1/chunks/indptr-000001433432.z	21065	214d62fec1a46cf67beee0f8f108b860e43a15756ad08d732584f3a79d44eb8b
x-chunk-cache-v1/chunks/indptr-000001441308.z	21120	049c7311a4648b5699667d912fbdd498bfc3a69aca6b246c14d46150d3dd03fe
x-chunk-cache-v1/chunks/indptr-000001449184.z	21114	1049169e762e72232f564867e7d4f6b7002436a4f7b69ba0084b7a6682776d28
x-chunk-cache-v1/chunks/indptr-000001457060.z	21147	13b94318b44887d7b779ff2fcbb82face7ab16d18e4cdd16237d0001285416e9
x-chunk-cache-v1/chunks/indptr-000001464936.z	21177	be247bf8d31d6799cdc812f0852b90512661005153c95f283ec30d6f771d1409
x-chunk-cache-v1/chunks/indptr-000001472812.z	21208	97b579dd71f0516b3f045eb2a7e06d0e36a89f552a4180e1031b412a71582f58
x-chunk-cache-v1/chunks/indptr-000001480688.z	21164	dc1cd300e870a90f4c0b30dd545a445d30e83ec48d71c448b5555e0ad700c458
x-chunk-cache-v1/chunks/indptr-000001488564.z	21121	155ecfceeab32316def22afe56558e0dbfdeeb7176cf55f883cfe2f5a60fec12
x-chunk-cache-v1/chunks/indptr-000001496440.z	21100	59054fd9efdfe4eacdb26d7a5826bfa97099e0c66f7d0cc080223af119ff3902
x-chunk-cache-v1/chunks/indptr-000001504316.z	21142	17e0c0cf3e330abe42bde27c1d11373194ee9f0af32c39f75e7b3fdf29ac9fa6
x-chunk-cache-v1/chunks/indptr-000001512192.z	21152	7c08e456e27f35f8dbd254ef81fd3f5419d52c9d13c466a8a9a393534d82f51a
x-chunk-cache-v1/chunks/indptr-000001520068.z	21130	c2cae4fe3ae2d34ffa7c64150092d06b2f0f4cff347f8c1c3e1b871c2fbdaf33
x-chunk-cache-v1/chunks/indptr-000001527944.z	21194	2ce2b44c75103642a1a4ce0446573adf0433075115bf0beb667eba876529e746
x-chunk-cache-v1/chunks/indptr-000001535820.z	21141	32c6b010d782f2ae3c5f8d86bdd87f75d3cba82cad8b19bc4602da89f30c7ec6
x-chunk-cache-v1/chunks/indptr-000001543696.z	21143	21ae89b8848bbf34f93680cb080d34275bee067a8429707775e0053d6fe72e60
x-chunk-cache-v1/chunks/indptr-000001551572.z	21072	ba2f537e76987c08a0b501ed076331526dafb7c3bec4f3c1c568c032309ba809
x-chunk-cache-v1/chunks/indptr-000001559448.z	21065	735a2173081e4f96c2aa370dfe246cb42668a4c1933a30b8ac7933cebf1b5cd0
x-chunk-cache-v1/chunks/indptr-000001567324.z	21081	7078386da922d70cc90e9a0f7b9a8e1c8efde79b0da2bad8ea348b386afab27e
x-chunk-cache-v1/chunks/indptr-000001575200.z	21133	8cf35a91b750a03f5cc6ed06385e592654aaa6b2e3646551c4d0e0346cda7f82
x-chunk-cache-v1/chunks/indptr-000001583076.z	21097	07e5f34c2aacb35d6277d1112509e8333a91f4cbb262a56d3b8fcb94a82a0f96
x-chunk-cache-v1/chunks/indptr-000001590952.z	21150	4ba8decff516f0f2f4750304a97b7590e6be0e091f2b5a3dd95007433a93d6d4
x-chunk-cache-v1/chunks/indptr-000001598828.z	21239	f490faca29b99a743ab9f9029438dab90677a73c893f14ae27b7d183d5516e59
x-chunk-cache-v1/chunks/indptr-000001606704.z	21222	37b73f12ae21556ec271c2fb47d03c27dd20583cab6969956e4cf28f45e8d411
x-chunk-cache-v1/chunks/indptr-000001614580.z	21151	6924d77474fab056c61708bb3dbed9c5b97450a8c5af746614de386b53a97224
x-chunk-cache-v1/chunks/indptr-000001622456.z	21129	1b11a8706bc757ef35207790d4302efa84c0b0a24974bb991d97193fa8061291
x-chunk-cache-v1/chunks/indptr-000001630332.z	21124	0d9f3e5a132defbf5c5650dfe6ec2375cd855330bd7d3ec190eed825824bd307
x-chunk-cache-v1/chunks/indptr-000001638208.z	21178	3885854986697a9900c1b02bd413f757890b6ef5301025b9c4e2a5ca66c11657
x-chunk-cache-v1/chunks/indptr-000001646084.z	21151	7a06f572d3d8ad72297022b3f9d7f087fb085722626e5c45e536289ea652eb4b
x-chunk-cache-v1/chunks/indptr-000001653960.z	21205	afa01d50134e176b7ddfd1817241051f26dca05a729255506b759ce7b545ca49
x-chunk-cache-v1/chunks/indptr-000001661836.z	21197	062d4c309b71c6ad3f9ad1c7122f0e9cedfbbadb2cd9e44135530033812b6253
x-chunk-cache-v1/chunks/indptr-000001669712.z	21167	b1fc3d5ef37c9dc322aac9f4c8d50aea831bc6d29d8da0e1a57f02409be0b3a5
x-chunk-cache-v1/chunks/indptr-000001677588.z	21128	693b953d1482149b9a720e70c8ed9dce28e0e4c61d82cf2bc6f0da5d562dc810
x-chunk-cache-v1/chunks/indptr-000001685464.z	21100	18cd0238c8fcca61d6d17f36cd5bb0667924176b3c2a287ea58218cf4067d9dc
x-chunk-cache-v1/chunks/indptr-000001693340.z	21055	939a81fcb2203bd8edbe862b82a89598cb51336f84c61df3fb9602d6c888ae74
x-chunk-cache-v1/chunks/indptr-000001701216.z	21102	a8ae2434d4c0e71d758ec2ec998d71c4e2cbcd14be0b70f5125da97c588fd376
x-chunk-cache-v1/chunks/indptr-000001709092.z	21119	d69963b847019869c9a128f7eeafc3672b1b1a9cd443867ea57bad129e9ce3b1
x-chunk-cache-v1/chunks/indptr-000001716968.z	21123	620024d3f1211d301278181d3d793dd0d26f9814f712c717e6c8f46b690541cf
x-chunk-cache-v1/chunks/indptr-000001724844.z	21164	d39f3dbf6b4a91ce4765b6f39b3f0ad9820cd0e00afacfdb1f18418a1b2cd338
x-chunk-cache-v1/chunks/indptr-000001732720.z	21193	200173faf7b6e8d80f45530e1755d8c5a15a1af7c93a64d77b7da8e1ade86e8b
x-chunk-cache-v1/chunks/indptr-000001740596.z	21168	2d3d764472ca829fada43276601bf19d5941a02bd7e48578a21e211be8891e58
x-chunk-cache-v1/chunks/indptr-000001748472.z	21117	07a2f409528970ccc689409179ea7558eeff1f25b7709b65cb527d638de91ec9
x-chunk-cache-v1/chunks/indptr-000001756348.z	21075	b777ff4c3e7e04ec3d90ad052032bab9a9124a9de3b327d73fe9d77b65c3b243
x-chunk-cache-v1/chunks/indptr-000001764224.z	21095	dbef61748cf247f669237920a4e7fc79ff9db50411d43877a14e872f95f53754
x-chunk-cache-v1/chunks/indptr-000001772100.z	21148	4b78c79b82a5d58d39125c9cd634f88ba8a53e9f0291dbd5e7621799102664f3
x-chunk-cache-v1/chunks/indptr-000001779976.z	21114	220d6ae069e0d1b9facc7913d2285f5d7ab177ac2d298b792af8fc607d31ff23
x-chunk-cache-v1/chunks/indptr-000001787852.z	21155	67a9677476cbaa32035b1c70a57d97faf4c754f60a4afff7549df5ca9969b95a
x-chunk-cache-v1/chunks/indptr-000001795728.z	21143	63f6c8947059fb79aee192d0ed40e4fab190fa1c2456e7234dfbfe4d5f9b9fc6
x-chunk-cache-v1/chunks/indptr-000001803604.z	21149	dd8eb3f048d2695773d3b63270fcfffbcdebd71a235613e3d7c2319220d8f9d3
x-chunk-cache-v1/chunks/indptr-000001811480.z	21093	5c39d32257dec8902205d8b447496606e2a0bf6f74a326dacf11149b1be34e3f
x-chunk-cache-v1/chunks/indptr-000001819356.z	21087	1db3afc528c6680aed56c73799fb59bd87edc6fcf1d13b7c441459ced3740272
x-chunk-cache-v1/chunks/indptr-000001827232.z	21064	9892e197e9966858295a615adbbcf82f57c5f1c1a1af7dea61539b82d7e1b9e0
x-chunk-cache-v1/chunks/indptr-000001835108.z	21128	474006a27608a5e91a3edbf0c8be666f3fa3bf63d16665d5b145fa69aaa8090b
x-chunk-cache-v1/chunks/indptr-000001842984.z	21097	e54a518496fc73c348ecaf2c238e244e7b7531cfa6e83fb85deba035c06fbb62
x-chunk-cache-v1/chunks/indptr-000001850860.z	21132	2a43c34d70d0c9e273f5a3701fba0a56a5bec6d4103e08cd0a53806e0112a8af
x-chunk-cache-v1/chunks/indptr-000001858736.z	21134	8cb7fcb2e026d6053819cc50dd3591d1884b526d4aa0b4da20b8da81ead28ff7
x-chunk-cache-v1/chunks/indptr-000001866612.z	21151	37cb9a0e9e2ae66c31b5aa209b7963f249136f1e64a8fdab305726a4f7fe3115
x-chunk-cache-v1/chunks/indptr-000001874488.z	21094	613e9bc1b8571cc5168a7e14c43e4d62124a61face5d3e7e9ce2c44bf08fa061
x-chunk-cache-v1/chunks/indptr-000001882364.z	21079	ce489d2e0def7842a522f3a1188a337ed31169987cc0b71897e0c372221f8f34
x-chunk-cache-v1/chunks/indptr-000001890240.z	21074	c114d87151dfb29558f87e768c61206886b4ce419af564ab2710e3454d485f02
x-chunk-cache-v1/chunks/indptr-000001898116.z	21107	da5d787d02364cb235da15487d070f77cf76c93b504b07309fe3f4e037a81d4a
x-chunk-cache-v1/chunks/indptr-000001905992.z	21093	dddb2dd08c4a9b72537685316ca2766574b46a00dee3a13eefd65568af2c403b
x-chunk-cache-v1/chunks/indptr-000001913868.z	21125	229cf4d521ebac35172293d8f8f9d55a1a164af1d82a1cd12e54144b6f9eaac6
x-chunk-cache-v1/chunks/indptr-000001921744.z	21169	24a4b078232774ad63723e3f769cdedb8a4b80ae1fc6038e806255546c20585b
x-chunk-cache-v1/chunks/indptr-000001929620.z	21201	f35efabcb7d409ebd516710e62c5b4542eff47dd2d7cde652b31c3ca8d70c63b
x-chunk-cache-v1/chunks/indptr-000001937496.z	21118	429efeebb163c1cc425fe5918caf64c8a020b83677800fd231e07888573bf5e6
x-chunk-cache-v1/chunks/indptr-000001945372.z	21085	673c4ab87cae86f82a4690af32e73e3ddb94ba0fefd3c3d6bd20b3c6dc7f6c50
x-chunk-cache-v1/chunks/indptr-000001953248.z	21082	a352dc4b29277c0aadb2fee0032aa11a497416900d488435d4c6c990d4f2c576
x-chunk-cache-v1/chunks/indptr-000001961124.z	21148	420bf054ed910531660e3069d652f9b6c4cc3073cdc9b3fa25e0388659385b07
x-chunk-cache-v1/chunks/indptr-000001969000.z	21116	18a059efbf5cb4b797d8f35cd3f52dbd3ed2e7e040363c347b0a9b11a633ec22
x-chunk-cache-v1/chunks/indptr-000001976876.z	21177	40b65b6bff255db26f419850cf5eabef47eaea750996fc539a89f97dbf0549e9
x-chunk-cache-v1/chunks/indptr-000001984752.z	21185	0ff65c4d2339a8142f106f816a27c92352687d1ae6c2cd616a6c056e166166f1
x-chunk-cache-v1/chunks/indptr-000001992628.z	21169	309594b87b798992957325c6540692d28b40cc9f29ad5765f1e75b2ecc267993
x-chunk-cache-v1/chunks/indptr-000002000504.z	21107	cd90598a07b3ea0e1bf2819a89578cf7cba6548d21ea7f2ddf631abfd220b296
x-chunk-cache-v1/chunks/indptr-000002008380.z	21085	0b1aea185624fd7bc70b81551797f5607d75df0d01b8549079e0cb25aacea96e
x-chunk-cache-v1/chunks/indptr-000002016256.z	21086	ab55940836fdcd68a8471cf3cda9a410ff7ca5de24f3e3edcfff9bc827f53d6f
x-chunk-cache-v1/chunks/indptr-000002024132.z	21145	cfbfb6426e14b6bf53be5c994ede26137c2e671ed86b768c6e1966a112b5cf20
x-chunk-cache-v1/chunks/indptr-000002032008.z	21113	d5d793a40f4d144955e48d9902c3b9525b43a3b166ea7eaf281acdfe0a0e4242
x-chunk-cache-v1/chunks/indptr-000002039884.z	21164	3ecb2e866aa9304b07515ddb691c75c015e692c8a60406d098f47aca1a633146
x-chunk-cache-v1/chunks/indptr-000002047760.z	21178	b81669c2a1538560f8775db13867accbb55c9be35e0c9389aeb49aecbde48157
x-chunk-cache-v1/chunks/indptr-000002055636.z	21194	fa7e3e22233f26716d3b6daf0cf282f34d336474e2085e044ad16ad941c3ec39
x-chunk-cache-v1/chunks/indptr-000002063512.z	21121	b09ddb4b7599df751c652250a5d881e74b20005a03afa9f3bd39c8618e0a0702
x-chunk-cache-v1/chunks/indptr-000002071388.z	21092	34536516926f75eb09ff1c2b1c14e7f3e6adb0c41cb1d0dcaf2255fe2541e325
x-chunk-cache-v1/chunks/indptr-000002079264.z	21089	bcbdd0ab40ffeb365411a35cadb36165094aa2b982deca960850ac21e961e3ff
x-chunk-cache-v1/chunks/indptr-000002087140.z	21145	24fdb67e96a49134959505dd6d2007e8f53fc9edab8f052a6112ba9f97b1a8b3
x-chunk-cache-v1/chunks/indptr-000002095016.z	21107	97d89cd4c4781e1077b84eb12c76212a674c0aef8a15253d13395f3d80f775fe
x-chunk-cache-v1/chunks/indptr-000002102892.z	21166	b017a2d75b6188ec43e7feb57ed44572f034bd7269b75939beb55553c24f2962
x-chunk-cache-v1/chunks/indptr-000002110768.z	21178	62071b4c505c6c7b64dec1585e43497635ace9f2e1edd7f8a684697d6309b4b2
x-chunk-cache-v1/chunks/indptr-000002118644.z	21181	35295400b175fa645ca3d59fb15b22f018fa83fe2185378ade26eb83380a9f3b
x-chunk-cache-v1/chunks/indptr-000002126520.z	21131	300df916ac0010203201a5fca57c4a83aadc42da0642a7f19d6fad8d9f52d172
x-chunk-cache-v1/chunks/indptr-000002134396.z	21097	a145ba4cfdb609f15c90e6b653d311be9c79bab99317976b4064cecf06c8b15e
x-chunk-cache-v1/chunks/indptr-000002142272.z	21081	520f6e58b8c2bfd5584da869c69a88107ca7890198a828a6eeeaece827ea9a50
x-chunk-cache-v1/chunks/indptr-000002150148.z	21140	7aa928f2f3a2dab6665385afd081d15e2d97d2c82a644e9cd32c943a02cf585d
x-chunk-cache-v1/chunks/indptr-000002158024.z	21122	0da17526e0a9e49d7a65b8aa54b293ae7ce2a0661f5ac452be1b4e7f9f395253
x-chunk-cache-v1/chunks/indptr-000002165900.z	21142	1d4b1cffeef614138d24ab819de68b270381f35fbc807d2e4532fc050a55cc8a
x-chunk-cache-v1/chunks/indptr-000002173776.z	21143	3d8c0449e47f99eda152d1049f6648a5b4986ac0b368f71be4819774ea960ad8
x-chunk-cache-v1/chunks/indptr-000002181652.z	21183	fd7cc290bc1a1d78e161c1175dd1f788cc5d97524b8c4fcc53fe7353733593c0
x-chunk-cache-v1/chunks/indptr-000002189528.z	21143	76d0541aa34e156610c77f466ce2445618cbf4783edc5c59145abfba17f8a599
x-chunk-cache-v1/chunks/indptr-000002197404.z	21084	1d65047f00542c752ce73fb100ffa0918d9221826cc68576ca28175b9f1cf91b
x-chunk-cache-v1/chunks/indptr-000002205280.z	21054	afe5c9e8af9d5098218cd389cc5218af36310d4f3a2cf8a16b85c15cc43d62c3
x-chunk-cache-v1/chunks/indptr-000002213156.z	21105	6b199b529ed3a24df9f81fad409a6084e8d5e0b33c17f2607077e98442e0d1fe
x-chunk-cache-v1/chunks/indptr-000002221032.z	21115	4f72c95efd0aee3d12d2d505d094e5250b47c3f7a5cbd34e142611906f6865f4
x-chunk-cache-v1/chunks/indptr-000002228908.z	21119	4c4070df93a477a42a9992117d456461b580fd40d768ce592852191941db135c
x-chunk-cache-v1/chunks/indptr-000002236784.z	21145	8b017a9aa14899581646a0263b78141069f63443c885d757c928615377c4020f
x-chunk-cache-v1/chunks/indptr-000002244660.z	21202	329b36f82d6cef7926de6b1863be70aa35392b1551a0cb41bb30144711050968
x-chunk-cache-v1/chunks/indptr-000002252536.z	21167	4febac1f96b66824567d174b030773799886d89dd4d38e253361d1ac2cfe2cc3
x-chunk-cache-v1/chunks/indptr-000002260412.z	21112	d16722ea5c0afaeb277c71a788423110d27dc03c6698db181cc5d0e047f0fdf0
x-chunk-cache-v1/chunks/indptr-000002268288.z	21071	9d0efd57ddea5268b7ffdfd66fb19a63ff23d2ac879a02a263e300cbba64610c
x-chunk-cache-v1/chunks/indptr-000002276164.z	21094	2a7abcf35d6d9c732138e685d1e4d6f50a0d0ac0b0602e70fa9e9d010e0a9f1f
x-chunk-cache-v1/chunks/indptr-000002284040.z	21143	5b34a9f95fc15a5dbaa83f23f633dd035a5334ef5825c4ff43ca072b6479c8f5
x-chunk-cache-v1/chunks/indptr-000002291916.z	21124	32cd7c61ff29a12830b004df4128e95e82a392bec64b9c499be155baab06cd28
x-chunk-cache-v1/chunks/indptr-000002299792.z	21160	2298d408a4f34d5548a6f52a6c57cc31dc43bb9b2e500e45e1767a1d05c1984d
x-chunk-cache-v1/chunks/indptr-000002307668.z	21180	32d162ca348c1e1fc8c709103a50bf5d95ab91542717062415997f984a5f354a
x-chunk-cache-v1/chunks/indptr-000002315544.z	21185	98ddfc7dfab3e1ded671db7649370c1adab73202115996853c74d94cb195d8c0
x-chunk-cache-v1/chunks/indptr-000002323420.z	21117	796e5f1c176b96ad386c508e83e9f290736c01ee30a32c7e6096ab86507b0c4b
x-chunk-cache-v1/chunks/indptr-000002331296.z	21113	b3e33b250ac381676a579955bbef45871cc6cd6c8f01d956e5ea31f41f0f91f4
x-chunk-cache-v1/chunks/indptr-000002339172.z	21077	0400f703b40e6c51730b8071a44951555e3b32d85e60349034e37e1f377a4b69
x-chunk-cache-v1/chunks/indptr-000002347048.z	21124	00e65457586a23a7734cdb20b1e96691cc67259f9bcec115248ea728a0f50b9c
x-chunk-cache-v1/chunks/indptr-000002354924.z	21115	5dcbf3f2d59cc3e0f540a8002714de737453536c4b21090ee71a054d4ce37dec
x-chunk-cache-v1/chunks/indptr-000002362800.z	21164	1af207dd18a7bcb002ba24bdc61023e493287470b730d47df33a3eabbd46aa33
x-chunk-cache-v1/chunks/indptr-000002370676.z	21150	4cc911a271f716950206acd0f6fed8bc7f399688176350f4497f987ea794425f
x-chunk-cache-v1/chunks/indptr-000002378552.z	21165	e31eedc8d6c2de6b9cc4ab462916f9a68f869a066a39558afa1ae364b48695e9
x-chunk-cache-v1/chunks/indptr-000002386428.z	21114	5b6fa813d2db38f894ea1053991ac0b056c984b5228d88bb914f89aad2d3e981
x-chunk-cache-v1/chunks/indptr-000002394304.z	21091	ab82ed2b4eb6393074f2276ce26219f0b4d0a40a1c1705c9241a4f417dc8f9b6
x-chunk-cache-v1/chunks/indptr-000002402180.z	21055	0d8e3934928a1608c3dde3c71ef2c85d4611b24bf5fa89450b8a8448ce546315
x-chunk-cache-v1/chunks/indptr-000002410056.z	21097	49631d24f2d4a44a0d3d4fd935314a5e12570d69630d2d61e67b533735a38451
x-chunk-cache-v1/chunks/indptr-000002417932.z	21117	62a44e65403ebc094717dafb486f40687ca83f1c465ec9cbe4b8f7abf8c6ab00
x-chunk-cache-v1/chunks/indptr-000002425808.z	21127	18024e52ea55bff9b9c1d06217d94a5ee0e432c8729e4fa24ce1a2eeb798e494
x-chunk-cache-v1/chunks/indptr-000002433684.z	21165	1150f910dfbbb381eaec13cc591ebc8e35111d66640beb84a00a23c9189312ad
x-chunk-cache-v1/chunks/indptr-000002441560.z	21211	a4aedbf75db96fda0121dcdb558db99223365bec7e455fdcb2b27ce23e900b24
x-chunk-cache-v1/chunks/indptr-000002449436.z	21166	7a8c98137031fca328829c8671313d6e6cce70af98c77165da54eb507d487bab
x-chunk-cache-v1/chunks/indptr-000002457312.z	21103	b956e2e1eac1fad578056232f2e2f1a584684241cd2d7ab9d417a7d94fa6c839
x-chunk-cache-v1/chunks/indptr-000002465188.z	21094	c99ceb0430736d7dd9052213b3cc0c0b86e1c4a11818a90b8ed03e82f7805956
x-chunk-cache-v1/chunks/indptr-000002473064.z	21150	3ef68e4899cd33bfece32ba42423b7a2f8bedb99405eea3c2037e8e9783c23c8
x-chunk-cache-v1/chunks/indptr-000002480940.z	21135	ed1ed9a15667cc1ee0caae2d28efd0dc69a33ab2061fd1df8ef083f66a715df6
x-chunk-cache-v1/chunks/indptr-000002488816.z	21165	5b4a71ed984b9c16583bdacc8691d46e8a0697a58f13c2e18b203a78f8185ef5
x-chunk-cache-v1/chunks/indptr-000002496692.z	21155	e030900ca89e54a455e69f25209ec6b8e6faadb8ad52348c2fde91c1206e45f8
x-chunk-cache-v1/chunks/indptr-000002504568.z	21180	93e6b335890fb672718fff14361f86236fabdb8e44afb80a442b75fde38b264b
x-chunk-cache-v1/chunks/indptr-000002512444.z	21114	732fe9d1dcceb0a05b6a98b235877f63312455f52da3a8d8b748e587c5e15ae3
x-chunk-cache-v1/chunks/indptr-000002520320.z	21114	25bb5a4a9f5360ee10935eeb0426d14c3a43e5f8a16a4f1dd124bbda76241478
x-chunk-cache-v1/chunks/indptr-000002528196.z	21043	52e35cbbbd2115b9c455c1878ea471b4fb0b681db43448ef6f33d0de58d7d5f4
x-chunk-cache-v1/chunks/indptr-000002536072.z	21097	c6a01f1ec4b7396894b0ef1d7c915efecb825be8fc2ac2a658831e3a00eb5fa6
x-chunk-cache-v1/chunks/indptr-000002543948.z	21114	cad5b0b81b76400b2903b385e1cf1f9ee9a18d5697b23134d91d7d751fedc093
x-chunk-cache-v1/chunks/indptr-000002551824.z	21100	16b0a6134c08d4f7e48b423c0c2ae9bc23d0281af126bdbbc546706d00ea989e
x-chunk-cache-v1/chunks/indptr-000002559700.z	21148	65a2866d1cb1e223eedf50c70d7bc43bbf3379a845a808246af17ae3e82bc92b
x-chunk-cache-v1/chunks/indptr-000002567576.z	21182	1286362c5f6afa5f208d9ede626096ac9e08b74bb704ebfd914f7389e2fec9b8
x-chunk-cache-v1/chunks/indptr-000002575452.z	21175	4a3a8c66efdb2333e83a3373ee71e9834d796a5ebe088a5442a6053ab5709c42
x-chunk-cache-v1/chunks/indptr-000002583328.z	21109	c2a39be3a444781376e260e71ae1abfefc3831127f11c5e1c16323e73a7574e4
x-chunk-cache-v1/chunks/indptr-000002591204.z	21107	86034a71aa99285ac75a000198c368a27ef7772a1316ea2965a543241755b0fe
x-chunk-cache-v1/chunks/indptr-000002599080.z	21090	b1315ee63f0a8b8370ce154bd2c0349248285b8a14e18b9fb54c23857992692e
x-chunk-cache-v1/chunks/indptr-000002606956.z	21154	2338357ec38c9ea7d7590e4d68d1b1dd92cb6c973f3a05a24d7dbfb8107d49f4
x-chunk-cache-v1/chunks/indptr-000002614832.z	21111	92d1fb25244a0c1d6926b6715ea24ff78b332b8e151a2a9c5671ebd8af021da9
x-chunk-cache-v1/chunks/indptr-000002622708.z	21163	33a8f7bd02054276c96fc08ae6daf129078ebad56d7b2c42018a3984715aad5f
x-chunk-cache-v1/chunks/indptr-000002630584.z	21134	160c484c5a45f59785ac36c9df1cbdf23bd0dece290164d25c94dda8b4e11898
x-chunk-cache-v1/chunks/indptr-000002638460.z	21163	555bedfc19b7fee2ebfb9a76619f6617f9eabfb330150bdd9a4d155a4c2df3bc
x-chunk-cache-v1/chunks/indptr-000002646336.z	21112	98560f3d5270091d94cd0046b61d702fedfd7b16ba9e42abf5c4de8ff57842dc
x-chunk-cache-v1/chunks/indptr-000002654212.z	21079	d55dd8d6033f1cbca7fa39997cbffcb835a5c06b51c9ce8997ab4b38e072b207
x-chunk-cache-v1/chunks/indptr-000002662088.z	21037	034c0a162d27ad2bc52eb3096b3c4b0d61393cff312f16620248f51aa31f4b7d
x-chunk-cache-v1/chunks/indptr-000002669964.z	21106	9a4182018d1495f15f8a704316bff67122c0e3262c0d3edb7aefffd5bb82503c
x-chunk-cache-v1/chunks/indptr-000002677840.z	21091	4a3961b4dda24dabac9e096db323ba357fe561c04b266d364b2c6050595f2434
x-chunk-cache-v1/chunks/indptr-000002685716.z	21122	1f98f74f51db3278cad5119d2f34ed7a3fa6a697d5b5064b5f64c85535d3d9e5
x-chunk-cache-v1/chunks/indptr-000002693592.z	21145	b4e9d11cbc8b488626318ec31fc53784e5a251e7dff91333714531ad25c0a424
x-chunk-cache-v1/chunks/indptr-000002701468.z	21143	1ae98b88685f10bf9acb00119baf977d5bb8611ea3599153dbfde599a449b500
x-chunk-cache-v1/chunks/indptr-000002709344.z	21097	afb87e82dbd02629becb8e5106f7f60d29e4bd962d81406ce78165b9a9d72b0e
x-chunk-cache-v1/chunks/indptr-000002717220.z	21088	11fd45ccdc997e1f7461c63ff59d67f32945cf6c0f0ff2cac29cc0348679fce6
x-chunk-cache-v1/chunks/indptr-000002725096.z	21044	8b1f85a7034a52a9085bbaa0c8f0ca60da2f34d3174f1bdcf472ebe28a6aa110
x-chunk-cache-v1/chunks/indptr-000002732972.z	21120	3d012674b40bee3513bcda52a0ac44dd44f3f4290a1b55456e09de700743f376
x-chunk-cache-v1/chunks/indptr-000002740848.z	21070	a984af4ccb21670f044ee380e144da22465b81be1bd6f3948f0e9325441c38e3
x-chunk-cache-v1/chunks/indptr-000002748724.z	21113	d9c1c28085dafbd98cbbc62f002f03fd33013181350ac8c64578dee25c8111fe
x-chunk-cache-v1/chunks/indptr-000002756600.z	21141	dda5a087a1f322ab69bf931a5927fe772a3b83296a39a1a931c584675096a131
x-chunk-cache-v1/chunks/indptr-000002764476.z	21190	8eba888393e3c49b514a223343f036b6464ea5aeeaf6e5048e916a72a8fe1e76
x-chunk-cache-v1/chunks/indptr-000002772352.z	21137	78057cb9801a8f617574138f80858dd20f0d75e72eb1713a2487e3b2ed0aabf5
x-chunk-cache-v1/chunks/indptr-000002780228.z	21121	b4a936160ac6858f07baca7ae2a4042183b9668e45f740dee0456b19045b72aa
x-chunk-cache-v1/chunks/indptr-000002788104.z	21059	a602590703000e0c29ad2260f0c9829b45e731e1076c13962acc15806002f30b
x-chunk-cache-v1/chunks/indptr-000002795980.z	21119	cdf9e728418ebf1deb3d841abf4486f901755b037dc801244ab7f717c4f216ce
x-chunk-cache-v1/chunks/indptr-000002803856.z	21155	76a140e9b0d0c5eb1919f86cd8b08c502d908bdf0968a1e5e6d8e57061aecf7c
x-chunk-cache-v1/chunks/indptr-000002811732.z	21120	1f67feba43f07f5f4b6515f3829a8a488187af3be0090e3dcedd989ce7278a59
x-chunk-cache-v1/chunks/indptr-000002819608.z	21153	dbe4ff05d1db2586f7f655fc28c9a0ee77d39b32bde6f4ad19b9a516a105818a
x-chunk-cache-v1/chunks/indptr-000002827484.z	21152	a11ca9fd54c5e6f642c3cc0090ab792da705ea3e6e424a837311a0dade0019d7
x-chunk-cache-v1/chunks/indptr-000002835360.z	21157	7a43ceb18d080dcd84c636a7177d2f10873870bd44a08298e966d6972c6a5881
x-chunk-cache-v1/chunks/indptr-000002843236.z	21093	bd7485e9a4fc3f0aa2dd4228dbf58bc5c73bd43277875023030680e64498bb76
x-chunk-cache-v1/chunks/indptr-000002851112.z	21102	20b5d3be941a4f25649d8f14714b5dc4a752f8b2ca42dc853a30150f1d23a8b9
x-chunk-cache-v1/chunks/indptr-000002858988.z	21081	cfed8b5f2cfa3fc355fba133413183531ec32f1e6650eceb96469d469ad5276c
x-chunk-cache-v1/chunks/indptr-000002866864.z	21112	929b3f8ac642bb53c2221cf3de690224d25673b7ec9305423314aee59303a3ad
x-chunk-cache-v1/chunks/indptr-000002874740.z	21095	7abb2b522ca52e0bd53a85aea9b0091b316288ba884d69db0a7f4e1c12285b09
x-chunk-cache-v1/chunks/indptr-000002882616.z	21144	cd287fe469a822a2f57eb52fc81500936acd9831e7b6597656727106800f30e4
x-chunk-cache-v1/chunks/indptr-000002890492.z	21149	6c726ab2100e5e6b8f600e4f4a8838b8996a338da2c23cb531d0447b33eb0494
x-chunk-cache-v1/chunks/indptr-000002898368.z	21161	0e78dd0711971d6b011a8f2b82eee4bd2817a7e8eb4474664765c48b576b765a
x-chunk-cache-v1/chunks/indptr-000002906244.z	21093	a6beed241d60cb142899191214893dd35ead2bd6ec368625380a322670568db0
x-chunk-cache-v1/chunks/indptr-000002914120.z	21081	877f758f25af4a4d8daa3706bfe2b4f68168298c82fceea9ac591463337ce47f
x-chunk-cache-v1/chunks/indptr-000002921996.z	21069	9d081cf101a65948224a9ffb38051cd6c0440acda5b48c641c23c01d177f57c5
x-chunk-cache-v1/chunks/indptr-000002929872.z	21127	49c47d6ab64c20dbe584808137f24fc941fb17e0f23e53ae98ac70a52da8bd72
x-chunk-cache-v1/chunks/indptr-000002937748.z	21087	b5bddfd3fca0fb7745eb20743afe71a542e0ae5ef327a30b9a5016c3b1d18a25
x-chunk-cache-v1/chunks/indptr-000002945624.z	21141	f12e262f2ed758a1fddd83d3fdde1aebd4185767874676464289cb6626b9e6a4
x-chunk-cache-v1/chunks/indptr-000002953500.z	21151	fc7449e34e6cf9f68687cc921be8c637efd4db09392bee07310d27ddcb4b4791
x-chunk-cache-v1/chunks/indptr-000002961376.z	21136	4336d22aac48078c04b48e5d0865bc61c1608f59183f084948de49cf80b672d7
x-chunk-cache-v1/chunks/indptr-000002969252.z	21101	fdfb1e08d838d19444dcd57fec952bc85c621b8c91d588437dd4f153dde17dbe
x-chunk-cache-v1/chunks/indptr-000002977128.z	21076	1b22664a7bef044e6cb81422046fa47c603cfec035b47f01770a63320633d873
x-chunk-cache-v1/chunks/indptr-000002985004.z	21047	29a417a727bd405c6f3e343ee28db6207031afafcd9b7197ede716451edd3695
x-chunk-cache-v1/chunks/indptr-000002992880.z	21128	b65b9cae0bb08c51803337be6c9ca940ffd22e163899bacd2f2e3ea87938b771
x-chunk-cache-v1/chunks/indptr-000003000756.z	21099	b2eec7332476b22be49d556471708c57e018de05d6078468d794a27c4c6f99e1
x-chunk-cache-v1/chunks/indptr-000003008632.z	21128	67e83b883ff706f4082989696b85d5c56891ed9020a39f3e6d496ee41c30c7d9
x-chunk-cache-v1/chunks/indptr-000003016508.z	21131	9874b982bdc7f47c8b749648fb89556075c10d2d649de0f4fe0dae5ec3efbaec
x-chunk-cache-v1/chunks/indptr-000003024384.z	21141	42b585937a331f80f9476d40b3c13bfa0874b603e1fb2e9cf01bffababeb87d8
x-chunk-cache-v1/chunks/indptr-000003032260.z	21116	801577b8b866e9b85da18b84ca2885d3872d9e57bb50819a76b0e1bde819db39
x-chunk-cache-v1/chunks/indptr-000003040136.z	21069	45fca288768caa24e39ad0314ecf035a9b7d75f2e2745e9103b2a44832ae1516
x-chunk-cache-v1/chunks/indptr-000003048012.z	21056	974775c04dbf2b8e7896d1be47018fd9406f0ed20e7a61cf426d6247cd9b4a2c
x-chunk-cache-v1/chunks/indptr-000003055888.z	21101	632e8a1d1a732c945c9d31ea95fb52d9b17f56e23c6983b7423ac08fccfec981
x-chunk-cache-v1/chunks/indptr-000003063764.z	21080	fc671c537f3c87f9244f87bf63a0a711f126047dd040db98c66fb1fb734272f4
x-chunk-cache-v1/chunks/indptr-000003071640.z	21122	cbdd94bf3c7f478cfe7b7eb237cb52bc998ba6ce3314587d0e0020b95c7b09c8
x-chunk-cache-v1/chunks/indptr-000003079516.z	21202	6a05b8bf5873a2f75015a05b6e11712a4a5ad2c82fc5c6d61aa412aab4ef3727
x-chunk-cache-v1/chunks/indptr-000003087392.z	21220	95f01f32e817db4ee88ac4a0b0450cad591308aea3cc55a24a5f4e3135c25b7a
x-chunk-cache-v1/chunks/indptr-000003095268.z	21150	c9179870673e51c83e3eaafdd3795b5175e491f20db18965d3e733944247090d
x-chunk-cache-v1/chunks/indptr-000003103144.z	21135	652c5d1476145458bee3be659689964dc78dfd3389a8db1430160ad183ab796b
x-chunk-cache-v1/chunks/indptr-000003111020.z	21097	fb6f563fadb619731ab3114f8a40858f1ba6d25adb339a68d609b94834721e6d
x-chunk-cache-v1/chunks/indptr-000003118896.z	21168	b1c16851f657fd34871831a5af162577e99843bfcde204bf9a705bb619605003
x-chunk-cache-v1/chunks/indptr-000003126772.z	21153	e31d314a50e6aeede8935e5125241064f00c53834dd8c1af552a3d02edb2b49a
x-chunk-cache-v1/chunks/indptr-000003134648.z	21198	999bb3fe9d695087070e668a6bbb5f5b2a493bde68e61e7967d835ff4f4d8a2b
x-chunk-cache-v1/chunks/indptr-000003142524.z	21182	0abab86178b3a9a05bdc6abe1efbbaee87093634f31496be35ab3f429d03004e
x-chunk-cache-v1/chunks/indptr-000003150400.z	21211	d8cef62cc6618e9760dfd163d411a0103238dc62c071cb1636cadc9e2e0d4f55
x-chunk-cache-v1/chunks/indptr-000003158276.z	21158	20e2b312c31262ae051652416945449ec92d95290f5da883a4304c473be915ff
x-chunk-cache-v1/chunks/indptr-000003166152.z	21110	3952842282ccc799c263f1223f85890863aa54eb105dc0adfcf0b57c0e0e24c1
x-chunk-cache-v1/chunks/indptr-000003174028.z	21078	8b5740910d9d7b2f525414280d46d2d22fe1ed0963334e9de61b8ac114512665
x-chunk-cache-v1/chunks/indptr-000003181904.z	21135	355030512e35e3052f1b69e8f225dd6a9bc630447538da525ae8c256cd533c40
x-chunk-cache-v1/chunks/indptr-000003189780.z	21150	841f651e7b6afc9aea6a36b903222d624433184b5f0a0b2ee325d3ad6b8b5edb
x-chunk-cache-v1/chunks/indptr-000003197656.z	21157	f2f7a79c75c26e5454b49463ceb1c27bd9bead9426ec40394badd283d3f6c74b
x-chunk-cache-v1/chunks/indptr-000003205532.z	21183	822b82c6dd54d5e24720884ea6830a97d2ec3f3b0d4807630a655d325e6080d1
x-chunk-cache-v1/chunks/indptr-000003213408.z	21230	a906aeb6e21a0b2bd322935fc1c23cbcf3f478c383ab31765bb8dfb7631076fe
x-chunk-cache-v1/chunks/indptr-000003221284.z	21185	60477ce97af027e49d5e9cdb30d25d4360a85a9c03f33e5d59cd2e9ecf6ffec7
x-chunk-cache-v1/chunks/indptr-000003229160.z	21140	0819d3b09a9658930b3075b19060f0cf5efab0ccda34f16ae6feeabee100cdb1
x-chunk-cache-v1/chunks/indptr-000003237036.z	21112	ce1fa6009a4249619ea83856973b2115e93eb54bae1ca9a5aa2224c704cbf015
x-chunk-cache-v1/chunks/indptr-000003244912.z	21127	b77fb1a6366563da41bf2bdf771aa0f210a0973378c8da6334759274b10a29af
x-chunk-cache-v1/chunks/indptr-000003252788.z	21183	1c039e1ef4f4bf902ce075f03729f1e94e931a9298ab9e8fce205182d4ded445
x-chunk-cache-v1/chunks/indptr-000003260664.z	21144	0388f9645040f775606dacbe5820ca4d9143b0d7fafc15a91e052981c7b3094d
x-chunk-cache-v1/chunks/indptr-000003268540.z	21209	3836e9e8bfdc545405692bd723ce1bfe9d62c4a6aa8316648987df35d762520c
x-chunk-cache-v1/chunks/indptr-000003276416.z	21200	d34edaf6ebe0158a799ad04ee6abbe7136bd04a80ce091fcd2a7da9d761e8e93
x-chunk-cache-v1/chunks/indptr-000003284292.z	21163	40bde1525c929353251a2bd3d7e76e44b6c56a0e116ca6c926175c432ba045ed
x-chunk-cache-v1/chunks/indptr-000003292168.z	21105	ae3b5c42de8a0f73de8118c3ae1a1b2f7deab19729a6b48d31db53ab42a704e1
x-chunk-cache-v1/chunks/indptr-000003300044.z	21086	19d4095cf70f11b58119f6548d6a20499e26ac4c033886126cd02fd052e95bf4
x-chunk-cache-v1/chunks/indptr-000003307920.z	21088	4241c62a199b2def33ab8532d6a209b7153d5de60a88109cfd7b8d1bb28b64b3
x-chunk-cache-v1/chunks/indptr-000003315796.z	21154	c639516b189f5fb8d11d42533c0e9c7fa5777976ce33731d1557c4ee250f8959
x-chunk-cache-v1/chunks/indptr-000003323672.z	21125	68ee51fad37e720e1c1f5a44629fe8d2417627e229eba53073512904aeb2c39d
x-chunk-cache-v1/chunks/indptr-000003331548.z	21160	adff6dbd7ad794141f1ebab19ddc4ad373ac24b88c77265ab41a6554914780f9
x-chunk-cache-v1/chunks/indptr-000003339424.z	21221	2863ca66c58fdc356470aacff6b06cf149ee49f12872c4a76cc4cc47e26b8ab3
x-chunk-cache-v1/chunks/indptr-000003347300.z	21210	d9ba9da9aaabfe62459fce3610dbe10a9ccfb6ccd6c34b0639ac34f70e1fce09
x-chunk-cache-v1/chunks/indptr-000003355176.z	21136	cf3339a9b475c717b12e932c68fca859e0f58f58f4d567f471d3cc069f3b4c5a
x-chunk-cache-v1/chunks/indptr-000003363052.z	21107	d573374a8ff9e86296685ddfa0b210adaf06798522fcbe2b20e62de7526b4ee5
x-chunk-cache-v1/chunks/indptr-000003370928.z	21116	f4f82a8cd0389261fbcc7aea44795c3e0fc9ac19f9182a3ad9305ddfb11a1e85
x-chunk-cache-v1/chunks/indptr-000003378804.z	21160	e05eca8e9a2d783e516217d777bd7134525b91a2f624ea2079e882b647b6e818
x-chunk-cache-v1/chunks/indptr-000003386680.z	21144	7ce55fdd5377b131ad8da02c888750630f05aa659635654c87848d8398544d83
x-chunk-cache-v1/chunks/indptr-000003394556.z	21188	aad319470de701db70d83abbd9c5cd62c563e708ba7aa019416c3fca040f62e8
x-chunk-cache-v1/chunks/indptr-000003402432.z	21152	65c28fd252cf467d881ebb8d22246ac8ab770e8347a4ef70fd473cfc6034bacd
x-chunk-cache-v1/chunks/indptr-000003410308.z	21182	489e64bc120ec8147cd376de812ec6bcdeaadac7635fb20762e758421e9d7033
x-chunk-cache-v1/chunks/indptr-000003418184.z	21117	9077add174088e711b4e1c2b9e7cf70fec7a0186b9641a0e24478819fa1070db
x-chunk-cache-v1/chunks/indptr-000003426060.z	21094	8a05361d73d59bf47e14a791e3a269a86d33584c28715e84174afaff9da6c854
x-chunk-cache-v1/chunks/indptr-000003433936.z	21096	3203ce7d7dfe61c4e8d8ac8fe712ca5eaccd3534e33e0e41625a249204ab86af
x-chunk-cache-v1/chunks/indptr-000003441812.z	21144	06335fe9996dcdf5a9dc27c8016124cb852e5e8241b3b004ee411d97199e767d
x-chunk-cache-v1/chunks/indptr-000003449688.z	21098	0b9f99c7c3aba81487e75123340b436f82ceff4772b9e1e145229021a0f2e214
x-chunk-cache-v1/chunks/indptr-000003457564.z	21169	c396cd15d1d6a97361403e3569bab3d3b85b5421622bb30a51738ec09085a89a
x-chunk-cache-v1/chunks/indptr-000003465440.z	21168	6e073cb8a433ad0b4ae988856ea191e07dbd6e63da835370c32135a3e9213010
x-chunk-cache-v1/chunks/indptr-000003473316.z	21162	c1e1026b9c48e6e23a4a65ddecc798c3e7ebaedc881b1bb57c54a554ed641411
x-chunk-cache-v1/chunks/indptr-000003481192.z	21090	a222a30cbd12d27fac9e6119984ee8519da8da83e1b4357fb7791f11e6e550db
x-chunk-cache-v1/chunks/indptr-000003489068.z	21100	51c7244499e50518e65485caf7a4b6936b6b5fc19e713134bfa469ebdf717726
x-chunk-cache-v1/chunks/indptr-000003496944.z	21072	ee05c070ce275d1b461f72a0749f2109337063851682dff295da8a7cc99b12c4
x-chunk-cache-v1/chunks/indptr-000003504820.z	21136	27d82c78077abd94fa6b02a8810ea77d7d2654d84a42703da692e04b36e7a11e
x-chunk-cache-v1/chunks/indptr-000003512696.z	21111	b47f71494193eeedd7fc02835db382b39c4fd65ef8c4f65d1ffe6f4a6f566f69
x-chunk-cache-v1/chunks/indptr-000003520572.z	21151	4da724647edfe73d83ab787c3fd7a957506bc27bf4a4be5ee609926028dd9e7c
x-chunk-cache-v1/chunks/indptr-000003528448.z	21141	316bcf22acccbabd83a2e65979336b6197fa363a6359027c5e6e849b3f52b8c0
x-chunk-cache-v1/chunks/indptr-000003536324.z	21125	ebd33c8bff468128597b3a15a774f684ddadad0aa7f01816ab6a9310da5bb1b0
x-chunk-cache-v1/chunks/indptr-000003544200.z	21089	ee73623a7b44bd56ef5551149965b6d3cffe70eff4133909dddcf7ebe6dae438
x-chunk-cache-v1/chunks/indptr-000003552076.z	21073	3364b5a94127e232c96bbd88f871b232f9c70f0c83658a6c5fa03ea28ead57c3
x-chunk-cache-v1/chunks/indptr-000003559952.z	21076	9f5d5ad9a4c1b857255ba391d0ee86fd69d4b83d20344c8a919e82f7f1a370ba
x-chunk-cache-v1/chunks/indptr-000003567828.z	21112	83ba5673bf1ee27b26b36f32d2bc673eb82455f286f05acc83061ff445681b35
x-chunk-cache-v1/chunks/indptr-000003575704.z	21095	b2f36377c8288a226ed7d7c7a954cd2060288d23783c7beab753897897cf9d36
x-chunk-cache-v1/chunks/indptr-000003583580.z	21146	b2360add6c94daab3249d0b94b9f305296d9ffaeb3e6b5cdf026ca7632554a8a
x-chunk-cache-v1/chunks/indptr-000003591456.z	21207	252c1f3942b1a348ecc8bd8cfb69a78dd0f126cff21d47c3bc391512c1606148
x-chunk-cache-v1/chunks/indptr-000003599332.z	21179	627781f23d94b4baacc6979cda7497fbdd03f39a0f21732be716b04ffb86e243
x-chunk-cache-v1/chunks/indptr-000003607208.z	21130	30a7267d1cf39f0e5e7fe27ae25f92d15f33f2bd93ee88f29d4fbedb1f9c212f
x-chunk-cache-v1/chunks/indptr-000003615084.z	21096	7c9292b4269a53cb15226178a2f49a74942c65ffd95b02b1501e34831d6c26d5
x-chunk-cache-v1/chunks/indptr-000003622960.z	21122	23365886112fc90a629b2df7353873e36f58d8b25ba774132890772dc66347af
x-chunk-cache-v1/chunks/indptr-000003630836.z	21178	66156065d25e0184c4cc2d37a42a40e390ac4774a669ef3ab6ae62a2aae68abc
x-chunk-cache-v1/chunks/indptr-000003638712.z	21151	f1bb64a01219dd35bc806879a190e965e109bb5492c54e949edb2adfe40471ae
x-chunk-cache-v1/chunks/indptr-000003646588.z	21181	d6dd4fa1fe59443b2460f2c0424bae1dcb6958af0ad44fd072faf56182e8a999
x-chunk-cache-v1/chunks/indptr-000003654464.z	21253	bf8e84e53cdc7eb9f2184629c81f64325d0beab4a0bad3d1de080eba81694a56
x-chunk-cache-v1/chunks/indptr-000003662340.z	21235	deb227b3d9be66887c4ef8a6c72d302e602da267f7e5f9962fd47cd893b5ce17
x-chunk-cache-v1/chunks/indptr-000003670216.z	21149	153022406559071e92805af96dca85c6a3b13501ff3d79ae8335eac218b72175
x-chunk-cache-v1/chunks/indptr-000003678092.z	21107	84f6943708adc20066fc0f7fd4a109b82c7975d192fe2a6985c27710c6efc37b
x-chunk-cache-v1/chunks/indptr-000003685968.z	21140	916a1f30fdd24ee76fd6ed3deba6e9ea2f83f907e4e49076a43eee4159e894d9
x-chunk-cache-v1/chunks/indptr-000003693844.z	21199	475c9fa6801df8d16176774e210b064cb736627f4096056b1c0c1f1d53f903fa
x-chunk-cache-v1/chunks/indptr-000003701720.z	21133	525fd2ad0877a37435e49cea6c4203c36b6246c031546cbe76eb868b23fe1a48
x-chunk-cache-v1/chunks/indptr-000003709596.z	21213	2607dd06d8dbe5253742eb550c41a3f4d6b95fa136dc6395a5cb5889a7141120
x-chunk-cache-v1/chunks/indptr-000003717472.z	21225	0ac7129f8bac7a9cd8592ae6fc6171d9f94f3cc518dfe33bb86f610e23376130
x-chunk-cache-v1/chunks/indptr-000003725348.z	21231	5feab9b09dace46ce548a0d6943bc3bd14d909a07d754792dd07b1fbccf1fc96
x-chunk-cache-v1/chunks/indptr-000003733224.z	21169	9af955f5a5a23498872d6271d341e0fba304d542ebe4b01ce1e6b336bc76a8ae
x-chunk-cache-v1/chunks/indptr-000003741100.z	21128	9832ba5edf68c5650fbeef9553e42b540d760c7b18454212026f189987e76b70
x-chunk-cache-v1/chunks/indptr-000003748976.z	21117	3f38d257f2e8d2efa7baa26744a8ce439abafac8999382cb594ad17d9df004f0
x-chunk-cache-v1/chunks/indptr-000003756852.z	21166	a285da88074f3edbbe2661996d397ba05436782e9a1387ba681ce2dc872640aa
x-chunk-cache-v1/chunks/indptr-000003764728.z	21150	365c5651ce91db149f2cd1359418421f72767f75b0fcb1652a16b6dfbdc68e1e
x-chunk-cache-v1/chunks/indptr-000003772604.z	21203	3b92ad4142072d67626e0789bdf751cad678d3407f4865363c30e4f02d23af87
x-chunk-cache-v1/chunks/indptr-000003780480.z	21225	80c5a69451f78ef437766242b0aa5dd432e0f8db1fb6c85f9c9d8ee2e6cd691e
x-chunk-cache-v1/chunks/indptr-000003788356.z	21262	9588fadae39b68b7a7f5c1b905602856f88f474b47cb6e8300f195b0c35d2e1d
x-chunk-cache-v1/chunks/indptr-000003796232.z	21202	6ac5f1efb3b932d7a27433145f541105a7ba12dec6900a6095d5a60a24dc0a3d
x-chunk-cache-v1/chunks/indptr-000003804108.z	21179	833141450507f5445455bdc6f6d4a7e1f22803e81dce6d6d5c2af317385dc894
x-chunk-cache-v1/chunks/indptr-000003811984.z	21121	1f9164a5beb782dbe244ed296583eb14db9f9627a78d6df182074c51117c155e
x-chunk-cache-v1/chunks/indptr-000003819860.z	21176	32e95e20af85a2a02dedcbab62a52eb6a0893d80ac6e2a264416b8264941ecee
x-chunk-cache-v1/chunks/indptr-000003827736.z	21196	c1d37e376703ad98c5fc25b452c97ff75f914a7e46dae88e93945837d360682b
x-chunk-cache-v1/chunks/indptr-000003835612.z	21184	855919b5c29bde8c8c70913dcba1ad63f91b4ce67a20384bdb01cd962e51bb34
x-chunk-cache-v1/chunks/indptr-000003843488.z	21244	87fa6b5b40b5b7a1c05a02c5e5461a407a2d20a0cc830bd2569967688855e0c5
x-chunk-cache-v1/chunks/indptr-000003851364.z	21254	69fe274442b0182dee7b356915402b1dee294ccfd8091a33d2f4de7404e33228
x-chunk-cache-v1/chunks/indptr-000003859240.z	21250	1139ed8523c53e75161039d31fb33ef0820c69ba4d4d1ff8c48987eec8043123
x-chunk-cache-v1/chunks/indptr-000003867116.z	21157	4fed530f327e41b8b0d351b25538782e41974530dba8a1d2007957a6bb659b42
x-chunk-cache-v1/chunks/indptr-000003874992.z	21130	505093b2be27e3f772669451cbf16630a051fc4eb8b548a2012f59373044e0cc
x-chunk-cache-v1/chunks/indptr-000003882868.z	21144	30518ab2876d9b514e8c1fc5433fed0c108514d2ba0e7e78fffb73f8178f9b33
x-chunk-cache-v1/chunks/indptr-000003890744.z	21213	f088eae026274ea4d107534687185b314c6f3cfe7ac25326fcc01750882fd425
x-chunk-cache-v1/chunks/indptr-000003898620.z	21164	302e8aa197737095cc6c8527e4fba045b27908587679e6c109625789afa0bb25
x-chunk-cache-v1/chunks/indptr-000003906496.z	21222	cdd45c2b51a118bf99cd031a8f76a439b9e8d5ddcec34577e6fda0c7ab5d4ed1
x-chunk-cache-v1/chunks/indptr-000003914372.z	21227	789aada132a4f32ca6b3af13d41d0bce4bd4c846e567dba7dbd4d4d57bab0d0f
x-chunk-cache-v1/chunks/indptr-000003922248.z	21231	e6f216b68521ee5729b6e52b167e8e8302835b4f7114e0ff142abb64d30e3e76
x-chunk-cache-v1/chunks/indptr-000003930124.z	21156	f79aecf415202c7093f90adfd28ed1bc902545626e9f9cf6e9f06bcdacb5864e
x-chunk-cache-v1/chunks/indptr-000003938000.z	21149	175e8ca4cbf140976016522626f0bb66ac4942cf5e742a160b40ad09c43dbbbb
x-chunk-cache-v1/chunks/indptr-000003945876.z	21122	9ecc90207ec80faaa7015afdcd745da0720189b72dc5d26cd499fb810136b086
x-chunk-cache-v1/chunks/indptr-000003953752.z	21172	b8126b131e35848847d06b0ea0d009cb329c6e3a181e1e3f467971cc9b0acc88
x-chunk-cache-v1/chunks/indptr-000003961628.z	21153	c0bf35f070c5a5be90660be3ea4220b5385356fac3fe924d8640b94675776ce2
x-chunk-cache-v1/chunks/indptr-000003969504.z	21209	199d8828b288ff2864aeb1b3ae0e245ea43db6d6ad781854228f21f47da4caba
x-chunk-cache-v1/chunks/indptr-000003977380.z	21203	15850a287f73ed5328157b06e0b8c44c381177668d044cb86ffa1fd7a68b6d43
x-chunk-cache-v1/chunks/indptr-000003985256.z	21224	cb7c46a958d8cd92e8c8010de267d2bf26c564c53eb462f8b0cbf91b3eb86a63
x-chunk-cache-v1/chunks/indptr-000003993132.z	21167	de5751feede6f664bccf5dbf52d194da2dbabcf61462dec2427e120eef3a61b0
x-chunk-cache-v1/chunks/indptr-000004001008.z	21127	9c1d2c26665a7b39cc14aa9cf8a117b60e8668aab2c85276043548a9f4d4ac4b
x-chunk-cache-v1/chunks/indptr-000004008884.z	21092	cc7b48a1e379eb3abdf6f806a54397b6bdc251be97bd3b58281b65291ef50c1c
x-chunk-cache-v1/chunks/indptr-000004016760.z	21151	c0131eee35f11237cbc3b39373c21e159f4be8a3d1685e7fa0718dadf9910b1f
x-chunk-cache-v1/chunks/indptr-000004024636.z	21151	a5c9558dbd4efe03ebc296f0025758f45553d41969dcd03b302982de0c7407b3
x-chunk-cache-v1/chunks/indptr-000004032512.z	21180	c985e3da3e6f7c9365c6138ea3ee44fac1b407812a4a9251611e4a433e72bdc7
x-chunk-cache-v1/chunks/indptr-000004040388.z	21184	931d3b0e41f32f3b61f9ede93bc45a4cee27484b5826bfb02e53900aa9eee850
x-chunk-cache-v1/chunks/indptr-000004048264.z	21207	db664146629112544c753ce42906a8c04ebc917675f78684ffea94a41a52739d
x-chunk-cache-v1/chunks/indptr-000004056140.z	21153	2054d74801ceea3d057c86c6dfabaf8b9f799f630263967b384edf1903c8d046
x-chunk-cache-v1/chunks/indptr-000004064016.z	21132	4a12bfac9288654573899115135fb59abdff952f4c3865652fa917741d1f2ee4
x-chunk-cache-v1/chunks/indptr-000004071892.z	21082	ae62ca1a69f5724c1579697111bf8ab06c395f9020a7b09f550e5a11068e131d
x-chunk-cache-v1/chunks/indptr-000004079768.z	21139	027f39ca9f8392cf69f57eefa6af354734f65e86e769e7352fe800497e42aa63
x-chunk-cache-v1/chunks/indptr-000004087644.z	21151	93506357d26aaaece980632d691ada223bf74fcdfaca2cd04b7053fa2971bc37
x-chunk-cache-v1/chunks/indptr-000004095520.z	21152	7eb9816dd0d1fa5cbcad6d8e671b3ad2bd45af34dc9ab2e4a45dae9703dd0ec9
x-chunk-cache-v1/chunks/indptr-000004103396.z	21190	b22f4946ac954393a8261e036e97bcd2341886b8526508c2282c15af0a8da5db
x-chunk-cache-v1/chunks/indptr-000004111272.z	21232	558a712e0dbc12d1a852a58208e2935675e57f5ef000c77f1cc1d86a7be73748
x-chunk-cache-v1/chunks/indptr-000004119148.z	21193	cd1c30bb27a56214497422696bdbe7ac58f72e02544d7d86b7a5a249f3ed3e8b
x-chunk-cache-v1/chunks/indptr-000004127024.z	21115	9bf5e7418d41c286dc17cb0e3e1a45c3d8f6132788364e35d6c9b48f9bbdda98
x-chunk-cache-v1/chunks/indptr-000004134900.z	21082	044922c366b4e9656ae96e82ab413cc51134070a369945064150fa77b9f53d98
x-chunk-cache-v1/chunks/indptr-000004142776.z	21134	c76c8b3fa70b46c2c93ccb97527a82fd587940da99b6a60ab7004bdc66eea1d8
x-chunk-cache-v1/chunks/indptr-000004150652.z	21176	2c9b0131f80aea39df53ef6cd927a1b5aada0b2b40947f48398ca1f98498f7b7
x-chunk-cache-v1/chunks/indptr-000004158528.z	21144	5522e16ba66c2b0fee697af9e74659f3ffbc5dd8c16b25fca15b7ac18c1fd07c
x-chunk-cache-v1/chunks/indptr-000004166404.z	21199	2b68760b11fedc9f9c6961786e8ed28a445f5c3dda7b896c3d7c903451fb89b8
x-chunk-cache-v1/chunks/indptr-000004174280.z	21254	4b9f297d9a8616aed21b1cbdfe5eb3cfe5b5d9ba964c58fb0bd2035293248785
x-chunk-cache-v1/chunks/indptr-000004182156.z	21245	acfde812b9a25c4b2549a00fa33266930e842966d230d13ae264c16f50b558e6
x-chunk-cache-v1/chunks/indptr-000004190032.z	21166	7ab65f1eefed9f33970cc8f42e3f9536363d5ba0c0f98f5e956ba6e73a8d2057
x-chunk-cache-v1/chunks/indptr-000004197908.z	21137	587be2ec02b7717f21a48e782338343e48fe6920e7961498d1a08677bf3163bf
x-chunk-cache-v1/chunks/indptr-000004205784.z	21122	f9ffbfa3a6aee1896cf8a6f1025a0ccfc4781d4ad8754a525dc9e543e734f00c
x-chunk-cache-v1/chunks/indptr-000004213660.z	21200	84a0a746fe19bd4bf5f6efd264ad81c06219d823a46ab8066c83d1c0a08ec76f
x-chunk-cache-v1/chunks/indptr-000004221536.z	21180	f100ea04fd3d8cb8f5febcf298d241dcaeb5a06d65ac39d8eabec2958d573f47
x-chunk-cache-v1/chunks/indptr-000004229412.z	21235	861c493920d7e13754f8e4676b5cb3670f6734f1d39801df794c5d96948cdd91
x-chunk-cache-v1/chunks/indptr-000004237288.z	21268	2056f5d328326bd73d871385f0c479e910423d17802d1d5abf62bb62ffd0ba14
x-chunk-cache-v1/chunks/indptr-000004245164.z	21289	5a238a320fa913c2f0169650e4827c34b064cd9a02268b02ffe56b18d5c9aaac
x-chunk-cache-v1/chunks/indptr-000004253040.z	21215	f5f93e5b0cd54d13580ea8f03c0b9087a9aa11c5ac09b0cc88ed62816d1b777e
x-chunk-cache-v1/chunks/indptr-000004260916.z	21176	d3b36fc18aaa02529ce6c42a7166701e9d0e7378a52de76aade2b3fc3d3dff3f
x-chunk-cache-v1/chunks/indptr-000004268792.z	21123	1955211d7c61beac0698fade0fa409989f44323ba417844b6effde533eceea31
x-chunk-cache-v1/chunks/indptr-000004276668.z	21183	562973bfc1f51a4178973d0089f8909a7b01117ed2ff8e6f676af0d7d5144c84
x-chunk-cache-v1/chunks/indptr-000004284544.z	21241	36537af423029806cb7087442a40caae8447ddf55ab5a29d80c291ca7651b92f
x-chunk-cache-v1/chunks/indptr-000004292420.z	21175	42009a1a1788ffd0c9c2acdab5b9a7bec3b5942b9f14c565b2526e95caa6d31d
x-chunk-cache-v1/chunks/indptr-000004300296.z	21260	775767a7af97634abd9c6d1861fadfe2ea757cdc6ad0a51d366c19da42c09d75
x-chunk-cache-v1/chunks/indptr-000004308172.z	21236	0357897eb95a57810d2d893e56ea076914a546af29d52447c7e2b689ed366f80
x-chunk-cache-v1/chunks/indptr-000004316048.z	21262	31c2da3b968819e6de2c80b497ff9088d5442e633a51d1618804b39d2118209f
x-chunk-cache-v1/chunks/indptr-000004323924.z	21189	a1ece7810b8b312ec91a4affebba3b87694669ce2c94e1d2ac015e3032a50f2f
x-chunk-cache-v1/chunks/indptr-000004331800.z	21160	9a53a3076f523e25634632f18440f4e8f44cccfc3c23a0432f71bf34c78fe490
x-chunk-cache-v1/chunks/indptr-000004339676.z	21116	b1ca99e8a6f390a89fbca024b46ee427c8d889b347ac1204a68375e8a983311e
x-chunk-cache-v1/chunks/indptr-000004347552.z	21190	5a5b12926908020b76eb46fe6198c1d63dc55e38702c4b4220c969ba1177885b
x-chunk-cache-v1/chunks/indptr-000004355428.z	21176	03e70b2fb0e8de5b9216c1f5d0d95350d23dde04d4148783e45e212969f0f816
x-chunk-cache-v1/chunks/indptr-000004363304.z	21197	962a8d8f3b618a0699a99a1aa822f33d153609bdc89ccb601b64d4cd757470e3
x-chunk-cache-v1/chunks/indptr-000004371180.z	21218	a9605d499d96994c390853acf9f331167341aec813097f21dffc6fd80b06ea3f
x-chunk-cache-v1/chunks/indptr-000004379056.z	21202	7d45141c02e6049391f4b8fc39c49a8e8595129ac7f7e76eb0db61c1ca21a4a1
x-chunk-cache-v1/chunks/indptr-000004386932.z	21176	72010f734332087dc4167f202b5103ffdef015e9282fba584b3f13a982e50e2a
x-chunk-cache-v1/chunks/indptr-000004394808.z	21117	2f80aed468b5d3dbe5473a5df52cc514d7dbec5090ede533ffa914ed8b503236
x-chunk-cache-v1/chunks/indptr-000004402684.z	21074	5edb534af004579ba65191786bcb8f22b6b2581b42a597925458bf903794638a
x-chunk-cache-v1/chunks/indptr-000004410560.z	21125	80c193adeaa973215b40f8d42c2db668b9bc2d85450b963f55b59ee2992f51be
x-chunk-cache-v1/chunks/indptr-000004418436.z	21152	cae3df63e6ef66639aaabd24858c21fb5da8aa2bc6fac7641fc35b0781a40bd2
x-chunk-cache-v1/chunks/indptr-000004426312.z	21126	3fd4a9173832a6207d8e0b2ecab4011699f46c7e3a3527b55b1a38c437863050
x-chunk-cache-v1/chunks/indptr-000004434188.z	21181	9e80dea24f9058edf7dda0f35540477d38339e6b6927de9c6fd33d01c40efff4
x-chunk-cache-v1/chunks/indptr-000004442064.z	21196	561e17e50f9aa5e5c3fddf3391190436074b479899edaa6b57baf02403224257
x-chunk-cache-v1/chunks/indptr-000004449940.z	21170	2d88f10ac0baa35dca71c8d98e05765b74de1ef1c18ff47533c04c6126f94df7
x-chunk-cache-v1/chunks/indptr-000004457816.z	21125	9451522d9ea121ad061260df9d534db29c1e8f101488d1759c42ae3a13bf78f2
x-chunk-cache-v1/chunks/indptr-000004465692.z	21094	0c55b5993bb8db14ae7eaf17a2374501cdcd5fe6430df398714b049cb6206232
x-chunk-cache-v1/chunks/indptr-000004473568.z	21118	51497b12fc6d92aff3f58614e84bc24982e914d23677b72aa28c9155cf582b77
x-chunk-cache-v1/chunks/indptr-000004481444.z	21157	406999432dd4c2165285d6faa3f979fad8d1f3826c1bc358c95b9a6aa5f530d6
x-chunk-cache-v1/chunks/indptr-000004489320.z	21134	1f20e79b4b4248429b91920ead59dc0c0718fdb880f846f8864874ae4cb55326
x-chunk-cache-v1/chunks/indptr-000004497196.z	21187	1d45292d46ceb6097b5a446034337edf17f4d2072218ed1aed5c400fd25241c4
x-chunk-cache-v1/chunks/indptr-000004505072.z	21195	8f6524718074c2524fd074726faceb6f1d038139b592328450199d7fd464c713
x-chunk-cache-v1/chunks/indptr-000004512948.z	21193	f7dd72bfec8451be0611bf73b4ae130ff3a57035b67f6424fe8cfd95471c3fc7
x-chunk-cache-v1/chunks/indptr-000004520824.z	21131	21ccbd2846231141844c9769acbc22b94173fbf061b880548f354fb883c2e050
x-chunk-cache-v1/chunks/indptr-000004528700.z	21082	34f980bc6610847065d103653bc612162bdf264adb77d66024ea18d9373cff11
x-chunk-cache-v1/chunks/indptr-000004536576.z	21103	7e29bde80e5263c71a51850b0e7a3bbfa82cfe394da70940806de307b74144ea
x-chunk-cache-v1/chunks/indptr-000004544452.z	21163	618db2944eff7a156731cf30f2fd93d3b476a5348638cffe9f2763c0d6e8b61b
x-chunk-cache-v1/chunks/indptr-000004552328.z	21141	6910686c7d23fe2a451651f8072daeed6b07de4b6b727963e3f0f6d692acc55e
x-chunk-cache-v1/chunks/indptr-000004560204.z	21172	ea05714fde362d7256e4954fa18c3c2dc52ce037da467594fd732d9084c2bf29
x-chunk-cache-v1/chunks/indptr-000004568080.z	21170	31f2ed18d24e50671ceeb7162530427c8eda161b3ddc867c7f8d31a6f5242c99
x-chunk-cache-v1/chunks/indptr-000004575956.z	21165	ec581277acd279e7f418ce43df5785c9382e6c637b49561d7d2f47293137c7eb
x-chunk-cache-v1/chunks/indptr-000004583832.z	21087	81cd1f3f6e79b4885c425b34439fe9afabf6655bdcd2f0a3988fca79edd6b079
x-chunk-cache-v1/chunks/indptr-000004591708.z	21080	531a09f64f7d892a2dd00991fdf9f12d513b210a283103e714eb4c06bca590ac
x-chunk-cache-v1/chunks/indptr-000004599584.z	21117	5d3a88ec1bcec931340ffd83bccf3ee36a886331ec7a980950a6f95ed910c78b
x-chunk-cache-v1/chunks/indptr-000004607460.z	21157	f2e9cfb8851a36117f871cb92430def80d2f2addd0ccf683a39dc0fa33a6c8a9
x-chunk-cache-v1/chunks/indptr-000004615336.z	21106	0c28d3006e3fcda7b4749d2d7f149b3ef49d23a9a3d5e0c94fdd7803b4e513e4
x-chunk-cache-v1/chunks/indptr-000004623212.z	21175	dfdd1a138924a299cf679264a011ea7fb22b1c42e670f8368a840d22e0b6fbf0
x-chunk-cache-v1/chunks/indptr-000004631088.z	21240	7b24af7ae633ddc2d540263086472b200bb3230176aec973f3844155ff92e6af
x-chunk-cache-v1/chunks/indptr-000004638964.z	21215	3acd7307f1195281a109f1aa915fe4969f36b0e3914b8979d0d191a5b1b4e0e6
x-chunk-cache-v1/chunks/indptr-000004646840.z	21156	ffe8c3b2c8b4aa691710e1badba403e79fbbd8de677dab4aee4a358dfe41cd23
x-chunk-cache-v1/chunks/indptr-000004654716.z	21113	31c71ea5f2c661c737ca126e5590c85ad4aa472b05a58e3799edc253d3c68e82
x-chunk-cache-v1/chunks/indptr-000004662592.z	21148	075a3b8d5e2ab7ffd16674b4118c9605bc54a1acaacb2fb7f78bc967fd1c25aa
x-chunk-cache-v1/chunks/indptr-000004670468.z	21191	95fc91d99a56feedefb189484d52510577afafdb24c0b134c502a2c9e7adf59c
x-chunk-cache-v1/chunks/indptr-000004678344.z	21154	6ebc89e733a1ffb63cfb2893ebf383dfc48df0f1a7a69dceae3714dbfca26982
x-chunk-cache-v1/chunks/indptr-000004686220.z	21194	2cd64d2b6e8d92589c1773eec5590372a86c6b2d66fdd10d3195889a5a43339d
x-chunk-cache-v1/chunks/indptr-000004694096.z	21214	fdcbe217d9298394101fbca9b0f384616ca5ad31239e14b230e3a183f3b15c92
x-chunk-cache-v1/chunks/indptr-000004701972.z	21225	51cb43758075f96c140f412563180d0bc0709947a4c2f96cef87ff79e5276207
x-chunk-cache-v1/chunks/indptr-000004709848.z	21157	64784f1cbd8b1ece0012a571b84387ae988be09707b3efef42aceace9a2549df
x-chunk-cache-v1/chunks/indptr-000004717724.z	21133	8f26b6d5c647f0579b31281740470f12673d9b5f440f0fed36e334017dceb4c5
x-chunk-cache-v1/chunks/indptr-000004725600.z	21106	5b1bdd6c894ea66d5f09b5652fad82b192faf56934ebfcc68566760b614d79a8
x-chunk-cache-v1/chunks/indptr-000004733476.z	21199	c691e3a6d7776a7ac2772c38c0704b1c93bae94ef7d24f79ec1ed9a0deb847b4
x-chunk-cache-v1/chunks/indptr-000004741352.z	21144	c3e6fc7491db3c859f602ad90ac6cd049f7c808b0e6421bb7b40693f67ae71e7
x-chunk-cache-v1/chunks/indptr-000004749228.z	21208	a50191604c969cbb194e3d3ae49d97d336b8246ba86588205c9f1bbcf822081a
x-chunk-cache-v1/chunks/indptr-000004757104.z	21222	e00498d87200880da67e0e641c5d374e539943c8f2070b025c44f159ab1b11e5
x-chunk-cache-v1/chunks/indptr-000004764980.z	21211	8a3f8b7c40ed07cd44cbb06fecfd12df187f6facf38dc7f55acaf2e5c05602ed
x-chunk-cache-v1/chunks/indptr-000004772856.z	21142	f537f716242cc94e5a720836d393ccb248c575374fb1e3c4016283cc434edb01
x-chunk-cache-v1/chunks/indptr-000004780732.z	21132	62bec35b0b844bb04df3eaccd694756ec2475ad79733a723cb11386b8f8c42a0
x-chunk-cache-v1/chunks/indptr-000004788608.z	21092	de386e75b21fb1c1902f1dad6bb12fac0db9afe3ae2ee7e929a457126ccdf3f8
x-chunk-cache-v1/chunks/indptr-000004796484.z	21155	0fae8fde69e15aff58bcdcf8a8212781185adca42f2f7e3b78fcecc9f0eb551d
x-chunk-cache-v1/chunks/indptr-000004804360.z	21131	2c34cb7e016a0d17fb9946759cb2f52694a2a29587eb0e02aa72deb1a757a5d9
x-chunk-cache-v1/chunks/indptr-000004812236.z	21187	3defca46bc22c7c61ad717ffed1f874aae62b6f3bb044f9ea4a788c60bbc97e2
x-chunk-cache-v1/chunks/indptr-000004820112.z	21199	0936e60d7a338270ebe6fed846e76e0b487d3369b11e021d462a6a1224fc86a0
x-chunk-cache-v1/chunks/indptr-000004827988.z	21222	656379fc8f065b53e1d6216e07365701e80db36f51a4bf3ff01ca6779d9cecd7
x-chunk-cache-v1/chunks/indptr-000004835864.z	21192	f7b37acbdd9a1ad717e2672caec94d47209f07445b7fffc452c2a2f922cecbbd
x-chunk-cache-v1/chunks/indptr-000004843740.z	21143	1721ee1bdd8720449ae2f6a3b673729309454c3eafdc3ae21475573ae18a0c14
x-chunk-cache-v1/chunks/indptr-000004851616.z	21089	cd5e6ae2ad4fe607759f0beec3fa6268a2f6d7a55890287e4a727b7c1d8b0e30
x-chunk-cache-v1/chunks/indptr-000004859492.z	21150	c5f0f5b33b15a23cfd0a7064cc128dd83694812affa52ba1470911c200e7e35d
x-chunk-cache-v1/chunks/indptr-000004867368.z	21166	40b545a649fd5afd8e388ee7c2dfe75c6cfd2c5109881055132250e4467a988f
x-chunk-cache-v1/chunks/indptr-000004875244.z	21134	9c4868f9a687282550e403bf4a2d5691034ef327740a4494469b5caec73291f7
x-chunk-cache-v1/chunks/indptr-000004883120.z	21207	afbe6140ff6235dc4050e56af8de49cc4c0650722830619fa51b9c5e1a2a50ba
x-chunk-cache-v1/chunks/indptr-000004890996.z	21193	776df934d2f0e434fae0c7ea080d56f54c6de82ce4c37606e6d36a2b93b92494
x-chunk-cache-v1/chunks/indptr-000004898872.z	21174	a295eb7d0d8961e24adbe40457878555d7afd27ee10e03ce41bf713b930441db
x-chunk-cache-v1/chunks/indptr-000004906748.z	21105	a290f098d0e6dd1b3c11f303a78ab76f80b097de9e291f25e735e2d578772690
x-chunk-cache-v1/chunks/indptr-000004914624.z	21087	a98008b6285e6ff70e7d253b1fbcc492bae5d45effca3f63bfa2da8f0ae597a9
x-chunk-cache-v1/chunks/indptr-000004922500.z	21105	404da17e83940340d8abfa507fec846900f33cb6881e913cbcbb20154ff13350
x-chunk-cache-v1/chunks/indptr-000004930376.z	21136	c5aa90a98d9fa4b66f783494072db71b293e8b8678accc480942336245a003ad
x-chunk-cache-v1/chunks/indptr-000004938252.z	21112	06e34e5afb8bdbb44840e9c2844695e7d06eed8311ee4f09f611a95cf72cd305
x-chunk-cache-v1/chunks/indptr-000004946128.z	21161	e1ffb4f993356dab0284ac8b8fc63fad6d6baae6de64ea59b6e4ea58b5424694
x-chunk-cache-v1/chunks/indptr-000004954004.z	21178	e07bb3d40669d8e3a4d71d9c4bb65184a99ca64e7b875adaf8206a8312a2a8f3
x-chunk-cache-v1/chunks/indptr-000004961880.z	21142	2d9378e3f53c679d554af3d742069f0a65267cfeec5328e1951f4de3ed5b6253
x-chunk-cache-v1/chunks/indptr-000004969756.z	21094	0e8fc3c715a97d9aaebf2de0f0d37526f5d6730c64ebd39e4d1d8398b6499c69
x-chunk-cache-v1/chunks/indptr-000004977632.z	21063	9ec14e378c25a632c57a6094d194f2a12e02f805a080aaf747e16861ba5c3dc0
x-chunk-cache-v1/chunks/indptr-000004985508.z	21113	1770aad57cb049c48d7b18798a045ca1cb2afc40dd0c63d6258202eeaca67f51
x-chunk-cache-v1/chunks/indptr-000004993384.z	21109	ba3f4da48593bc159c60fe7d67a1bc5cd07c9b5f6819f6794f3c12a57c3803c3
x-chunk-cache-v1/chunks/indptr-000005001260.z	21136	8c2086753231e7c18b5ef84dc0411dd40e8dab388adf0a4111a4229ee9c646c5
x-chunk-cache-v1/chunks/indptr-000005009136.z	21194	0f863e4926a532f54810bca26bcc8d6d46e2aad336cb87e899a879a31bff90f7
x-chunk-cache-v1/chunks/indptr-000005017012.z	21257	1d56a19940ba6d7f09c22004666905c2594f224dc5e739b2cd500cea7f52cfb5
x-chunk-cache-v1/chunks/indptr-000005024888.z	21199	aa5d97dea6334853890e702f2e8874bc353788dc86afd4927c8f0e436d9fdb47
x-chunk-cache-v1/chunks/indptr-000005032764.z	21155	b1e62bbde649868a5a9b4d9f61523ba2aaf4aa04620554ed084f199b589d9f15
x-chunk-cache-v1/chunks/indptr-000005040640.z	21099	c24fc43e93f432a2299a1535cbad2298fdc23b51fb1d12675a3653c1efa3552d
x-chunk-cache-v1/chunks/indptr-000005048516.z	21153	ef7c6b78dc800e53ca1e052608377d1c0747965d1f8b4cd1dc41b084fb92861a
x-chunk-cache-v1/chunks/indptr-000005056392.z	21190	b3a4740eed7c3432999a639007a17607a69b34e89ef320a13b226ba8fb61546f
x-chunk-cache-v1/chunks/indptr-000005064268.z	21169	34109e439aa60a97cbe2c3a4de52f353feecfadeaa6406fcdd0cb3a1f6625ff9
x-chunk-cache-v1/chunks/indptr-000005072144.z	21183	d0fddb48721845b838121c940e4d60be9636c6ca02daced48b82c3875de65a98
x-chunk-cache-v1/chunks/indptr-000005080020.z	21163	281e6a29b535126b803dd79af095571ef5ed87d4e7d955819e3461c26a86e5a3
x-chunk-cache-v1/chunks/indptr-000005087896.z	21120	f6514577581d690630bcf5d8a5745570f529b464195add58fd984c6ccbedcf33
x-chunk-cache-v1/chunks/indptr-000005095772.z	21082	88c3dabca284c0f99e7e5dac29d6ead8360e6fbe2657cf628b9d767ecb5a5e0e
x-chunk-cache-v1/chunks/indptr-000005103648.z	21052	ba4b0ba79fe68ddfb53e49409d3e005db425093d6d2b10acc42b3d38bed4c913
x-chunk-cache-v1/chunks/indptr-000005111524.z	21109	e55fe58db2aa0340ab927322464aafa314755ed3d209954738551441f8b62777
x-chunk-cache-v1/chunks/indptr-000005119400.z	21106	56ec40ba0619d3a5db465b159fc44ba806d86b6befd29b29b1dc4c464de00cf5
x-chunk-cache-v1/chunks/indptr-000005127276.z	21138	b8d285145c079921733209d335a9530383a04f184cb9833886f0c50f2d9cf578
x-chunk-cache-v1/chunks/indptr-000005135152.z	21206	fad6b73ac4df0338108b12b9fb0d7bee8848261ab11bf714cc122741ad328372
x-chunk-cache-v1/chunks/indptr-000005143028.z	21219	977fdf5d162890c2720b4758a53fe109db79e099875199fa1d4fcf941d9bfcae
x-chunk-cache-v1/chunks/indptr-000005150904.z	21174	a8fa527aaccf2cf8ffd52bccd3f3f5348f7ac1b637cd337fee83626789313945
x-chunk-cache-v1/chunks/indptr-000005158780.z	21158	34b5ff124494e15292ee0758958c8e9fdbf70935267b66230afd4b4c12799a74
x-chunk-cache-v1/chunks/indptr-000005166656.z	21101	11166eeee562a2d36e212f0e5dcccd435c3d9bf9e151feba8d03ecb6b5958331
x-chunk-cache-v1/chunks/indptr-000005174532.z	21178	7e1b1e2092051fde60d38193556a9902e9833151c4d1f84c9fa9a396f46272d9
x-chunk-cache-v1/chunks/indptr-000005182408.z	21169	8bf6bdd08d9fcc24b9f309baddc60c6fb47e113e5e641abb3dd3fe9f54192fc6
x-chunk-cache-v1/chunks/indptr-000005190284.z	21179	95f816b0d94fe764660f67e36fd4923ebcc3814f680c2168731266aa0dfc26b5
x-chunk-cache-v1/chunks/indptr-000005198160.z	21209	effceccb20384a12ead2795d1d944b6189e442bef15221a169691ad019fe27b1
x-chunk-cache-v1/chunks/indptr-000005206036.z	21225	299cdc53d228dba5530977d4719a9d223a8679dfbd0e5044d23a4ed64dc8af18
x-chunk-cache-v1/chunks/indptr-000005213912.z	21184	4ea4e66f612a29c8b57b0a608f9e13c125bfc0d60ba9b50436b5a0c65d545808
x-chunk-cache-v1/chunks/indptr-000005221788.z	21121	d8664a4c2e4877c2c2819e2a3ec8e474ef8f314260451e7667f6fdf2600ecc13
x-chunk-cache-v1/chunks/indptr-000005229664.z	21084	0898df783e5e94ccae0ae4583f1374133c82e74a852ee45c23683e93ca09e5e0
x-chunk-cache-v1/chunks/indptr-000005237540.z	21123	d3fd2e5299d4d604d729dd511ad3af033d29d9c8f3c9b423cfebffbb441e8708
x-chunk-cache-v1/chunks/indptr-000005245416.z	21168	3a91028c3c3148d528c4e0a06566ee2aa1a30f873e85849fcbe1917e0beeef3e
x-chunk-cache-v1/chunks/indptr-000005253292.z	21120	e1b3ccf3c188e7a6dd6d1041c04746cdac00202b16b4de8dc4b0d1bd753ec198
x-chunk-cache-v1/chunks/indptr-000005261168.z	21199	3154c4c6d51f0fdc52e9647c5b0f0725d695749fa54cbd091ef6e909fd2b4f48
x-chunk-cache-v1/chunks/indptr-000005269044.z	21255	67640e9aa8e821e1d95f76bb9b502376fb164fb259d61a35a0c75916c2d5a1e5
x-chunk-cache-v1/chunks/indptr-000005276920.z	21257	5ee16774ef477b4300d0c5424dce39244df45a05c1afbb71614c4b53bb151b1d
x-chunk-cache-v1/chunks/indptr-000005284796.z	21191	61e86edd34a5b90f18928850450273919b56a4d7e127cee3e4d3f52d51f9486e
x-chunk-cache-v1/chunks/indptr-000005292672.z	21184	41f2bfcf73703563127ff4ccad769f6de36cb413da3af23e2fc583e3135ca8d2
x-chunk-cache-v1/chunks/indptr-000005300548.z	21120	01ba46612c49f2afcb43240859dafc64ae5cb785330395f72b59aa051245f096
x-chunk-cache-v1/chunks/indptr-000005308424.z	21204	60230490fea81fb326b8751dae8b9f186b05cc650185f90f569139b0d055e735
x-chunk-cache-v1/chunks/indptr-000005316300.z	21172	7a776eb15597539fd5c4e56320348bc41cb9a54ae1558f48f8708e33445220fd
x-chunk-cache-v1/chunks/indptr-000005324176.z	21229	93cb4b9a7832e4b508688adafcb802a722f9155c03984a1c91bf1d6c2c0b0ba2
x-chunk-cache-v1/chunks/indptr-000005332052.z	21217	7456350d741c76e079238e3accb6d5cf35982ea852dc07311a7a785a9c8f2ff0
x-chunk-cache-v1/chunks/indptr-000005339928.z	21208	faa1bb4089e6aeb0a1b2d2af1ea3fc0d96f62176aa850d9fa3f03311e30c3d1d
x-chunk-cache-v1/chunks/indptr-000005347804.z	21175	815b5d89b8c0133b8c55e3e2564eb5963d13f1e845941f1809cc84f347a964d8
x-chunk-cache-v1/chunks/indptr-000005355680.z	21137	f8538ecaf38ace0831693bfee1f5585f857b321b9bc6f6d8edbb7fc0e85660bf
x-chunk-cache-v1/chunks/indptr-000005363556.z	21108	fada0faf07f22190e65178a808e557c9720c3ea84887e9426a511a44ce88b480
x-chunk-cache-v1/chunks/indptr-000005371432.z	21129	a818462162c18d13c95e940356aa5746d92f1fe92486f8a477e3eaddce8ec8fe
x-chunk-cache-v1/chunks/indptr-000005379308.z	21184	004abb631df95b3d25d4a7132cb033cf6bec93afeb7cc9396b98fe91a72e6037
x-chunk-cache-v1/chunks/indptr-000005387184.z	21157	5993f13226bedce0f5d4cc5ffe75951880da4e31ab19a2d7397a6a5cdeda4894
x-chunk-cache-v1/chunks/indptr-000005395060.z	21192	3a63b04c5ba0d75af7673172e76ddd0a6a5dcaec122a0819d9917893b0fb572f
x-chunk-cache-v1/chunks/indptr-000005402936.z	21224	b373232401d1060f87fe1275e0ddc0fd425940d94c46c76ba1d629eea49a714a
x-chunk-cache-v1/chunks/indptr-000005410812.z	21208	d404945295bbb8f7dab23e3c33c7bc9abbc09d0506ebedf910a31cf2190cce28
x-chunk-cache-v1/chunks/indptr-000005418688.z	21146	17f024c5e3e68f0468c348317939b59d4a0865682c667cf217090ab2a00577d2
x-chunk-cache-v1/chunks/indptr-000005426564.z	21116	b1f091548c30a6c93785d08f055b6b8bbf36e21f2588234845a8bd8e9b39ae6e
x-chunk-cache-v1/chunks/indptr-000005434440.z	21127	387e6bb42f2c8a2bd242f8dc342a6eee96f64de8c941e26b348e574655d933f5
x-chunk-cache-v1/chunks/indptr-000005442316.z	21176	b282b54d8c4c83f6d84dd089d46b75832f61485cd73bae3e8749f76d00c66690
x-chunk-cache-v1/chunks/indptr-000005450192.z	21147	c62665e1bd344f63081d182bcb29c2a8cda5de8f6cf6e5ee25f7aef7669ef628
x-chunk-cache-v1/chunks/indptr-000005458068.z	21209	b2b9f199a172980d898bb5ceb95c3d7d4bff6def4499be6228fed8d82e0ad711
x-chunk-cache-v1/chunks/indptr-000005465944.z	21251	3291f1ab8f67ff639d8d8f67fe713ce9aaa492ea32bef952fe79397cfee985be
x-chunk-cache-v1/chunks/indptr-000005473820.z	21260	7c815d03ba75a909f7d5f4b06d11aa7694c1d114354e98730fc15fce6e2e0a0e
x-chunk-cache-v1/chunks/indptr-000005481696.z	21171	94fd21431ffce5d32b6ffdc226b7f4c245139df60d476ae08a6368f00587e6d8
x-chunk-cache-v1/chunks/indptr-000005489572.z	21177	bc062aad866843c5513d5f4383644415e8f4bc1e32291f0d78b7a15fced96408
x-chunk-cache-v1/chunks/indptr-000005497448.z	21115	ddee7e8480c0abad3a35b407123cbdba60ec907273ea674a118194fe8f2fc94d
x-chunk-cache-v1/chunks/indptr-000005505324.z	21205	b5f4cef94eb7f7a9b2d5f8cb4dbf08c6581e59aaba34032f866fbbbeb3dd1512
x-chunk-cache-v1/chunks/indptr-000005513200.z	21206	3959be9a1978dd275b8902bd4f61ac55515a0339db3148c6c0036f3f8ac0fb63
x-chunk-cache-v1/chunks/indptr-000005521076.z	21227	4e8728406ef70443ae997be4706398b9e9ff7ffc14cfd5c7e27ab2ad30366eb0
x-chunk-cache-v1/chunks/indptr-000005528952.z	21236	285fa0ef22bd0c264bc7b10d6f8173d514a4c43303fed74d69565238e164c3eb
x-chunk-cache-v1/chunks/indptr-000005536828.z	21277	0ebf16255096e5664a3290004a265a6db7445b9e24767e641869c3c006facc29
x-chunk-cache-v1/chunks/indptr-000005544704.z	21226	af5eb91574be1a37cc8f8121532b2bf53866bb6840c1ec212199d76e4e900252
x-chunk-cache-v1/chunks/indptr-000005552580.z	21152	141cf28d4b9d0d42c38b221374fc202d391b102d758137253c93afdab4624214
x-chunk-cache-v1/chunks/indptr-000005560456.z	21105	19fbfa2c94f98374b8aecf2099e6228155f614d879fe20a6430535089ac75b18
x-chunk-cache-v1/chunks/indptr-000005568332.z	21163	dc764957e3af96155485d4d869afe47d5d71d7fdd9c87b023a86ac2113d7f3bf
x-chunk-cache-v1/chunks/indptr-000005576208.z	21199	cac78a71414c263e92ad66e5579ffbecff6c44a333b6d26449425043d84b08bb
x-chunk-cache-v1/chunks/indptr-000005584084.z	21173	d107b790c568514087bfe83bc1b7d71ce06ea4a32170037d7d52243e3b99d7da
x-chunk-cache-v1/chunks/indptr-000005591960.z	21232	e25fc8cc4794d3ecc5d7c4d2cc5a62fed7d80090b7e7038c57fdcdfacd8919f2
x-chunk-cache-v1/chunks/indptr-000005599836.z	21182	96a258c44093a1b47fac142bf6d10f870de93f04c925ee90e3d465247d73aa72
x-chunk-cache-v1/chunks/indptr-000005607712.z	21150	232366ceb2e83ff939a2bfc311405494a99b2dfc82ba89d977066553033db395
x-chunk-cache-v1/chunks/indptr-000005615588.z	21105	d101cfeb3c5ad0905fbd1d802ac244930d2df23578144cd868ccfb94bd10da29
x-chunk-cache-v1/chunks/indptr-000005623464.z	21066	f72162420feb4abb7df7ad10d981f052e447a0d6c061e5bdda71146dd35b8547
x-chunk-cache-v1/chunks/indptr-000005631340.z	21107	9183d18cc2b8329a1f79d27f00acd2da796f558e337e509382d9cf07f456da1b
x-chunk-cache-v1/chunks/indptr-000005639216.z	21139	1834b9c48d871e2a4b562b56b5e5a6d903179bfaf6516541f105a09bb93e684e
x-chunk-cache-v1/chunks/indptr-000005647092.z	21124	08847015776ae576ddbecbe843b1edecff0703ea89e1d17b8dbaa1b69e761ac5
x-chunk-cache-v1/chunks/indptr-000005654968.z	21147	9fcfc63a6710b990772cd90a57fea49e1cf2abbfbf8fcf00307babe575fa465c
x-chunk-cache-v1/chunks/indptr-000005662844.z	21197	dce3dc62cb5959c2e943fa216ef2742ca805f2b68c6ec7555a887094597c5852
x-chunk-cache-v1/chunks/indptr-000005670720.z	21157	ed74f65de44cd0cf2c7044e9d4825c6ed41bcba53d8ae077320e7fc352aa7e50
x-chunk-cache-v1/chunks/indptr-000005678596.z	21126	73181a11d8db1e115a85582f047e608757bfdabe95cbd91e4ec06c4381140047
x-chunk-cache-v1/chunks/indptr-000005686472.z	21079	51ba320624547d39774b45e2758f96676179dbdc5cf7873ad94c2b3c6e9eeceb
x-chunk-cache-v1/chunks/indptr-000005694348.z	21148	75d54a4943a92921ae08ad6ab2d129efc1fa76756dc88d2963990c460cbf43e0
x-chunk-cache-v1/chunks/indptr-000005702224.z	21129	922129f2629a32e6bf14eea033e94ae2a5389825d8e23add84226f8c629a47c9
x-chunk-cache-v1/chunks/indptr-000005710100.z	21159	fe53b07c47a0619c1335727a68fd939f523532d51e9b41d6d9ede316a8bb25a0
x-chunk-cache-v1/chunks/indptr-000005717976.z	21157	c3616de3fd4b0e493a6e033dfe052bbf59d642fc62782dc30b540bad6e29bd95
x-chunk-cache-v1/chunks/indptr-000005725852.z	21185	e09bf56feea1156495eeaf60d8684ef7c34ff232873cfed8b6477a6c6fa792bd
x-chunk-cache-v1/chunks/indptr-000005733728.z	21127	23f6f92814cf3668115baedd9d515a01ab8d6a73c80ac798923b3ed8b12ae92c
x-chunk-cache-v1/chunks/indptr-000005741604.z	21104	b87d9914991a3b7890c012344745713e4d19d0cb0e145562f49da17aa4b07005
x-chunk-cache-v1/chunks/indptr-000005749480.z	21071	3c2d460f4f0d88acab1112d2ba38eb64e8071f19b5fcccaa5cad12fcbd657b7b
x-chunk-cache-v1/chunks/indptr-000005757356.z	21122	616fb6be853613b718b44af7bf96ebb72b7f4ceb26c30281c75e156fb455d107
x-chunk-cache-v1/chunks/indptr-000005765232.z	21090	ed494899c3e4eb23dfce692829bbf357da4792aba45db600cf47c5ce853302a6
x-chunk-cache-v1/chunks/indptr-000005773108.z	21146	97666a4263e33af2d3f59fa38b75a175a459fc9ee3ebe90ef8bb56b997942047
x-chunk-cache-v1/chunks/indptr-000005780984.z	21160	8a15c42c6b8dcb481a34889b17660717651f4dbfca0236392af29cac81e0bb59
x-chunk-cache-v1/chunks/indptr-000005788860.z	21209	720716a1f92a8292885dce056e424dc863e513f11a8818d3527a54a90a4fc0bc
x-chunk-cache-v1/chunks/indptr-000005796736.z	21163	67fb18c5c8667a32dd7e6f3b474408a3de0beafac4d25bf129c8652dda2856c6
x-chunk-cache-v1/chunks/indptr-000005804612.z	21135	06a9b98145fbe0be79e2514495e61de49f9d089f5f95717b523977b1d902c683
x-chunk-cache-v1/chunks/indptr-000005812488.z	21063	4740b0596dbd6f6fefa80c6ba75d730fced4b25ebb087328fd1605f9498f680a
x-chunk-cache-v1/chunks/indptr-000005820364.z	21124	bf0b17481556acb8532832482d6671696c34f7ecbf2e189d5805f76d018a44f1
x-chunk-cache-v1/chunks/indptr-000005828240.z	21144	5ae009ae65c0d8ba02dd249bc340737a620f8354363d2d7c816edbfbe811fb34
x-chunk-cache-v1/chunks/indptr-000005836116.z	21149	c48354c9ef84313334a39751cee569cadafde8c37c952c31669c131e75ab9847
x-chunk-cache-v1/chunks/indptr-000005843992.z	21199	67eb7075a481bb59bb8ee9174a3ac367aabef65a45bda1d13105de31c86d61fd
x-chunk-cache-v1/chunks/indptr-000005851868.z	21238	9660c8c7450af5289037ae39ab29265e6527fddcf6babc820186a6c4e1ec3ab2
x-chunk-cache-v1/chunks/indptr-000005859744.z	21203	e39f58f6ebc2febe6d1270e676f36861f8f19993c5576674a9d63659f0f28451
x-chunk-cache-v1/chunks/indptr-000005867620.z	21112	04b3c1cc5adc3cc935357b45fd73d31459d5656e1d81bbab28c99c0b68cf0204
x-chunk-cache-v1/chunks/indptr-000005875496.z	21102	350f0a5fda0af2cef56666d02d47e06bf9fcfb26dd09d85ac0ae88a2db684269
x-chunk-cache-v1/chunks/indptr-000005883372.z	21109	c15d363376a79b81962ee03f570a223f4ec4adea3bd3a2c279e0e80e2de230b7
x-chunk-cache-v1/chunks/indptr-000005891248.z	21198	a41a9be7596b58473d30f165f8fc4f5138cc677133525a689df990e5d1355785
x-chunk-cache-v1/chunks/indptr-000005899124.z	21141	08d4628517adf5129ba964bbad1953684c7e552953e423c053c0e239e2f06d20
x-chunk-cache-v1/chunks/indptr-000005907000.z	21188	94658a4ae71a616dfccddefacdd127ae35b10e43a02c1d8021856c7788122246
x-chunk-cache-v1/chunks/indptr-000005914876.z	21198	d17e67030dad730e1afd617957925535659ba8b42972cbc978d9ea18dd679ab8
x-chunk-cache-v1/chunks/indptr-000005922752.z	21185	cbe0c9014f24ebf345ee93e40c4877ca7fe94b85e4558fe0ff9cf7c1e3a4a1b1
x-chunk-cache-v1/chunks/indptr-000005930628.z	21116	01c5c0d0556885cec1793785e938ddfe352f9ea71139c47e5f7c164ea9ae3e54
x-chunk-cache-v1/chunks/indptr-000005938504.z	21107	29d441ed2e8a19da19d7fa81612afc8f4c4c299672e2704a0f51f589a798fe40
x-chunk-cache-v1/chunks/indptr-000005946380.z	21111	95cb13b24430e429efc5b98013c922f9dd64fe51fc460568add4f36ccd38c028
x-chunk-cache-v1/chunks/indptr-000005954256.z	21177	d9f47ff553c29a4f2a12a3cf48618ed33b8fdc2c502fb0d5cea8d02ea2e15c47
x-chunk-cache-v1/chunks/indptr-000005962132.z	21138	6fb2d914c225857562730b7bfb695d11b600a1bbb770acca68494e47bae79119
x-chunk-cache-v1/chunks/indptr-000005970008.z	21193	9692d3174715f28036b24ea08eae2a62ffa9b155390b343451a17e038cc37a0a
x-chunk-cache-v1/chunks/indptr-000005977884.z	21206	f2d751f9d5ae2e0bec2c4033e2d1d229a003ca1f6feaabdb103a2a1a9b875461
x-chunk-cache-v1/chunks/indptr-000005985760.z	21202	6138443cc023d9014de4f724bdc68948f1a79a6ebec1eeeb3f280957f7aa9c56
x-chunk-cache-v1/chunks/indptr-000005993636.z	21145	7ca72b1fd5494dd9f46ee8be3f3c1e31cc337424dc03b78651224848b4311e0e
x-chunk-cache-v1/chunks/indptr-000006001512.z	21132	49e4015ce330324c7b9c2ea741722e59d0c32b7e942f6d42410b4a6bc9dd8e9d
x-chunk-cache-v1/chunks/indptr-000006009388.z	21091	c0503b5ff930f0affae410e55b3b37bd62b6d9933b878cc689816372fbb011b6
x-chunk-cache-v1/chunks/indptr-000006017264.z	21158	504a05b786bef4f7fe855f193f897db562c9d0022acf53c3a40e981a12544d92
x-chunk-cache-v1/chunks/indptr-000006025140.z	21144	85ce16cdb2302c1058300e1d4c81d4fe6ff110e5fa8e251bbae591e150ef720e
x-chunk-cache-v1/chunks/indptr-000006033016.z	21189	5d1f4a18dee647f78f5fd80f133fa2a4e3705bdc48e7d725be4fb449324c5779
x-chunk-cache-v1/chunks/indptr-000006040892.z	21193	9cca293eb314268f3d8cd0b86b7084dd51976ee970f589cc7a823102e5abded6
x-chunk-cache-v1/chunks/indptr-000006048768.z	21196	5dae29bd420c5433f8ec23ab1528133acc6a726c3be9713c47de93887b863e76
x-chunk-cache-v1/chunks/indptr-000006056644.z	21170	e268e23bebab98db044108d35ddf9fea1f986a491479090b63f7a3cc05401c3e
x-chunk-cache-v1/chunks/indptr-000006064520.z	21121	a77b3f88063392cc7c7310903a39f6cdc70c73c34067cb356f228e029b8e1551
x-chunk-cache-v1/chunks/indptr-000006072396.z	21087	ac9b040972fecd577aa46261f8ceb96f8d270fa95893b205f7d63b0e75198966
x-chunk-cache-v1/chunks/indptr-000006080272.z	21142	031c0d3f79a653637bc6fd67e0048cdcef1cf10eb1ec2e15391e6abdcf347b7e
x-chunk-cache-v1/chunks/indptr-000006088148.z	21128	6c231dd7af0e7b4b12aa7130a8e0cf3dab85e14208082491f9f7a82f33af6faa
x-chunk-cache-v1/chunks/indptr-000006096024.z	21172	81378006e58ac36cc48c44d2da29dab126c21bbda87ddc8ead1c57368f13fed9
x-chunk-cache-v1/chunks/indptr-000006103900.z	21159	3cd9eb6e932f0fd53a97c7ee9865e59123014e33c28b20f9d0806852e67a9ca6
x-chunk-cache-v1/chunks/indptr-000006111776.z	21165	f53caa367c7b0d2d3c33e504a2dd662291ce0a88bd05a3c0d0614d7c2379fb4c
x-chunk-cache-v1/chunks/indptr-000006119652.z	21110	62ed67512615c870115afd3778469fc43683d95d792aebf0a1ae4a28fdbf63c3
x-chunk-cache-v1/chunks/indptr-000006127528.z	21066	bb9f6e3c0a03439bdfb9c0c15c3b771b495263a7d0a4b6976bb52dbc669898d4
x-chunk-cache-v1/chunks/indptr-000006135404.z	21070	7c7ae322d24be4db9fbfeae4a2917ae361c8a6ac816025d47686715192ee12aa
x-chunk-cache-v1/chunks/indptr-000006143280.z	21115	b98715365704cedf0822794c4fd3635b10f0ef65d83c8b752fbe10dc640a2a1b
x-chunk-cache-v1/chunks/indptr-000006151156.z	21108	b80e58e3b2782332393bb1342b92fe28909ac8fde3732f431526a33beba6e408
x-chunk-cache-v1/chunks/indptr-000006159032.z	21154	5b88f08758c7940c68226f32dea945df27374a1ce5d83c8078a05b71acd561b1
x-chunk-cache-v1/chunks/indptr-000006166908.z	21202	01aaf981ea1bbdbc6829a0fc76244d1423e7b058671947aab86b93d444f836e8
x-chunk-cache-v1/chunks/indptr-000006174784.z	21188	95ecf630701934195bddd700013e3edde402b478ce3866b8f02cd4451337c39a
x-chunk-cache-v1/chunks/indptr-000006182660.z	21119	8c347583ccad090fa550ba3c133b64d9396254dbc53a96fab261ef9b47cb1b56
x-chunk-cache-v1/chunks/indptr-000006190536.z	21084	9ecabc54acfb256b9c9c9394d2fc12672f945e4cfa549e3e234ad35d7f444d4e
x-chunk-cache-v1/chunks/indptr-000006198412.z	21111	fa35f2d8840a2c871d537fdfe3dcc4b208fb948571bd281106883c111e1d8c98
x-chunk-cache-v1/chunks/indptr-000006206288.z	21164	11e04fd4f7a444538e696ecce8f3c88e54192c0d7aaab79aa98fa9242ff57b81
x-chunk-cache-v1/chunks/indptr-000006214164.z	21150	4bce4cf2309f841c4f8fad631b40209e7c45f90f84d0ad871860710d78306854
x-chunk-cache-v1/chunks/indptr-000006222040.z	21196	e354285f5f87a16c711d30b200cfda331c137d9097381eb0771905213fffce36
x-chunk-cache-v1/chunks/indptr-000006229916.z	21243	4d013ee9fce7c6b180faba3239aa6a6ed66b6a72286c91851ceebb3f9f1d6519
x-chunk-cache-v1/chunks/indptr-000006237792.z	21217	7c56c7d41001a16e72cbc9eaed23c622a24feac0c0e6a9388a1ed1360a042149
x-chunk-cache-v1/chunks/indptr-000006245668.z	21139	6d9fc57ad5d42b0d3402e7151fa28d74383594125446e4a33d73639b73b78b4f
x-chunk-cache-v1/chunks/indptr-000006253544.z	21134	7d289dba7eb662608b75ef5b5408593c4dd07a1366b7a5a5198017d70f859f50
x-chunk-cache-v1/chunks/indptr-000006261420.z	21125	117439429b60d16b5744125f95606d5b9623759e51d390bd0a84ab5645d39673
x-chunk-cache-v1/chunks/indptr-000006269296.z	21193	3035be9fa473fc3b5ae8cfa955ba052e64f3d66160b80dd5e7167c5e4bd69027
x-chunk-cache-v1/chunks/indptr-000006277172.z	21142	b29269bb729dd36bbef5fe88fcf0e95e1de1cf7cb02fda56c16075ca3e6c84f7
x-chunk-cache-v1/chunks/indptr-000006285048.z	21229	9b4ad20eb8bf19754825b376c015beaaf5b0391244b65f6dc4bf1551ddaf8019
x-chunk-cache-v1/chunks/indptr-000006292924.z	21205	ddf044a90c7adf1578d1333c06027e884606ec9a5ace84f49f38200b0b33117a
x-chunk-cache-v1/chunks/indptr-000006300800.z	21215	6c6e31e37cb058cff5b634d42bfa3830d5c7629d5dd3d678643e4638180217b5
x-chunk-cache-v1/chunks/indptr-000006308676.z	21129	df8fdbeecfe520dc242e6a22fff2645d376941b5ba3c8e14133230705c3da9dd
x-chunk-cache-v1/chunks/indptr-000006316552.z	21106	a7bef88547496a6e77c779bba57ad2721f6f2bf14b4b4a10ec310988cb8a678b
x-chunk-cache-v1/chunks/indptr-000006324428.z	21091	82f0f283f428695dc6d817db51cb7d2fe9f1ae5023596160fd96a0dd6ee071b7
x-chunk-cache-v1/chunks/indptr-000006332304.z	21139	dd4ccafa8db2bfd8abcf6007d6e126477590586bc1ee172134a34617aec8ae73
x-chunk-cache-v1/chunks/indptr-000006340180.z	21132	5d5705b1de6ae5ef2c04dd5c692319098346854e91cf34231a0802e0b08e031a
x-chunk-cache-v1/chunks/indptr-000006348056.z	21189	c44806d70674a30872b43ad8baf941c125a99708b8c24c5d213518cdf8fbc868
x-chunk-cache-v1/chunks/indptr-000006355932.z	21208	5ee4d552e54cae1c8febffa3ef731780a2ef99334e55583bb96e8f0d90a0a905
x-chunk-cache-v1/chunks/indptr-000006363808.z	21231	95dbb3f2cf96164c8a98b475ee011833534b1430dd8e85df3ae6fbec70a7a187
x-chunk-cache-v1/chunks/indptr-000006371684.z	21155	8319c267ac079f8a9a888169722dd2347b1ddcc898dbe63bc575dd3760f5623e
x-chunk-cache-v1/chunks/indptr-000006379560.z	21142	2de820ad4f590402d1f045a579112099d1a8065550fce938ab485772b9e185f1
x-chunk-cache-v1/chunks/indptr-000006387436.z	21087	7218f2e060d0fe49c4a5a140015307367beed0efc82dfe7d8039f5c6730f0c92
x-chunk-cache-v1/chunks/indptr-000006395312.z	21165	2e2e6e9c06cc6789820c541583cd47a023c84017b22e87a2a7f0084a1e6e347d
x-chunk-cache-v1/chunks/indptr-000006403188.z	21133	035a69b41a679770434f264a20b8d210bbcf02754073aa8378a958f531f4c60f
x-chunk-cache-v1/chunks/indptr-000006411064.z	21185	c6efd74c4b406a967c7b6eef8755b7bed3da04821758e2152c3bd30ac0bb9883
x-chunk-cache-v1/chunks/indptr-000006418940.z	21202	0f339a0ec5f99fa81ba0a11dd9afb9728e7caa37d80219055308fb8b8a8db865
x-chunk-cache-v1/chunks/indptr-000006426816.z	21251	3f396ff480b0a323bb79a4775aafc615dc7878e89f62b53e0278e3c55f3f7d9d
x-chunk-cache-v1/chunks/indptr-000006434692.z	21191	ba86f937ceb30589e6741bebaf5f06b1d56b419e22b18f0a38ad1e8783dc4e1c
x-chunk-cache-v1/chunks/indptr-000006442568.z	21154	fd0c6ab3874de204d3c47b68f8c72ac1fffb9be1b582c7303de53d268cddf4e7
x-chunk-cache-v1/chunks/indptr-000006450444.z	21096	cde8e53e0bc25ac70b6da5d56345534d6745e0b4e2d50bfe981fcb27849992e9
x-chunk-cache-v1/chunks/indptr-000006458320.z	21151	6bb7aa06b9bbcdfb8b99d99be07f66243070807682971122b5bdb063f0ec8091
x-chunk-cache-v1/chunks/indptr-000006466196.z	21196	95acefc24139a4492d384df04bd03a7e4e0046aeb116405b888414c5e22ba8b2
x-chunk-cache-v1/chunks/indptr-000006474072.z	21161	b94fa366dc832f8754a183040d7e24c5051ffced4a0dd89a45f8c0af36f13c6d
x-chunk-cache-v1/chunks/indptr-000006481948.z	21216	17db8961795237c24f7ecb6728c044fb0f7a8226730fa1bb09fe518289ec03a6
x-chunk-cache-v1/chunks/indptr-000006489824.z	21269	2f79c6f56bd55b487a56fb1e4591ba0207066b04423a4d2bb41a435713da3f14
x-chunk-cache-v1/chunks/indptr-000006497700.z	21235	ea163a25c64320346c1e6c5cb98cbc778f3fc2711dde17b9ed009c8a8e1701f6
x-chunk-cache-v1/chunks/indptr-000006505576.z	21156	d0ed97fc4850d16713c5f1a9e4669ec7ea21930e8e880b412c1bf1b85515d014
x-chunk-cache-v1/chunks/indptr-000006513452.z	21129	8a0e130b84118dd95ca1bfadd68fab6a8b4bcd3ba6ae107f64f1d615566a4e45
x-chunk-cache-v1/chunks/indptr-000006521328.z	21159	f6bc6b04eff9776a8cfec4454bd98a5dbbbe30d8fa75cc7c09f0b92ca2e7e622
x-chunk-cache-v1/chunks/indptr-000006529204.z	21222	c2068de501d01a16fc067b80a207ff60e08a88318151059190fc19670bf11436
x-chunk-cache-v1/chunks/indptr-000006537080.z	21178	15e2f6d7806a6e7add81aeb8ddf9fd18ca1fd5346803ea4e2cbcc01c85de45f2
x-chunk-cache-v1/chunks/indptr-000006544956.z	21229	a1a315fb2990035ad78b804771681d0609c6ca8c126d25698c14fb07a9f13d8a
x-chunk-cache-v1/chunks/indptr-000006552832.z	21214	ea2c0f0855636827f12fe69b8ada4a0676dac9a3f2c75966384c4018b21259b9
x-chunk-cache-v1/chunks/indptr-000006560708.z	21226	a75ffc4548c1034e898c7baee6b33331d60735598a915c7d25f23120bacc4062
x-chunk-cache-v1/chunks/indptr-000006568584.z	21144	ed65d239caa7f426e9512ab478079cce7863012dbd0679de9c540d48cd3a11e3
x-chunk-cache-v1/chunks/indptr-000006576460.z	21139	18ccf1a9347f569c74394b8dd4285fd8dbe973d1d6c7c3d02b4e32d26c208f09
x-chunk-cache-v1/chunks/indptr-000006584336.z	21106	0613f32d9ff641476aa0008bf3864fba983fb58cb2ed5bc4cbc1b95cb002bfb9
x-chunk-cache-v1/chunks/indptr-000006592212.z	21180	3e21223684226427bd9990bc660db6489e409de08d360ae63e8a98b2557f390d
x-chunk-cache-v1/chunks/indptr-000006600088.z	21152	74bd490c4deab50f7c24c141be37f159cf5ef802afc8f18945449268c4665ba3
x-chunk-cache-v1/chunks/indptr-000006607964.z	21198	129292018b567657a6bb9a104e26cb59c2d22cc4a269a6225717490d15adb25c
x-chunk-cache-v1/chunks/indptr-000006615840.z	21167	8c7ffbb809978818020d2d85e09263db381ffc0ede511839362145afa43bd7fb
x-chunk-cache-v1/chunks/indptr-000006623716.z	21182	2fcd956be6d8e4f12df3dd19e5bb0a2586b23050673290e7ac5bd0fa785cec0c
x-chunk-cache-v1/chunks/indptr-000006631592.z	21143	04e56cf16f74314f2e86b71b9530ad3f57e0f391c494b5495544c41b109c4200
x-chunk-cache-v1/chunks/indptr-000006639468.z	21120	490196808b56e56e4bc36d370414a53d236bfdee774e4dc2ff9b3a6b39b05ea2
x-chunk-cache-v1/chunks/indptr-000006647344.z	21056	9fcfabe48abc1aa3416f2f723286ff45b3b92051299f0767373531c6e49cf4ea
x-chunk-cache-v1/chunks/indptr-000006655220.z	21113	2d9171adc2180683a472e02ef79225830c480b24277fd8c0ae5ceaa4097ea931
x-chunk-cache-v1/chunks/indptr-000006663096.z	21135	49be19e4a486d24a9e2eafafe3f701e5a32a25e0d8bbfa22ae9283e58b18b75f
x-chunk-cache-v1/chunks/indptr-000006670972.z	21111	bf3eaa33ce6734db1c8bc930c73cdf29aa2afed7fab9fdee39719fccf15a390c
x-chunk-cache-v1/chunks/indptr-000006678848.z	21163	14c2f079cb15ec9952b58d121b93dbbf98001d66ad162672e1765d07ea68ec8d
x-chunk-cache-v1/chunks/indptr-000006686724.z	21217	7e5756e335784b0a993f0b03fcb59dfb8a74ce66c837ba074bd8193bd0530a51
x-chunk-cache-v1/chunks/indptr-000006694600.z	21223	cafc3aaf72b19e456cdb57bd46c2bb129b646df8afb1e510e160be76eab7f684
x-chunk-cache-v1/chunks/indptr-000006702476.z	21122	3703c673d7731bb26fa8a4e1c744bb20bbe790222e81efa4bc923b3b8e35bef8
x-chunk-cache-v1/chunks/indptr-000006710352.z	21117	0722a1d7ebb050c7c99f4d2377e1f4405136e2bd1998f8b34e866c8485c11614
x-chunk-cache-v1/chunks/indptr-000006718228.z	21101	92513ac45ac7bdc7387b1ebab13be9cda7f6a1ddc412da518d5e94150a18f64f
x-chunk-cache-v1/chunks/indptr-000006726104.z	21163	09fe04fc0a80c42f91c0486ba0e41febd3f5722b4675f7098ebe750cf3c46547
x-chunk-cache-v1/chunks/indptr-000006733980.z	21118	453133cf3baa39071eeaa2fd6f557d0b306701a5e4e070f733051dfbeb126526
x-chunk-cache-v1/chunks/indptr-000006741856.z	21176	e6c89780fb34a1ffcc5465c6122a3cfca5c05bcb83373878c4a2899c0d79bffe
x-chunk-cache-v1/chunks/indptr-000006749732.z	21179	2974e89210ad02a08708e3bc389476d79d3cdb6ae5cde82ec9227589a1b68ab2
x-chunk-cache-v1/chunks/indptr-000006757608.z	21245	88345a8c73a78fd07c66db63e45d36bb7ce0613186590acd44bd9fafea974ebd
x-chunk-cache-v1/chunks/indptr-000006765484.z	21203	a14ba36c32c9e1f240c5b17b16fd309b7068af976c8637b9b7978c5d96d304b8
x-chunk-cache-v1/chunks/indptr-000006773360.z	21138	61eb646dc3009b3e651a5b05f7a1dcaa3b207b4fd01737307fb6d43dce5cdae8
x-chunk-cache-v1/chunks/indptr-000006781236.z	21099	186a80a6b70f579c13483d7e7fcce5a698d8d705ffaf3f5b110e591808056e94
x-chunk-cache-v1/chunks/indptr-000006789112.z	21121	003e44e17fe0905104ccc574266a1a2a1ad247cb6d01814f6b1f579bdc086928
x-chunk-cache-v1/chunks/indptr-000006796988.z	21179	f7dd16e452d0eadf625b5faf9814b45e59448e630fe99c3e7469f36d1e87845b
x-chunk-cache-v1/chunks/indptr-000006804864.z	21137	ffb8df19394b64329db83cc61adcc323ecb7d35c75083c7c89299a1429e6cab9
x-chunk-cache-v1/chunks/indptr-000006812740.z	21194	97b114062a5f3682915601dbdf3f2ace769cbc78de4a737d80dafc74e5f23614
x-chunk-cache-v1/chunks/indptr-000006820616.z	21192	a4fbf4a83162e7d1b1172887f891269c1ebbec0faec08bc971696c2612859b5b
x-chunk-cache-v1/chunks/indptr-000006828492.z	21243	52537fd229736f9913a7f527af3843f5c50aa6610c4cb5215fa764c3006dde22
x-chunk-cache-v1/chunks/indptr-000006836368.z	21207	0d3f597fc80429b2ffaebe3917675335f443d79088f2b7729d32c64e8c015703
x-chunk-cache-v1/chunks/indptr-000006844244.z	21128	5ed072aa739c881dbe3828895900c82dda22be05cfedd1d54d165367538a9611
x-chunk-cache-v1/chunks/indptr-000006852120.z	21110	000d91f9f55559f240271bd42b9a784462958ee9e812a6863f7f27a5b5a2f272
x-chunk-cache-v1/chunks/indptr-000006859996.z	21125	acac29b674f74ab1d0890d2d12d9bfc30517493f747055e401f997626b75ec8d
x-chunk-cache-v1/chunks/indptr-000006867872.z	21191	d7bd816fc374a3246284af1714ec9fd135cc2625a0ac43ee19b720b7774ef1eb
x-chunk-cache-v1/chunks/indptr-000006875748.z	21135	ba3458acf064f37d195db61f23ef0ed5e9b819f73c0ca131af21ca49c2392a08
x-chunk-cache-v1/chunks/indptr-000006883624.z	21177	00a93427bd239d145027a9afb99f39a7855bd949e78e1dce1eee3de1812b4330
x-chunk-cache-v1/chunks/indptr-000006891500.z	21187	e8290d4d8fdec80ac97fdf61924757f5b9964fed95ba874f2247e9119fe6670c
x-chunk-cache-v1/chunks/indptr-000006899376.z	21228	8692aa5d9ab735bede4a8310e05101514d98dc0008112e3b86a00829a3860668
x-chunk-cache-v1/chunks/indptr-000006907252.z	21178	05aa835dbd1f0b823629815e82595cedff5b4d623d65251ddfca4d990011eb73
x-chunk-cache-v1/chunks/indptr-000006915128.z	21119	554518d7d09ae20f9cf8dad65f1564720b85c058d023213a39b8e034c12d46eb
x-chunk-cache-v1/chunks/indptr-000006923004.z	21102	2aad20e6542b87795f7f1bb039e26f835d16691f505aac6dc4a905499d94def3
x-chunk-cache-v1/chunks/indptr-000006930880.z	21095	da6c51d0ba0c50e863f7e3b67d72f61c71a199a8f25b516cc493cf94eddfec1c
x-chunk-cache-v1/chunks/indptr-000006938756.z	21157	88db170b2b74b018364c8489bdc9ba97985b90d8d976fcdd48a63470f2947f3e
x-chunk-cache-v1/chunks/indptr-000006946632.z	21135	107c6c4dd8e99adca939e6ece30a763cf86a15d6f041acacee42eb0d24fb1f26
x-chunk-cache-v1/chunks/indptr-000006954508.z	21156	4aefd5363359590bd4c309735be3b9e6bc6c17480f303e56f2dec5f99c37708b
x-chunk-cache-v1/chunks/indptr-000006962384.z	21159	857b723c508f290be26903d6ec8e3ed427b15bd9ff534540fee8c2762be14b2c
x-chunk-cache-v1/chunks/indptr-000006970260.z	21138	f402d303c6a96d0e5d2761eb084f39343f9f7efc0efef1d6eb8222a546cb742e
x-chunk-cache-v1/chunks/indptr-000006978136.z	21117	719210e00daf4192bc1dddfc480c1282670b8933a14a8c1dff4e5ea49d0def5f
x-chunk-cache-v1/chunks/indptr-000006986012.z	21059	b8fb3b7cf8396202c85d2ba5f63b08c6c225b92a40adf63b1e833b9f6050aefb
x-chunk-cache-v1/chunks/indptr-000006993888.z	21037	45a189e25354b17dc753812dc551fdbb505c1c995b24cbd312acb5350b82de42
x-chunk-cache-v1/chunks/indptr-000007001764.z	21075	e4a21422229e29d3d572a52a44177c2d39b0f21b1eb615b5f57b2647526c9acf
x-chunk-cache-v1/chunks/indptr-000007009640.z	21098	d207ac3230906bfae5cc4f2582d88cada2f353f207f56611538d5a39e4effc9c
x-chunk-cache-v1/chunks/indptr-000007017516.z	21071	cdb8bbfbd3a5c2499c5b494cb39bc209b49796c8b371117f4cd14946672adc6a
x-chunk-cache-v1/chunks/indptr-000007025392.z	21098	3f4ce6264014956e477923b012f05f12ebe8cbf0ffc500fdf3b893fc9cded8ad
x-chunk-cache-v1/chunks/indptr-000007033268.z	21049	169b64e8b5bfa64cd17a3d4f7512fd26e7968c25ca9ff4478f6f4ffb12af3f07
x-chunk-cache-v1/chunks/indptr-000007041144.z	21043	ab745c598b414ca4f0de3278e71d0da32227d585415b00d1bfbc9e96b7b8c1ea
x-chunk-cache-v1/chunks/indptr-000007049020.z	21001	dca93feff18749acb7f9c24c648a4a6dd1d168fcb6b0a765fa13505ef0d59614
x-chunk-cache-v1/chunks/indptr-000007056896.z	20990	11fff9cf36f590ec468f25c9d804244436c9bcf7ffd50dbd1a6673853387bdee
x-chunk-cache-v1/chunks/indptr-000007064772.z	21044	0fdeef03fe43e5b5058892a41377feb3b307c30385354d67e7d5cd0419cb9553
x-chunk-cache-v1/chunks/indptr-000007072648.z	21032	e9f1bbe5d0dac79e00e38ed9cf024051898e2c3ea3be5cf082c2cab743eec474
x-chunk-cache-v1/chunks/indptr-000007080524.z	21041	de452abe212dd7c5a69d3c236bc142b0f804a59d6fc68e521771eb8019944a92
x-chunk-cache-v1/chunks/indptr-000007088400.z	21044	f5baa34c0154f96bb3b303bd0d14422db967c4a6bc3dec272cb79815d0fc75c2
x-chunk-cache-v1/chunks/indptr-000007096276.z	21000	8939918db8ce22941626472f76a8cbf71320f4f965965d081efb7f13a9dc3a50
x-chunk-cache-v1/chunks/indptr-000007104152.z	20976	9e457be572a26d30f67878f225f963befce6032e058b88027b5fc9c2264f0840
x-chunk-cache-v1/chunks/indptr-000007112028.z	21005	086275c5abbacba0635712105828d34c44317c0bda81d66bfcfcb90619d214e4
x-chunk-cache-v1/chunks/indptr-000007119904.z	21024	b774797f2be9e567bbbd9ee7d8c068850d47a015b5b010004c318bd53a861452
x-chunk-cache-v1/chunks/indptr-000007127780.z	21081	37dac921f20e11e0cbaf0cd397dfefe776478fb2b60409ca1073b08d2dc7733e
x-chunk-cache-v1/chunks/indptr-000007135656.z	21108	dec262f52747cff1b442abcc13bd0f81455c879960bb1d70b5df6e272f87467d
x-chunk-cache-v1/chunks/indptr-000007143532.z	21042	a334efdd3e4b32ece03da38018978a20769332b5efdc141c7857a59978b1ff5f
x-chunk-cache-v1/chunks/indptr-000007151408.z	21022	3edc2b3c4536e1dd12e097487356282053b69571194ab8bcb214f3b10615aff8
x-chunk-cache-v1/chunks/indptr-000007159284.z	21052	7dccd76ba9ee4bff6b955725415fdcc7f14430f0a2d3118ea636648ad48b637c
x-chunk-cache-v1/chunks/indptr-000007167160.z	21047	523ae508c2ed969d08c7f727fccc3b9b38543f3da0d96c403b0475573032970c
x-chunk-cache-v1/chunks/indptr-000007175036.z	21087	3ce50d6f5d3155703115209849611d5a573807952e32210f9180460019b04236
x-chunk-cache-v1/chunks/indptr-000007182912.z	21113	f405fe7cf78df084af73b6bef7cdee28be0ab2185e8b66aff860f5b0addb7ae6
x-chunk-cache-v1/chunks/indptr-000007190788.z	21113	29cd471d779bec00c522689b0bbd2700982264ac847fb263520e2982aeaa7cdc
x-chunk-cache-v1/chunks/indptr-000007198664.z	21081	f0ed5852a22b95c28185af01dd67770e7469633a5ab1c6520e58dfaf01bcc3d3
x-chunk-cache-v1/chunks/indptr-000007206540.z	21052	6bc0eada014889a7f3d3390e214a042db546f1d39b0679793139810303e5b42c
x-chunk-cache-v1/chunks/indptr-000007214416.z	21058	9f1f15b44dffdfa5a0daf787f27909d9955e515273d65d2fb89a15d2b032486d
x-chunk-cache-v1/chunks/indptr-000007222292.z	21086	212487d1a70f5a1e6d68e3bc5f3d84d3b8bc263dc7ca700a3086e61b87f9cadc
x-chunk-cache-v1/chunks/indptr-000007230168.z	21102	dfa96df92969c51e638f5f5b02af9c032cc43246604092f6401efb858e2d398d
x-chunk-cache-v1/chunks/indptr-000007238044.z	21121	eeebd96b25f62bafdf343d171fb17487d7bcb080cf2709205b018d9cbaed4c76
x-chunk-cache-v1/chunks/indptr-000007245920.z	21158	b2da74a363bb02c60dcdac81e02e59021024c089b80b2040489ac64c5fa7affd
x-chunk-cache-v1/chunks/indptr-000007253796.z	21128	813ebf4456b0fee2ff00ff9226029f237d0e82ed38373a4842ea3e9c407dbc58
x-chunk-cache-v1/chunks/indptr-000007261672.z	21081	0854e458d0a5811f57af48cfc61cb1a7af457a62cd0adf1ee7af7f1576cda953
x-chunk-cache-v1/chunks/indptr-000007269548.z	21054	10d5c21b3ec2e9918cc6837f452cf66de9a1dd9da94a0f5a2ef885aea1523c7a
x-chunk-cache-v1/chunks/indptr-000007277424.z	21102	cb65bf39adcdcc90f6ac585a97271e6433c4f409c21c0b3cd13c6e008ce878dc
x-chunk-cache-v1/chunks/indptr-000007285300.z	21090	2a31a00637249f562a692ec028f3e3cb991f9a6cb42d850ccc72dc2645959082
x-chunk-cache-v1/chunks/indptr-000007293176.z	21125	2433c077a9a4eab00f99de5e43dcd362d144a3f703cb58ff2667e8eed9011710
x-chunk-cache-v1/chunks/indptr-000007301052.z	21131	3cfd801ed69b61cb98c874e075f454d627a6091e6e5047ecfe4c5d8ccac035b7
x-chunk-cache-v1/chunks/indptr-000007308928.z	21147	6d143855572186f50dca9c26fd2b70e4086f09284f598e683608178ea9d83e42
x-chunk-cache-v1/chunks/indptr-000007316804.z	21088	003f0708a96944b1515d8ab4315d7c675d1ad8798162a71aa4bcbcbe99b821c0
x-chunk-cache-v1/chunks/indptr-000007324680.z	21076	ad309c1882ad0a29cbb7a404411bace9fdc0d956012fde58d04ba4fc1be9ddb3
x-chunk-cache-v1/chunks/indptr-000007332556.z	21065	036a32c87f40f97d5c3e71c68a945f59fd3e88e95ec3b4bb48bb8901febcb150
x-chunk-cache-v1/chunks/indptr-000007340432.z	21105	b989702a5d7bbf70cb88c66fc9f2f188c2fb1f3cf7be289e79736c3614e164dc
x-chunk-cache-v1/chunks/indptr-000007348308.z	21089	2a95197b19fe0a5f7a1355999ae86a5dfc62c1ea60fd3d2e16b813e048ddfa53
x-chunk-cache-v1/chunks/indptr-000007356184.z	21117	29722fe37e0003e751e924f2b784b0c9af85404d49dbca0acbb705796d76662a
x-chunk-cache-v1/chunks/indptr-000007364060.z	21136	20ebd9e86d77aa1508c99da33e3cb1b59dc9a1ec4e43f1b92bd5a729ce191d69
x-chunk-cache-v1/chunks/indptr-000007371936.z	21118	7ee82e568e0664538b62a9237c801c2d51f0df667e647befd8abead6066fef89
x-chunk-cache-v1/chunks/indptr-000007379812.z	21067	25a523e23bcda945c8a242df6764ccc90d9619abfcc5ebbe59f7fbba6ba9f50a
x-chunk-cache-v1/chunks/indptr-000007387688.z	21046	58882267b53422dce4abf80e46ff2345dad0480fb85a8ec3dd11be420b198fad
x-chunk-cache-v1/chunks/indptr-000007395564.z	21085	358719fc528cc4844acebffae8c9aa2b5ec90e19e693b48b3aa768076bd1ab8c
x-chunk-cache-v1/chunks/indptr-000007403440.z	21077	05d83d158587ce9294ebb9121e2ed6fae7b137381e6b96ecdfee31881f0b13c1
x-chunk-cache-v1/chunks/indptr-000007411316.z	21093	7be309e26b65db69318d26d2b146ca75bd4a9ba5fc29a56e69c906e1457505dd
x-chunk-cache-v1/chunks/indptr-000007419192.z	21102	a56344a4e32e0970f3a4f1ba030e0bdec9a9dcb926ca51570731075eb868ef70
x-chunk-cache-v1/chunks/indptr-000007427068.z	21095	0cac8cf183e9e064e6adeeaed707d8f28d62ee66a0f1358feb9b7ca04f9b9fd7
x-chunk-cache-v1/chunks/indptr-000007434944.z	21050	072bc52479ebc7acabe87ac1934733462e00de814706ac0ec2d23bab01b8fec2
x-chunk-cache-v1/chunks/indptr-000007442820.z	21043	59591f57f3211aa3002d762ddb71a897af6980f9576248655666efac8b977ae0
x-chunk-cache-v1/chunks/indptr-000007450696.z	21061	2535b88ad6a766603e8d9a5331a2f791dbc13a1448f5566e3f5dc8716264dbf2
x-chunk-cache-v1/chunks/indptr-000007458572.z	21072	678962a2d1972a1b96d905537aa728d3177a538cb86bba06511d34a875dd8ab1
x-chunk-cache-v1/chunks/indptr-000007466448.z	21086	67205a7aabdaa9181d6afb9352cb69c17ad7ea39958ae2b4f476ef512721676e
x-chunk-cache-v1/chunks/indptr-000007474324.z	21150	d65353d420deeaeafc8e84abf82d25f7de3e2b624afb5d4d3be46548ecca1234
x-chunk-cache-v1/chunks/indptr-000007482200.z	21149	b6785dd3463b09cd5036985017510e7794f7cb74bdbe51954f66a3893c1502ae
x-chunk-cache-v1/chunks/indptr-000007490076.z	21100	08552d417c8a81f50e92eaaa19a19be18dad7fd8e8e235c7536eff2509f23586
x-chunk-cache-v1/chunks/indptr-000007497952.z	21108	94130bd5c1ba85e757fd77a9c4ced15bdd094fdd9ee1f5ccb7c14f11a7a23594
x-chunk-cache-v1/chunks/indptr-000007505828.z	21053	fbd85053d5250c9892683d0c0b333c4e8a7e001a42aeb9b5d8c4bf1f6ed50d46
x-chunk-cache-v1/chunks/indptr-000007513704.z	21121	0f4c95fc86431e2bbd5e94d88e8bbb670850670de518855e1603192186e98db3
x-chunk-cache-v1/chunks/indptr-000007521580.z	21121	1854b9e56e5260867923feb854b10b642911ec6e594523058e03ec7e2d6e3dbe
x-chunk-cache-v1/chunks/indptr-000007529456.z	21138	7a31b2f0c002730b1af055d924b4439d89993b78c4aecc2787cbdb725f20eb29
x-chunk-cache-v1/chunks/indptr-000007537332.z	21162	277831068f035f2bd9c7bb87ceb60d7a85b1c071bf4e17a03ab56f38550052ba
x-chunk-cache-v1/chunks/indptr-000007545208.z	21195	249a63a670d6f302e0baf5b311985a3895978d6f28ba9d549542bc1bacf61e47
x-chunk-cache-v1/chunks/indptr-000007553084.z	21128	0444758743bb2f4ddfa0366526ad89effab72c57e4e87498fd7f423cb9dc9884
x-chunk-cache-v1/chunks/indptr-000007560960.z	21104	bb2309007a0594cdc13eb57942047e315bbe557b0e1c4a53cac744f75eb21c15
x-chunk-cache-v1/chunks/indptr-000007568836.z	21080	25f777c73bfb7303d4865c02059b0e57f93c68d16926aa137260e111c04f5a9c
x-chunk-cache-v1/chunks/indptr-000007576712.z	21137	4aa8f3f1b5b03ab97d94ca5590ca67938ecabcf8a9028952e708bb3be0d9b73c
x-chunk-cache-v1/chunks/indptr-000007584588.z	21098	f75a0e2df35cf28cfd4d7860ca3fd2129ea061362144a1cd32794e65406d2f4d
x-chunk-cache-v1/chunks/indptr-000007592464.z	21152	da614e424c00633d3bd2d5d23c72e319bf42184e1e51da2a780166b4f711d6fd
x-chunk-cache-v1/chunks/indptr-000007600340.z	21175	dad6c8f491de467a7efb9abae7574708a678ea1ea390d26bda7b75512c6e3fd7
x-chunk-cache-v1/chunks/indptr-000007608216.z	21214	aa16df74efd66728c6c51cce3c5a7097cd623845f6a3e8898541c45f2a68271a
x-chunk-cache-v1/chunks/indptr-000007616092.z	21177	d92c983d066bca622eed9cb873ffc76fe24c9709009f0f4c611723c6c437208f
x-chunk-cache-v1/chunks/indptr-000007623968.z	21136	4d0f1ea768a1e2a7887d16e275be07c7de75770f96dc8a2b4e75b75899e7575f
x-chunk-cache-v1/chunks/indptr-000007631844.z	21094	88128cfda47793e45cfac23436c05766b4f617063903b1ec4542a1fa638fc8b2
x-chunk-cache-v1/chunks/indptr-000007639720.z	21146	875f5652fcec0597d0b0aef2fc3267904141f6fbf66109a0fa0a6453112edad1
x-chunk-cache-v1/chunks/indptr-000007647596.z	21161	25b9b92320b7e4bd234bd4060e070a5b893c3b4d3b019e77b8f604adbe69d299
x-chunk-cache-v1/chunks/indptr-000007655472.z	21155	b25bc247b9a2619c1d94179ab93e5e9d65decd97e8f6467ee9ef87f2b4a8da30
x-chunk-cache-v1/chunks/indptr-000007663348.z	21201	2ab687211f6f6ec4fd291666ace893d0bbca07fae9c39a232c60ca6146fef2b6
x-chunk-cache-v1/chunks/indptr-000007671224.z	21254	affbeeaa2e30ee97073b712f49c955604c17f51039408af10e0089dcacb230d0
x-chunk-cache-v1/chunks/indptr-000007679100.z	21236	07e2e308ffe7a023ade7528856b03d3c905018cd0e389c61b220e0248f7e5cc0
x-chunk-cache-v1/chunks/indptr-000007686976.z	21161	c39e71831703988c4c6d7f8a07a4ab0b8030ea3ad247eeefce15e50c7e5915ad
x-chunk-cache-v1/chunks/indptr-000007694852.z	21116	b32bd548f4ba70219e541c29832529f0c144eeb8bf4ada38bf862f5f0ea6e038
x-chunk-cache-v1/chunks/indptr-000007702728.z	21146	69495f93d4f495b880cb06b7b0de165d44aa33ecdd47b22ba38de66bb1cd2112
x-chunk-cache-v1/chunks/indptr-000007710604.z	21197	af42cfac50e2b8529e4ed6faa310fa17f0b7ed94e5c124acd99c5bb394095fb5
x-chunk-cache-v1/chunks/indptr-000007718480.z	21150	6652ee4c50ca44e386472cd71ad1b25b60d20ef35095c97183e902715c45deb5
x-chunk-cache-v1/chunks/indptr-000007726356.z	21223	7acd449ae7486324d80e640230233e7367d33aeacddffc85cd3104cb426dc15a
x-chunk-cache-v1/chunks/indptr-000007734232.z	21249	1f5fc9624af1e73242e9c794e143205074555f49153223c0203bca671c19a1a6
x-chunk-cache-v1/chunks/indptr-000007742108.z	21254	1b86e0e52feef07d69c37f6c396c4473397439a8ccfbb0cb7e015b20be9d5607
x-chunk-cache-v1/chunks/indptr-000007749984.z	21158	ed22232405626a9d59cf308fd84bc072380f0c0c6c3d25a203af439219f2c22f
x-chunk-cache-v1/chunks/indptr-000007757860.z	21173	7c30b7ea31605f6288a9bf758ff82757d22a04551d35a0220d36d9874ae3303d
x-chunk-cache-v1/chunks/indptr-000007765736.z	21124	4090137b1e473ef1c44720becfaf928257bda226756f8255cfb716e59fa0a5c5
x-chunk-cache-v1/chunks/indptr-000007773612.z	21208	5e57932c667528f371158654a8ba6ba0a1516f636ed682acc617a27f1df86d95
x-chunk-cache-v1/chunks/indptr-000007781488.z	21177	dfbe4729f974ac2c68cb94897406e31c65a5801711bf738bbb037fae8d938e24
x-chunk-cache-v1/chunks/indptr-000007789364.z	21226	941931dcd8b0cee130b3101cb59b7ae92f077f184dc02175c94c2ab4aeb0fb58
x-chunk-cache-v1/chunks/indptr-000007797240.z	21260	e76a34b128cfd3b89ca7d65a2520b9c7a5cc0f74b5eae1eb624519d8f7f17133
x-chunk-cache-v1/chunks/indptr-000007805116.z	21339	b9d06cfc611856608b2625625986310233d71c9d1bb14166279e609f914ea30b
x-chunk-cache-v1/chunks/indptr-000007812992.z	21273	d189c67c4642abfb7780747c0865f7a28a44604388c59adf65d296e412a11b68
x-chunk-cache-v1/chunks/indptr-000007820868.z	21207	c75ffa6a1363b780e4c120917a652293270672dd6011470fd9c1edd2380e580d
x-chunk-cache-v1/chunks/indptr-000007828744.z	21169	3a19af751c1348efd903fe937e155ae45750f940abf030bdd5ab2b68590dd03c
x-chunk-cache-v1/chunks/indptr-000007836620.z	21215	98c9c303c2c82c24bbda583d57622ca557c84b7235be2136f2e4b13ba2ee50c4
x-chunk-cache-v1/chunks/indptr-000007844496.z	21284	15c88cf699e0b8ca1517cbc4f9272a9c19b815c983def6f09337b5e8c5151e96
x-chunk-cache-v1/chunks/indptr-000007852372.z	21234	c9d63ad4da90c5ff467258bfd01ebad278dc46d055a76b2eb7c7e7cf074575bb
x-chunk-cache-v1/chunks/indptr-000007860248.z	21297	7f7455920407404ef760aaafc3b10f65df9c72d56f137c4c5e75d250efc9076f
x-chunk-cache-v1/chunks/indptr-000007868124.z	21285	d27a30b238eaacf21fb4f077b1e5d1f68de6fdb51a837cffb79c86e779ef8bc3
x-chunk-cache-v1/chunks/indptr-000007876000.z	21289	02790f4df2096628cefc6c59e57f74acd25358f6cbb5333be4dae63da85a3bab
x-chunk-cache-v1/chunks/indptr-000007883876.z	21230	5e4f7a0f9263fd811f5c36cc6a455106da0f87237a3c4d6719da9bd0bf6ba8e2
x-chunk-cache-v1/chunks/indptr-000007891752.z	21192	2a52c40e280ec980bfe31fde6eee9ca060d96db7b107c000b2e375f417b6bbce
x-chunk-cache-v1/chunks/indptr-000007899628.z	21132	26524e562608b56b17d5d35a07bf3522ded393f1816efe7645c6441dce1de6a8
x-chunk-cache-v1/chunks/indptr-000007907504.z	21206	565d7c116a08e01db011e1a8beb4ba3c8230e070d9610fb8d1675808d27fd70f
x-chunk-cache-v1/chunks/indptr-000007915380.z	21229	6c02fbd9a91ae89d7694786e1e8bffba40e859737b6d7f0525676720f741cdd6
x-chunk-cache-v1/chunks/indptr-000007923256.z	21210	1f78bdca016750a660777577fb752059f9655716b18899edbdbf8cfce5b53582
x-chunk-cache-v1/chunks/indptr-000007931132.z	21251	27e8a5f332d46ed85724424e06810cf539647dce8b586489951a8ab2befaadb5
x-chunk-cache-v1/chunks/indptr-000007939008.z	21239	a3a1ee6f506652b29d7565ac1e8660c34c97f5287a22c9722cc4bb58084be9d8
x-chunk-cache-v1/chunks/indptr-000007946884.z	21192	50a928c261a3d967995ea5257f9d03c46fd7b9af3e51f935b08d4e1007929444
x-chunk-cache-v1/chunks/indptr-000007954760.z	21130	151ce6800577f0cb82fda1555ff39ea884dfdad38ffc3c314ba82a0143e73cdd
x-chunk-cache-v1/chunks/indptr-000007962636.z	21105	7dd5c32e62b5a7b4e4c7a8aa9f499a7bcede082e87198bb26764d858751788a5
x-chunk-cache-v1/chunks/indptr-000007970512.z	21139	b155679b516990d0311261f5cfad07d56394d35c40c724149d3c28b6cad19a34
x-chunk-cache-v1/chunks/indptr-000007978388.z	21176	ad3407a319337211fb3af8db114c89d193c37bacf29d678607438d63c8134e88
x-chunk-cache-v1/chunks/indptr-000007986264.z	21140	19aca8eb94636a2416849a4643011d658f6264718bdb0891312ec015e9e70086
x-chunk-cache-v1/chunks/indptr-000007994140.z	21209	ab31360b5c67fd04b33cfe489d6d1304574f896f75bfdfbec91a4eadc3b3fb66
x-chunk-cache-v1/chunks/indptr-000008002016.z	21223	2309b9c90cf8f7961c28ea4e5e6b7d03a67d6c3feddd9515446395266e5afa6b
x-chunk-cache-v1/chunks/indptr-000008009892.z	21195	97d3dcbc670af23dc0368cab42763020833cb8be46b16f64ab3aa9c0c92f055a
x-chunk-cache-v1/chunks/indptr-000008017768.z	21143	e783ea6565ff2ee6926f000d09b11d250d8bbadc43a2c4cca49320df2f9cf5cb
x-chunk-cache-v1/chunks/indptr-000008025644.z	21110	606d350e1a6591b63b7913e55beb506799355e9d4e418caa33795d67c234fd32
x-chunk-cache-v1/chunks/indptr-000008033520.z	21131	8fdf048343045ac18b840e51c861943117ee93409cdd591108ec51a0d3d3aec5
x-chunk-cache-v1/chunks/indptr-000008041396.z	21166	8c4506621738b04414e76a57d79fb2baa75b8c04a67ba0581eaee10c8edd8d6a
x-chunk-cache-v1/chunks/indptr-000008049272.z	21155	d82c75bd88d05facd613cdb4751b82c4d41f262b06572eb3a33a248c8225a5a8
x-chunk-cache-v1/chunks/indptr-000008057148.z	20258	d5e63e74785a1f48b8991d1d6e5b17e9e11e2bb9595d55de3eba3f211f4571d2
