ctx,mode,L0_perturbation_mean,L1_scalar,L1i_scalar_intercept,L2_global_offset,L2b_low_rank,L3_published_gate,L3_repaired_gate,w_global,w_lowrank,released_pub,released_rep,depth
0,shared,0.6539619553350604,0.6539619553350604,0.6539619553350603,0.8351462527266679,0.6706135387421762,0.7772671525440201,0.7772671525440201,0.33691223341602544,0.2278607219311385,True,True,native 400 cells
0,independent,0.6529684293677113,0.6529684293677113,0.6529684293677113,0.6013553888435326,0.6645480386523756,0.6746129764125913,0.6746129764125913,0.33691223341602544,0.2278607219311385,True,True,native 400 cells
0,shared,0.6544367754981837,0.6544367754981837,0.6544367754981837,0.8304515199189877,0.6675562769161617,0.7764262502936895,0.7764262502936895,0.336516911719539,0.22779640758637384,True,True,native 400 cells
0,independent,0.653269319505604,0.6532693195056039,0.6532693195056039,0.5935052760410208,0.6623927554258411,0.6726659443949276,0.6726659443949276,0.336516911719539,0.22779640758637384,True,True,native 400 cells
0,shared,0.6538318321824415,0.6538318321824416,0.6538318321824416,0.8328520947412502,0.6690843994082667,0.7776345794425861,0.7776345794425861,0.3372013134050068,0.22757830634621606,True,True,native 400 cells
0,independent,0.6528058563931122,0.6528058563931122,0.6528058563931121,0.6016936143318325,0.6631583689401204,0.6763850649972614,0.6763850649972614,0.3372013134050068,0.22757830634621606,True,True,native 400 cells
0,shared,0.6473807586967419,0.6473807586967419,0.6473807586967419,0.8201919952564614,0.6615449280697734,0.7804466865821527,0.7804466865821527,0.3501120270987252,0.22285545471594842,True,True,native 400 cells
0,independent,0.6462505840696634,0.6462505840696634,0.6462505840696633,0.5895776971868423,0.6557038901337575,0.6723436297900623,0.6723436297900623,0.3501120270987252,0.22285545471594842,True,True,native 400 cells
0,shared,0.6556791039014673,0.6556791039014673,0.6556791039014674,0.8337542115165758,0.6711178461421062,0.7773106941861758,0.7773106941861758,0.33551649313121873,0.22496753033919978,True,True,native 400 cells
0,independent,0.6546339960674616,0.6546339960674615,0.6546339960674616,0.5973131660846887,0.6664104285316323,0.6748402929394177,0.6748402929394177,0.33551649313121873,0.22496753033919978,True,True,native 400 cells
0,shared,0.6568324676416738,0.6568324676416738,0.6568324676416738,0.8343844763219509,0.6723934705366473,0.7712906738829474,0.7712906738829474,0.3294059007535144,0.22751464725470413,True,True,native 400 cells
0,independent,0.6563677829083594,0.6563677829083595,0.6563677829083593,0.6035243949145119,0.668247752158122,0.6746858403970015,0.6746858403970015,0.3294059007535144,0.22751464725470413,True,True,native 400 cells
0,shared,0.653024805459357,0.653024805459357,0.6530248054593571,0.829890981437479,0.668941557457805,0.7734534581320127,0.7734534581320127,0.3351279750220445,0.22685651072846866,True,True,native 400 cells
0,independent,0.6515064393030068,0.6515064393030067,0.6515064393030067,0.5959506665246551,0.6624789144625388,0.6712782039122178,0.6712782039122178,0.3351279750220445,0.22685651072846866,True,True,native 400 cells
0,shared,0.6548095358386044,0.6548095358386044,0.6548095358386044,0.8351923641671791,0.6706884176585587,0.7753989838581301,0.7753989838581301,0.33364052476579786,0.22675244277672835,True,True,native 400 cells
0,independent,0.6538204046190632,0.6538204046190631,0.6538204046190631,0.6017690945600004,0.6653638807575732,0.6746643280036358,0.6746643280036358,0.33364052476579786,0.22675244277672835,True,True,native 400 cells
0,shared,0.6546170555580937,0.6546170555580937,0.6546170555580937,0.8351417280916944,0.6707823215178377,0.7751043361570137,0.7751043361570137,0.33475974088599664,0.22848708030103188,True,True,native 400 cells
0,independent,0.6536312044616092,0.653631204461609,0.653631204461609,0.6051473646043907,0.6644606832386222,0.6749823799570176,0.6749823799570176,0.33475974088599664,0.22848708030103188,True,True,native 400 cells
0,shared,0.6525747744553428,0.6525747744553428,0.6525747744553428,0.8325469902466719,0.6677127981536365,0.7798178152534847,0.7798178152534847,0.3402230669568917,0.22655141231825154,True,True,native 400 cells
0,independent,0.6513855758779805,0.6513855758779805,0.6513855758779805,0.5960687230954129,0.6616233530670467,0.6744049439577317,0.6744049439577317,0.3402230669568917,0.22655141231825154,True,True,native 400 cells
0,shared,0.6541369678917867,0.6541369678917867,0.6541369678917868,0.8310414941475576,0.6680744652783893,0.7725497323208155,0.7725497323208155,0.33145306687335807,0.22587941503404652,True,True,native 400 cells
0,independent,0.6531650398203904,0.6531650398203903,0.6531650398203903,0.5932645289117615,0.6641326829085165,0.6716847625177392,0.6716847625177392,0.33145306687335807,0.22587941503404652,True,True,native 400 cells
0,shared,0.6564182794634881,0.6564182794634882,0.6564182794634883,0.8313557752673028,0.672906440699056,0.7766154818240478,0.7766154818240478,0.33598909415714084,0.22761745134053032,True,True,native 400 cells
0,independent,0.654833410977528,0.654833410977528,0.654833410977528,0.5970561847812136,0.666157106612497,0.673402017158582,0.673402017158582,0.33598909415714084,0.22761745134053032,True,True,native 400 cells
1,shared,0.6591879217025026,0.6591879217025027,0.6591879217025027,0.8217389168025215,0.6697593371273044,0.7705679924114479,0.7705679924114479,0.3285987635898976,0.225381040687136,True,True,native 400 cells
1,independent,0.6404793638215903,0.6404793638215902,0.6404793638215902,0.5799610501356588,0.6474610164608717,0.6574596969516308,0.6574596969516308,0.3285987635898976,0.225381040687136,True,True,native 400 cells
1,shared,0.661842926412211,0.661842926412211,0.661842926412211,0.8283716511183571,0.6735353930891322,0.7759672102214095,0.7759672102214095,0.331377589711128,0.22593522712571146,True,True,native 400 cells
1,independent,0.6428906789774335,0.6428906789774332,0.6428906789774333,0.594248253669774,0.6475795735094566,0.6634119332328381,0.6634119332328381,0.331377589711128,0.22593522712571146,True,True,native 400 cells
1,shared,0.6622581611173746,0.6622581611173746,0.6622581611173746,0.8264723915691317,0.6743591754018459,0.7723373586272823,0.7723373586272823,0.32832194075602456,0.22670306375966787,True,True,native 400 cells
1,independent,0.6430953815008557,0.6430953815008558,0.6430953815008557,0.5781888843745001,0.6473409737899873,0.6550696022974174,0.6550696022974174,0.32832194075602456,0.22670306375966787,True,True,native 400 cells
1,shared,0.6608971009399145,0.6608971009399145,0.6608971009399145,0.8280168613934856,0.6706637928151605,0.7734129819690281,0.7734129819690281,0.3272355153262537,0.2271531559938751,True,True,native 400 cells
1,independent,0.6422510284748638,0.6422510284748639,0.6422510284748639,0.588014535043935,0.6486077435881636,0.6618788328160751,0.6618788328160751,0.3272355153262537,0.2271531559938751,True,True,native 400 cells
1,shared,0.662166589722853,0.662166589722853,0.662166589722853,0.8293984512156447,0.6726419751104868,0.7747008078587235,0.7747008078587235,0.32821858817264893,0.22700475797168218,True,True,native 400 cells
1,independent,0.6439111963728361,0.6439111963728361,0.6439111963728361,0.5907276073128696,0.6497016286166906,0.6631841438596219,0.6631841438596219,0.32821858817264893,0.22700475797168218,True,True,native 400 cells
1,shared,0.6626675827066049,0.6626675827066048,0.6626675827066048,0.8253353019781912,0.6740911006909375,0.7692411728242114,0.7692411728242114,0.3247028548222148,0.22672590691876499,True,True,native 400 cells
1,independent,0.6435607784300941,0.6435607784300941,0.6435607784300941,0.5783058935584527,0.64831107108014,0.6548388294404377,0.6548388294404377,0.3247028548222148,0.22672590691876499,True,True,native 400 cells
1,shared,0.6618593174619266,0.6618593174619264,0.6618593174619264,0.811456310572748,0.6706165784894162,0.773929027940984,0.773929027940984,0.33819236142219,0.22145010957471387,True,True,native 400 cells
1,independent,0.6433527771722752,0.6433527771722751,0.6433527771722752,0.5725219567116085,0.6461341754015423,0.6569789472131013,0.6569789472131013,0.33819236142219,0.22145010957471387,True,True,native 400 cells
1,shared,0.6621195568331197,0.6621195568331197,0.6621195568331197,0.8254761283043213,0.6711790624665873,0.7688401056357145,0.7688401056357145,0.32470211747437777,0.22672686564665048,True,True,native 400 cells
1,independent,0.6435053362321279,0.6435053362321279,0.6435053362321279,0.5866256305626883,0.6498005384131171,0.65922035374653,0.65922035374653,0.32470211747437777,0.22672686564665048,True,True,native 400 cells
1,shared,0.6630526368852192,0.6630526368852192,0.6630526368852193,0.8273611171506806,0.6749240463288416,0.7714189182444579,0.7714189182444579,0.32609632719524495,0.22755156010244698,True,True,native 400 cells
1,independent,0.6437623919542391,0.6437623919542391,0.6437623919542391,0.582733520627346,0.6482633017345658,0.6567840163658449,0.6567840163658449,0.32609632719524495,0.22755156010244698,True,True,native 400 cells
1,shared,0.663792145292018,0.6637921452920181,0.6637921452920181,0.8314423316641,0.6753613010395619,0.7752849218523093,0.7752849218523093,0.32803678946545184,0.2260039860881486,True,True,native 400 cells
1,independent,0.6446799508975651,0.6446799508975651,0.6446799508975651,0.586851527148531,0.6509807719588401,0.6608912571420403,0.6608912571420403,0.32803678946545184,0.2260039860881486,True,True,native 400 cells
1,shared,0.6599102317599905,0.6599102317599905,0.6599102317599905,0.83005196499049,0.6718590766287601,0.7693988787181366,0.7693988787181366,0.32407361494904835,0.2275056314012388,True,True,native 400 cells
1,independent,0.640976405995614,0.640976405995614,0.640976405995614,0.587880103877755,0.6473119781549227,0.6574265488456983,0.6574265488456983,0.32407361494904835,0.2275056314012388,True,True,native 400 cells
1,shared,0.6635573321878402,0.6635573321878401,0.6635573321878401,0.8281249196371603,0.6738092016550392,0.7693122649365777,0.7693122649365777,0.3227742676707855,0.2269089589716665,True,True,native 400 cells
1,independent,0.645001529599943,0.645001529599943,0.645001529599943,0.5894651646425217,0.6522584322743598,0.6611232999504335,0.6611232999504335,0.3227742676707855,0.2269089589716665,True,True,native 400 cells
2,shared,0.6925168189131884,0.6925168189131884,0.6925168189131884,0.8429513319168632,0.6945243872518609,0.7974810769361157,0.7974810769361157,0.3282371118463467,0.2245770443287446,True,True,native 400 cells
2,independent,0.684968032587731,0.684968032587731,0.684968032587731,0.6285928102577458,0.6847066132727865,0.7029404964299388,0.7029404964299388,0.3282371118463467,0.2245770443287446,True,True,native 400 cells
2,shared,0.6906724764373394,0.6906724764373394,0.6906724764373394,0.8411669172313174,0.6956365172394919,0.7963860598445238,0.7963860598445238,0.33006653857718515,0.2251808286355112,True,True,native 400 cells
2,independent,0.6833421315354772,0.6833421315354772,0.6833421315354772,0.6353695481871648,0.6905926126637039,0.7054494319342463,0.7054494319342463,0.33006653857718515,0.2251808286355112,True,True,native 400 cells
2,shared,0.6953893624336959,0.6953893624336959,0.6953893624336959,0.8461191243744935,0.7003141705389236,0.7965140850720184,0.7965140850720184,0.3260985101578474,0.22583378394944573,True,True,native 400 cells
2,independent,0.6878135546236919,0.6878135546236919,0.6878135546236919,0.6363002097784913,0.6920298360559176,0.7053324765089871,0.7053324765089871,0.3260985101578474,0.22583378394944573,True,True,native 400 cells
2,shared,0.6911610977756034,0.6911610977756035,0.6911610977756036,0.840177740486056,0.6938670363683095,0.7972947667378415,0.7972947667378415,0.33203752263255687,0.2257732541644358,True,True,native 400 cells
2,independent,0.6848431435866762,0.6848431435866762,0.6848431435866762,0.6435560511078559,0.6933647673399072,0.7110972460450519,0.7110972460450519,0.33203752263255687,0.2257732541644358,True,True,native 400 cells
2,shared,0.6886778905619197,0.6886778905619199,0.6886778905619197,0.8360913487339449,0.6932090503251264,0.7964336128212087,0.7964336128212087,0.3340044600215004,0.22367348509703686,True,True,native 400 cells
2,independent,0.6817314415798682,0.6817314415798681,0.6817314415798682,0.6305677027254795,0.6853788066627959,0.7032147018828196,0.7032147018828196,0.3340044600215004,0.22367348509703686,True,True,native 400 cells
2,shared,0.6891861225607977,0.6891861225607979,0.6891861225607978,0.8418409190198354,0.6923380626316553,0.7955427099846439,0.7955427099846439,0.32864805062139524,0.22477313694036263,True,True,native 400 cells
2,independent,0.6821557012756739,0.6821557012756739,0.6821557012756739,0.6278163791235563,0.6828249207824454,0.7009707361294849,0.7009707361294849,0.32864805062139524,0.22477313694036263,True,True,native 400 cells
2,shared,0.6937118014590172,0.6937118014590175,0.6937118014590175,0.8440713593966134,0.698340377756657,0.7951412938031546,0.7951412938031546,0.32490524771993606,0.22572937189105896,True,True,native 400 cells
2,independent,0.6860966081531341,0.6860966081531342,0.6860966081531342,0.6294103016035811,0.6909306885087396,0.7027446207268377,0.7027446207268377,0.32490524771993606,0.22572937189105896,True,True,native 400 cells
2,shared,0.6900982268601982,0.6900982268601983,0.6900982268601982,0.8447414582795251,0.6952864187437476,0.7963655974873658,0.7963655974873658,0.3282333855026856,0.22503283209890962,True,True,native 400 cells
2,independent,0.683162235902859,0.683162235902859,0.683162235902859,0.6397967298096904,0.6902535013549579,0.7067657966216457,0.7067657966216457,0.3282333855026856,0.22503283209890962,True,True,native 400 cells
2,shared,0.690078801781676,0.6900788017816764,0.6900788017816761,0.8416997613555004,0.6932133359990106,0.7968172396252466,0.7968172396252466,0.3333640466642276,0.22623863705721825,True,True,native 400 cells
2,independent,0.6832292405319935,0.6832292405319935,0.6832292405319935,0.6430028995985048,0.6915073194869471,0.7083354124805896,0.7083354124805896,0.3333640466642276,0.22623863705721825,True,True,native 400 cells
2,shared,0.6901891245922448,0.6901891245922448,0.690189124592245,0.8405331026885847,0.6942761683254022,0.7927621449527534,0.7927621449527534,0.32645848842262626,0.2259259170762836,True,True,native 400 cells
2,independent,0.6829324995077294,0.6829324995077295,0.6829324995077295,0.6366463496702435,0.6909805075556688,0.7046095804795511,0.7046095804795511,0.32645848842262626,0.2259259170762836,True,True,native 400 cells
2,shared,0.6911481295824463,0.6911481295824465,0.6911481295824465,0.8411383748218276,0.6949366049002427,0.7952512600875942,0.7952512600875942,0.3277160075674132,0.22577529257019105,True,True,native 400 cells
2,independent,0.6846021456121293,0.6846021456121293,0.6846021456121293,0.6368111350904088,0.6923750290126834,0.7070441304324092,0.7070441304324092,0.3277160075674132,0.22577529257019105,True,True,native 400 cells
2,shared,0.6909072759574093,0.6909072759574094,0.6909072759574094,0.8365242932134906,0.6927090893481751,0.7929043258856802,0.7929043258856802,0.32792856835126427,0.22505054288094942,True,True,native 400 cells
2,independent,0.6841208965307257,0.6841208965307257,0.6841208965307257,0.6226002066815114,0.6830608686905614,0.6986189371631304,0.6986189371631304,0.32792856835126427,0.22505054288094942,True,True,native 400 cells
3,shared,0.6347912733781804,0.6347912733781803,0.6347912733781802,0.8126841227870278,0.6379326093985729,0.7489310381079153,0.7489310381079153,0.32650357422017057,0.22679091199465848,True,True,native 400 cells
3,independent,0.6429807427989841,0.6429807427989841,0.6429807427989841,0.5603339054832461,0.6349530599646437,0.6500954542581671,0.6500954542581671,0.32650357422017057,0.22679091199465848,True,True,native 400 cells
3,shared,0.6373981906113314,0.6373981906113314,0.6373981906113314,0.8117482587957773,0.6383389971791088,0.7511936108106265,0.7511936108106265,0.3277425891626209,0.22764716576488456,True,True,native 400 cells
3,independent,0.6455678620103521,0.6455678620103522,0.6455678620103522,0.5628041708120681,0.6377855970390527,0.6541515898243243,0.6541515898243243,0.3277425891626209,0.22764716576488456,True,True,native 400 cells
3,shared,0.6362715545059883,0.6362715545059883,0.6362715545059883,0.8098778823478423,0.6356843223259617,0.7509385165772272,0.7509385165772272,0.32932458620926186,0.22808942152991116,True,True,native 400 cells
3,independent,0.6441959330001652,0.6441959330001652,0.6441959330001652,0.5539318343561855,0.6295937904261361,0.6485575424813805,0.6485575424813805,0.32932458620926186,0.22808942152991116,True,True,native 400 cells
3,shared,0.6395358849384012,0.6395358849384012,0.6395358849384012,0.8166880904972408,0.6434011574566207,0.7470634224152057,0.7470634224152057,0.32198922659367063,0.2270357048248867,True,True,native 400 cells
3,independent,0.6475165114225159,0.6475165114225159,0.6475165114225159,0.5778525336920325,0.6466334331510163,0.6573477052490669,0.6573477052490669,0.32198922659367063,0.2270357048248867,True,True,native 400 cells
3,shared,0.6333658319235876,0.6333658319235876,0.6333658319235876,0.8096311822851571,0.6372714027636014,0.7421035953354256,0.7421035953354256,0.32162511016791206,0.2272000544698566,True,True,native 400 cells
3,independent,0.6419362622858994,0.6419362622858994,0.6419362622858994,0.5642172889219256,0.6418826917941902,0.650592114195276,0.650592114195276,0.32162511016791206,0.2272000544698566,True,True,native 400 cells
3,shared,0.6365980776480176,0.6365980776480177,0.6365980776480177,0.7985293399376303,0.6394353202476009,0.7435821560557393,0.6365980776480176,0.32579020802413644,0.22647727419369162,True,False,native 400 cells
3,independent,0.6447794766505482,0.6447794766505482,0.6447794766505482,0.5466609570053308,0.637385732709787,0.6457580497418894,0.6447794766505482,0.32579020802413644,0.22647727419369162,True,False,native 400 cells
3,shared,0.6358111407031751,0.6358111407031751,0.6358111407031751,0.8133441174373076,0.6398319775129576,0.7470402894339518,0.7470402894339518,0.3247700043099674,0.22633768396326243,True,True,native 400 cells
3,independent,0.6438191355806216,0.6438191355806216,0.6438191355806216,0.5717284427795809,0.6433587007737048,0.6548543260346193,0.6548543260346193,0.3247700043099674,0.22633768396326243,True,True,native 400 cells
3,shared,0.6328454291902951,0.6328454291902951,0.6328454291902951,0.8124682739077917,0.6367844791241941,0.7509074168203463,0.7509074168203463,0.3297827179112648,0.2251372124605238,True,True,native 400 cells
3,independent,0.6409412628517114,0.6409412628517114,0.6409412628517114,0.56136238089521,0.6361037033836429,0.6510164266707178,0.6510164266707178,0.3297827179112648,0.2251372124605238,True,True,native 400 cells
3,shared,0.6372628522212911,0.6372628522212911,0.6372628522212911,0.8015034937337674,0.6286122383179338,0.7499569737443349,0.7499569737443349,0.32927658838417995,0.23052624941962244,True,True,native 400 cells
3,independent,0.6446300263810031,0.6446300263810031,0.6446300263810031,0.5340089186142566,0.6144261038167167,0.6416873927714686,0.6416873927714686,0.32927658838417995,0.23052624941962244,True,True,native 400 cells
3,shared,0.6346721852659499,0.6346721852659499,0.6346721852659498,0.8133719542400086,0.6388785153595261,0.7445637552037576,0.7445637552037576,0.3221228622104294,0.2270858096398901,True,True,native 400 cells
3,independent,0.6433764501782518,0.6433764501782517,0.6433764501782517,0.5664668901631189,0.6432496554685082,0.6518267271133894,0.6518267271133894,0.3221228622104294,0.2270858096398901,True,True,native 400 cells
3,shared,0.6391253953338859,0.6391253953338858,0.6391253953338858,0.8009585978431243,0.6421273652484231,0.7456095760459315,0.6391253953338859,0.3262521173062223,0.22641791884480064,True,False,native 400 cells
3,independent,0.6467751840401466,0.6467751840401466,0.6467751840401466,0.5520954763488094,0.6412467599733079,0.64931279733431,0.6467751840401466,0.3262521173062223,0.22641791884480064,True,False,native 400 cells
3,shared,0.6332026453233058,0.6332026453233058,0.6332026453233058,0.809566280175235,0.635607306088066,0.7524187383400782,0.7524187383400782,0.33211145467070446,0.22548245775408507,True,True,native 400 cells
3,independent,0.6414674837642232,0.6414674837642232,0.6414674837642232,0.5580830809488283,0.634487629674546,0.6510348081926144,0.6510348081926144,0.33211145467070446,0.22548245775408507,True,True,native 400 cells
4,shared,0.6437623011843,0.6437623011843,0.6437623011843,0.8319426921823758,0.6541424159618582,0.777397760395944,0.777397760395944,0.34491282878428176,0.2210413003806447,True,True,native 400 cells
4,independent,0.6555123092321107,0.6555123092321107,0.6555123092321107,0.6238600379968279,0.6638946380010434,0.6905899493784287,0.6905899493784287,0.34491282878428176,0.2210413003806447,True,True,native 400 cells
4,shared,0.6440023585293324,0.6440023585293324,0.6440023585293324,0.8279408129315025,0.6536037916173632,0.7730315846331254,0.7730315846331254,0.34264576049162926,0.21955597480241404,True,True,native 400 cells
4,independent,0.656551194272776,0.656551194272776,0.656551194272776,0.6236674120816099,0.6649991195798042,0.6895932717120042,0.6895932717120042,0.34264576049162926,0.21955597480241404,True,True,native 400 cells
4,shared,0.652444751004141,0.652444751004141,0.652444751004141,0.8301669612767846,0.6635510063614852,0.7857137093699915,0.7857137093699915,0.35085955148165093,0.21859766957817606,True,True,native 400 cells
4,independent,0.6642473912594749,0.6642473912594749,0.6642473912594749,0.6251638651697492,0.6742754722130356,0.6988726968073892,0.6988726968073892,0.35085955148165093,0.21859766957817606,True,True,native 400 cells
4,shared,0.6464080548155213,0.6464080548155213,0.6464080548155213,0.8385259222890723,0.6581545364604765,0.7786675938380344,0.7786675938380344,0.3416455658837647,0.22195739384684876,True,True,native 400 cells
4,independent,0.6590294207533738,0.6590294207533738,0.6590294207533738,0.6351487362259096,0.6693157541572496,0.6966725278370696,0.6966725278370696,0.3416455658837647,0.22195739384684876,True,True,native 400 cells
4,shared,0.647862333969751,0.647862333969751,0.647862333969751,0.829340109050302,0.6590926345164176,0.7814693481059048,0.7814693481059048,0.348200523063937,0.2200792035294124,True,True,native 400 cells
4,independent,0.6596429628204312,0.6596429628204313,0.6596429628204312,0.6220655965765023,0.6693747509818609,0.6941615101151032,0.6941615101151032,0.348200523063937,0.2200792035294124,True,True,native 400 cells
4,shared,0.650224806384334,0.650224806384334,0.6502248063843338,0.829865786141052,0.6604192927576137,0.7762577754540321,0.7762577754540321,0.3415500675820902,0.22066027467532437,True,True,native 400 cells
4,independent,0.662959623477084,0.662959623477084,0.6629596234770839,0.6264252503621591,0.671425087631987,0.694734352278866,0.694734352278866,0.3415500675820902,0.22066027467532437,True,True,native 400 cells
4,shared,0.6428011893260838,0.6428011893260839,0.6428011893260839,0.8349940740247538,0.6518463452105878,0.7781472927943283,0.7781472927943283,0.3461256300883473,0.22358451977693947,True,True,native 400 cells
4,independent,0.6552698833914016,0.6552698833914016,0.6552698833914016,0.6326624004429726,0.6632303146010182,0.6941715334857919,0.6941715334857919,0.3461256300883473,0.22358451977693947,True,True,native 400 cells
4,shared,0.6456524694667837,0.6456524694667837,0.6456524694667837,0.8374499047196935,0.6572505422085179,0.7771078988103037,0.7771078988103037,0.33977458355502776,0.22223348806212234,True,True,native 400 cells
4,independent,0.6575335173287795,0.6575335173287795,0.6575335173287795,0.6304740253464401,0.66744796727382,0.6935742610800619,0.6935742610800619,0.33977458355502776,0.22223348806212234,True,True,native 400 cells
4,shared,0.6431205063700343,0.6431205063700343,0.6431205063700342,0.8306512491569823,0.6537164039353226,0.7766648877232459,0.7766648877232459,0.34678558696603706,0.22056545499897928,True,True,native 400 cells
4,independent,0.6556318710904064,0.6556318710904064,0.6556318710904064,0.6378797580776744,0.6654282639013693,0.6964641526348939,0.6964641526348939,0.34678558696603706,0.22056545499897928,True,True,native 400 cells
4,shared,0.6466756270032895,0.6466756270032894,0.6466756270032894,0.8222573626386616,0.6567912479114991,0.7798063024546239,0.7798063024546239,0.3507119073035097,0.21968403446855878,True,True,native 400 cells
4,independent,0.6589351074070632,0.6589351074070632,0.6589351074070633,0.6188108925899599,0.6677859148840188,0.6934341068805925,0.6934341068805925,0.3507119073035097,0.21968403446855878,True,True,native 400 cells
4,shared,0.6435142721086468,0.6435142721086466,0.6435142721086466,0.8369554672292319,0.6552479157323983,0.7816042412298357,0.7816042412298357,0.34636850001160646,0.22069258173176562,True,True,native 400 cells
4,independent,0.6557148930430965,0.6557148930430965,0.6557148930430965,0.6300703271934776,0.6656003684374744,0.6951501739425776,0.6951501739425776,0.34636850001160646,0.22069258173176562,True,True,native 400 cells
4,shared,0.6467404365630847,0.6467404365630846,0.6467404365630847,0.8327568317249052,0.6560766226970822,0.7839844619332458,0.7839844619332458,0.35144646723537604,0.22102841842713125,True,True,native 400 cells
4,independent,0.6588916461021539,0.6588916461021538,0.6588916461021539,0.6318971079516412,0.6667817899279816,0.6986127392265772,0.6986127392265772,0.35144646723537604,0.22102841842713125,True,True,native 400 cells
5,shared,0.6657263596005177,0.6657263596005177,0.6657263596005177,0.8326558430630863,0.6741386936554057,0.7776239958620512,0.7776239958620512,0.32896446129522955,0.2258917540185685,True,True,native 400 cells
5,independent,0.6782232822943972,0.6782232822943972,0.6782232822943973,0.6254653623478887,0.6839423631396417,0.6985564388128398,0.6985564388128398,0.32896446129522955,0.2258917540185685,True,True,native 400 cells
5,shared,0.6685686378393081,0.6685686378393081,0.6685686378393081,0.8330081105995908,0.6772613976742525,0.7790811323646488,0.7790811323646488,0.32875253781169717,0.22648076240365514,True,True,native 400 cells
5,independent,0.6809026434894236,0.6809026434894235,0.6809026434894235,0.6265605300614009,0.686761736502107,0.700810524336533,0.700810524336533,0.32875253781169717,0.22648076240365514,True,True,native 400 cells
5,shared,0.6698716727871233,0.6698716727871235,0.6698716727871235,0.8161464056714934,0.6778186934362914,0.7726802735680126,0.7726802735680126,0.3281589129067605,0.2252352391769124,True,True,native 400 cells
5,independent,0.6824903180783966,0.6824903180783966,0.6824903180783966,0.6068333408390358,0.6872610244494659,0.6941620884221421,0.6941620884221421,0.3281589129067605,0.2252352391769124,True,True,native 400 cells
5,shared,0.6663919009517322,0.6663919009517322,0.6663919009517322,0.8308176445451612,0.6726615854929772,0.7790914086801157,0.7790914086801157,0.3281169553550514,0.2271118595547147,True,True,native 400 cells
5,independent,0.6787582199441686,0.6787582199441686,0.6787582199441686,0.6114310473767665,0.6783924531605708,0.695035532155887,0.695035532155887,0.3281169553550514,0.2271118595547147,True,True,native 400 cells
5,shared,0.665718270125482,0.665718270125482,0.665718270125482,0.8303667810232885,0.6743105913291554,0.7790143216096848,0.7790143216096848,0.33141811002864036,0.22489109535028498,True,True,native 400 cells
5,independent,0.6784634151928132,0.6784634151928132,0.6784634151928132,0.6261152036950033,0.6848159186411263,0.7008684126401508,0.7008684126401508,0.33141811002864036,0.22489109535028498,True,True,native 400 cells
5,shared,0.6676253895739883,0.6676253895739883,0.6676253895739883,0.8321623985882963,0.6768361526918081,0.7762282866892444,0.7762282866892444,0.324664399619259,0.22758243828075603,True,True,native 400 cells
5,independent,0.6802141394404218,0.6802141394404218,0.6802141394404218,0.6194873518011325,0.6847585814315935,0.6974321277439077,0.6974321277439077,0.324664399619259,0.22758243828075603,True,True,native 400 cells
5,shared,0.6657243059232244,0.6657243059232244,0.6657243059232244,0.8329329230096647,0.6744788284791123,0.7767793357938991,0.7767793357938991,0.3267774079667355,0.22650745836900216,True,True,native 400 cells
5,independent,0.6785971943802018,0.6785971943802018,0.6785971943802018,0.6257846080364495,0.6846608745084625,0.69945483490471,0.69945483490471,0.3267774079667355,0.22650745836900216,True,True,native 400 cells
5,shared,0.6664821693056895,0.6664821693056895,0.6664821693056895,0.8321886428263109,0.6762744064811753,0.7795845825493826,0.7795845825493826,0.3296414116101287,0.22546532661662633,True,True,native 400 cells
5,independent,0.6791038851463922,0.6791038851463922,0.6791038851463922,0.6255460457242784,0.6854515830625352,0.7008602734437708,0.7008602734437708,0.3296414116101287,0.22546532661662633,True,True,native 400 cells
5,shared,0.6640388253451137,0.6640388253451137,0.6640388253451137,0.8256081928224113,0.6721864198347396,0.7794878636085584,0.7794878636085584,0.3326575925566649,0.22476258703710852,True,True,native 400 cells
5,independent,0.6766810394613978,0.6766810394613977,0.6766810394613977,0.6111775051647995,0.6791663559138514,0.6954973306818035,0.6954973306818035,0.3326575925566649,0.22476258703710852,True,True,native 400 cells
5,shared,0.664546782351047,0.664546782351047,0.664546782351047,0.8316925463607093,0.6741311735509977,0.7762486752384088,0.7762486752384088,0.32770845609467597,0.22591399121663716,True,True,native 400 cells
5,independent,0.67714538510894,0.67714538510894,0.67714538510894,0.6221498017601318,0.6836756268662741,0.6972376560612392,0.6972376560612392,0.32770845609467597,0.22591399121663716,True,True,native 400 cells
5,shared,0.6660496237336464,0.6660496237336464,0.6660496237336464,0.8278761608924922,0.6758346937364718,0.7766560202860654,0.7766560202860654,0.3290310616742736,0.22531620861434978,True,True,native 400 cells
5,independent,0.6787513421435317,0.6787513421435317,0.6787513421435317,0.6185836372776927,0.685889689592693,0.6977419573006717,0.6977419573006717,0.3290310616742736,0.22531620861434978,True,True,native 400 cells
5,shared,0.6610059192892404,0.6610059192892404,0.6610059192892404,0.8237570442365755,0.6693494164920548,0.7781483366468753,0.7781483366468753,0.3374117741983819,0.2230768208819809,True,True,native 400 cells
5,independent,0.6741657697271709,0.6741657697271709,0.6741657697271709,0.622343719490997,0.6817748764101667,0.6984942539771841,0.6984942539771841,0.3374117741983819,0.2230768208819809,True,True,native 400 cells
6,shared,0.5872816317335815,0.5872816317335815,0.5872816317335814,0.7919239507964099,0.5911123572870673,0.7052232305001322,0.7052232305001322,0.3259498971862884,0.22555508572034097,True,True,native 400 cells
6,independent,0.570752334153896,0.570752334153896,0.570752334153896,0.5260864447758983,0.5740203725567976,0.5881678562303442,0.5881678562303442,0.3259498971862884,0.22555508572034097,True,True,native 400 cells
6,shared,0.5842429704282857,0.5842429704282855,0.5842429704282855,0.7890036625510896,0.5828350383798288,0.7085796374817634,0.7085796374817634,0.3314891765552733,0.22406016253876165,True,True,native 400 cells
6,independent,0.5685518324786903,0.5685518324786902,0.5685518324786903,0.5248100343366536,0.57245990369332,0.5914416679403499,0.5914416679403499,0.3314891765552733,0.22406016253876165,True,True,native 400 cells
6,shared,0.5830900195941623,0.5830900195941623,0.5830900195941623,0.7917040091811067,0.5854419332941865,0.7088144629408084,0.7088144629408084,0.3316984872594442,0.22360000170177544,True,True,native 400 cells
6,independent,0.5668459647217202,0.5668459647217202,0.5668459647217202,0.5225818687734092,0.5709119738582599,0.5879757093774628,0.5879757093774628,0.3316984872594442,0.22360000170177544,True,True,native 400 cells
6,shared,0.5826968493181547,0.5826968493181546,0.5826968493181546,0.7844982430003031,0.5798328816091093,0.7078863117680987,0.7078863117680987,0.33348139833883317,0.22364685803726092,True,True,native 400 cells
6,independent,0.5669101356041899,0.56691013560419,0.5669101356041899,0.5243040639553294,0.5706872466022325,0.5916879385791711,0.5916879385791711,0.33348139833883317,0.22364685803726092,True,True,native 400 cells
6,shared,0.5859594276575016,0.5859594276575016,0.5859594276575016,0.7917677763243332,0.5887511502979015,0.706913424618164,0.706913424618164,0.328258127386812,0.22427555936238552,True,True,native 400 cells
6,independent,0.569816730394434,0.5698167303944341,0.569816730394434,0.5234251401147144,0.5726988858178549,0.5884368041680347,0.5884368041680347,0.328258127386812,0.22427555936238552,True,True,native 400 cells
6,shared,0.583506599449777,0.5835065994497769,0.5835065994497769,0.7869667146185695,0.5836612177793267,0.7064523977427901,0.7064523977427901,0.33076244075549377,0.22378990133287416,True,True,native 400 cells
6,independent,0.5669983699647152,0.5669983699647152,0.5669983699647152,0.5239417657004034,0.5703673406071816,0.5890857958132641,0.5890857958132641,0.33076244075549377,0.22378990133287416,True,True,native 400 cells
6,shared,0.585780882214897,0.5857808822148969,0.5857808822148969,0.7892140482093816,0.5850975327130316,0.7104940479068877,0.7104940479068877,0.3328778277860762,0.22326061083710802,True,True,native 400 cells
6,independent,0.5704150996820471,0.570415099682047,0.570415099682047,0.5275408872769154,0.5745407031893007,0.5936055104376383,0.5936055104376383,0.3328778277860762,0.22326061083710802,True,True,native 400 cells
6,shared,0.5890505117899492,0.589050511789949,0.589050511789949,0.7860163550674134,0.5922675499729756,0.7012341127747949,0.7012341127747949,0.3236099307000997,0.22707156729144984,True,True,native 400 cells
6,independent,0.5722940501319466,0.5722940501319465,0.5722940501319466,0.5239245597152522,0.5742196961820784,0.5864582690941408,0.5864582690941408,0.3236099307000997,0.22707156729144984,True,True,native 400 cells
6,shared,0.5857068905681854,0.5857068905681855,0.5857068905681853,0.7902900137010915,0.5865414119820657,0.7074769455972558,0.7074769455972558,0.32973172368439024,0.22418265770844398,True,True,native 400 cells
6,independent,0.5699922913275319,0.5699922913275319,0.5699922913275322,0.5216633838199857,0.5743291614356473,0.5893622801928666,0.5893622801928666,0.32973172368439024,0.22418265770844398,True,True,native 400 cells
6,shared,0.5870274864187531,0.5870274864187531,0.5870274864187531,0.7895497583537099,0.5881467145780168,0.7057487993843012,0.7057487993843012,0.3271625259802295,0.2249585671852621,True,True,native 400 cells
6,independent,0.5709759037847312,0.5709759037847312,0.5709759037847312,0.5257961737498315,0.5732389638382721,0.5897606985076078,0.5897606985076078,0.3271625259802295,0.2249585671852621,True,True,native 400 cells
6,shared,0.5839886317445393,0.5839886317445393,0.5839886317445393,0.7824311688355932,0.5842505172807289,0.7010928577450968,0.7010928577450968,0.32742113917316107,0.2258571031414299,True,True,native 400 cells
6,independent,0.5673033098767266,0.5673033098767265,0.5673033098767266,0.518290635791676,0.5665784955393649,0.5829683854735266,0.5829683854735266,0.32742113917316107,0.2258571031414299,True,True,native 400 cells
6,shared,0.585150806799757,0.5851508067997568,0.5851508067997568,0.7900795502527036,0.5866594266019526,0.7112117745905914,0.7112117745905914,0.3339912418813531,0.22316227953752676,True,True,native 400 cells
6,independent,0.5691536700167171,0.5691536700167171,0.5691536700167171,0.5237058640365914,0.5734152671510024,0.5907034397313243,0.5907034397313243,0.3339912418813531,0.22316227953752676,True,True,native 400 cells
7,shared,0.6797201196171015,0.6797201196171017,0.6797201196171014,0.8372321411931211,0.6896112320628066,0.7930635908777708,0.7930635908777708,0.3321191213973048,0.22519233587585127,True,True,native 400 cells
7,independent,0.681810869577317,0.681810869577317,0.6818108695773168,0.621460312125044,0.6775245648286689,0.6994808149311149,0.6994808149311149,0.3321191213973048,0.22519233587585127,True,True,native 400 cells
7,shared,0.6770830809180656,0.6770830809180656,0.6770830809180656,0.8321438428394865,0.6867669678803271,0.7888077400286695,0.7888077400286695,0.331809494915091,0.22543739538763188,True,True,native 400 cells
7,independent,0.6790157014854271,0.6790157014854271,0.6790157014854271,0.6188618750424002,0.6759775022742932,0.6962838515503232,0.6962838515503232,0.331809494915091,0.22543739538763188,True,True,native 400 cells
7,shared,0.6789188436173156,0.6789188436173156,0.6789188436173156,0.833336226304941,0.6889497647956597,0.7877572186729569,0.7877572186729569,0.3285347923540982,0.22576387628338296,True,True,native 400 cells
7,independent,0.6815090216480957,0.6815090216480958,0.6815090216480958,0.6264725207486036,0.681243120041261,0.7008179613834264,0.7008179613834264,0.3285347923540982,0.22576387628338296,True,True,native 400 cells
7,shared,0.6825529622554455,0.6825529622554455,0.6825529622554455,0.8338976100060885,0.6919112607993959,0.7928778892615327,0.7928778892615327,0.331961891380132,0.22649583502145754,True,True,native 400 cells
7,independent,0.684700418842022,0.684700418842022,0.684700418842022,0.6200428299731335,0.6778992693304569,0.7002196750255355,0.7002196750255355,0.331961891380132,0.22649583502145754,True,True,native 400 cells
7,shared,0.6794551969819524,0.6794551969819524,0.6794551969819524,0.8309684243919927,0.6888019096620535,0.789701731393132,0.789701731393132,0.3306916657169453,0.22717392229737254,True,True,native 400 cells
7,independent,0.6819029044113061,0.6819029044113061,0.6819029044113061,0.6082601725267828,0.6744427133339214,0.6937384134262928,0.6937384134262928,0.3306916657169453,0.22717392229737254,True,True,native 400 cells
7,shared,0.6808886078253295,0.6808886078253295,0.6808886078253295,0.8347048804533854,0.6892695554813935,0.7898141998973839,0.7898141998973839,0.3303404304251806,0.22686396300268746,True,True,native 400 cells
7,independent,0.6824743396790774,0.6824743396790776,0.6824743396790776,0.6169715163710942,0.6742744376845213,0.6952816287606538,0.6952816287606538,0.3303404304251806,0.22686396300268746,True,True,native 400 cells
7,shared,0.6824974028301503,0.6824974028301503,0.6824974028301503,0.8261388976212323,0.6887153486298563,0.7881377244822547,0.7881377244822547,0.3327918530535582,0.22435476853180816,True,True,native 400 cells
7,independent,0.6845087890900341,0.6845087890900341,0.6845087890900341,0.6137177034865934,0.6791246358363839,0.6965437555573097,0.6965437555573097,0.3327918530535582,0.22435476853180816,True,True,native 400 cells
7,shared,0.6811269308864729,0.6811269308864729,0.6811269308864729,0.8339486568052789,0.6908744536742922,0.7870598700208989,0.7870598700208989,0.32705702159608674,0.22675737102267515,True,True,native 400 cells
7,independent,0.6835430064866184,0.6835430064866183,0.6835430064866184,0.6143806781175547,0.6795443195110942,0.6949227561135422,0.6949227561135422,0.32705702159608674,0.22675737102267515,True,True,native 400 cells
7,shared,0.677015753764398,0.677015753764398,0.677015753764398,0.8290237776237329,0.6822959338309571,0.7916544887475412,0.7916544887475412,0.3334582333116521,0.2285024637473692,True,True,native 400 cells
7,independent,0.679320332938676,0.679320332938676,0.679320332938676,0.6035679975422207,0.6663298378928699,0.692910918200244,0.692910918200244,0.3334582333116521,0.2285024637473692,True,True,native 400 cells
7,shared,0.6781248631736699,0.6781248631736698,0.6781248631736699,0.8329058695414852,0.6876117527964181,0.7901312543976152,0.7901312543976152,0.3331649813552028,0.22433974700261794,True,True,native 400 cells
7,independent,0.6800512463777689,0.6800512463777689,0.6800512463777689,0.6258081080649872,0.6781351319866179,0.7000259983703976,0.7000259983703976,0.3331649813552028,0.22433974700261794,True,True,native 400 cells
7,shared,0.68133884670333,0.6813388467033299,0.6813388467033301,0.8358994892838489,0.6902183169625441,0.7877857975152301,0.7877857975152301,0.3275760989306171,0.22628972886141321,True,True,native 400 cells
7,independent,0.6835936269331541,0.6835936269331541,0.6835936269331541,0.6224851936175694,0.6796707924310267,0.6979773222591339,0.6979773222591339,0.3275760989306171,0.22628972886141321,True,True,native 400 cells
7,shared,0.6805248998176978,0.6805248998176978,0.6805248998176978,0.8287633740650573,0.6888114195882222,0.7915090151503293,0.7915090151503293,0.33611571963958126,0.22454387227753692,True,True,native 400 cells
7,independent,0.682602009806555,0.682602009806555,0.6826020098065552,0.6170217749889493,0.6755137800214919,0.6974971864217632,0.6974971864217632,0.33611571963958126,0.22454387227753692,True,True,native 400 cells
8,shared,0.6683326476182211,0.6683326476182211,0.6683326476182211,0.8399087633264027,0.6796075029146138,0.7860717511418502,0.7860717511418502,0.33179995798867634,0.2256353963754157,True,True,native 400 cells
8,independent,0.6782787905922923,0.6782787905922922,0.6782787905922923,0.6340902320069528,0.6817099857517325,0.7037405078309888,0.7037405078309888,0.33179995798867634,0.2256353963754157,True,True,native 400 cells
8,shared,0.6671583655935628,0.6671583655935628,0.6671583655935628,0.8317712154810499,0.6755699460753343,0.7833114471165221,0.7833114471165221,0.33316905794354734,0.2255550089728895,True,True,native 400 cells
8,independent,0.677112184029603,0.677112184029603,0.677112184029603,0.6262275927487471,0.6808577454043475,0.70124732965646,0.70124732965646,0.33316905794354734,0.2255550089728895,True,True,native 400 cells
8,shared,0.6673193481726514,0.6673193481726514,0.6673193481726514,0.8366455321932159,0.6797312939383937,0.7843730224676787,0.7843730224676787,0.3331995778210011,0.22465868064068786,True,True,native 400 cells
8,independent,0.6774989653468095,0.6774989653468094,0.6774989653468095,0.6409658971946176,0.6832981866922396,0.7058402398711366,0.7058402398711366,0.3331995778210011,0.22465868064068786,True,True,native 400 cells
8,shared,0.668234735052509,0.668234735052509,0.6682347350525089,0.8368841313029097,0.6793920799025311,0.7825395173436552,0.7825395173436552,0.33019870764436005,0.22711390679734825,True,True,native 400 cells
8,independent,0.678182248869587,0.678182248869587,0.678182248869587,0.6357339146622681,0.6788716352553529,0.7020950897422863,0.7020950897422863,0.33019870764436005,0.22711390679734825,True,True,native 400 cells
8,shared,0.6713692685127867,0.6713692685127867,0.6713692685127867,0.8401816192743686,0.6834298655852244,0.7814044341798754,0.7814044341798754,0.3255378928691987,0.22701636924720958,True,True,native 400 cells
8,independent,0.681015096896986,0.6810150968969859,0.6810150968969859,0.6415429594209753,0.6864231759558483,0.7051316819321104,0.7051316819321104,0.3255378928691987,0.22701636924720958,True,True,native 400 cells
8,shared,0.6682099363308044,0.6682099363308044,0.6682099363308043,0.8379927857432521,0.6792039619373691,0.7836940085580305,0.7836940085580305,0.331083651945003,0.2258230216133514,True,True,native 400 cells
8,independent,0.6781732745273543,0.6781732745273543,0.6781732745273543,0.6370550950225858,0.6807110715193977,0.7034117569678332,0.7034117569678332,0.331083651945003,0.2258230216133514,True,True,native 400 cells
8,shared,0.6658382962048608,0.6658382962048608,0.6658382962048609,0.8335763016760455,0.6762623572166396,0.7824199819884954,0.7824199819884954,0.3330341221328706,0.22598235094186472,True,True,native 400 cells
8,independent,0.6756455049950224,0.6756455049950223,0.6756455049950224,0.6326772204110374,0.6770633767795402,0.7008380954045397,0.7008380954045397,0.3330341221328706,0.22598235094186472,True,True,native 400 cells
8,shared,0.6697764206769353,0.6697764206769353,0.6697764206769353,0.8356929372066967,0.6801276384270957,0.7798105323748264,0.7798105323748264,0.3268393119110045,0.22700377288176246,True,True,native 400 cells
8,independent,0.6794431105963643,0.6794431105963643,0.6794431105963644,0.6304965759726009,0.6808813113488825,0.6994907574959942,0.6994907574959942,0.3268393119110045,0.22700377288176246,True,True,native 400 cells
8,shared,0.6651638405551147,0.6651638405551147,0.6651638405551146,0.8368703211871235,0.6757366582665174,0.7807554883712164,0.7807554883712164,0.3291678624141137,0.22546384984280848,True,True,native 400 cells
8,independent,0.6752195528272533,0.6752195528272533,0.6752195528272533,0.6318703557382158,0.6799835822058368,0.7002969870465032,0.7002969870465032,0.3291678624141137,0.22546384984280848,True,True,native 400 cells
8,shared,0.6694711215303907,0.6694711215303907,0.6694711215303908,0.8343784874738626,0.6815465797335362,0.7829132924618761,0.7829132924618761,0.33139111746977706,0.2257577546315377,True,True,native 400 cells
8,independent,0.679910013878595,0.679910013878595,0.679910013878595,0.637476107864021,0.685333998382759,0.7048922440967693,0.7048922440967693,0.33139111746977706,0.2257577546315377,True,True,native 400 cells
8,shared,0.667854284252006,0.667854284252006,0.6678542842520059,0.8376955439794768,0.679201527110354,0.7818367798915872,0.7818367798915872,0.32868914353067546,0.2260667127310854,True,True,native 400 cells
8,independent,0.6779505838209537,0.6779505838209537,0.6779505838209537,0.6315113256786155,0.6832950822654997,0.7012999255413652,0.7012999255413652,0.32868914353067546,0.2260667127310854,True,True,native 400 cells
8,shared,0.6659049790522713,0.6659049790522713,0.6659049790522713,0.8308526448866463,0.6731518388024293,0.7787690162854665,0.7787690162854665,0.32915770014928797,0.22484797795041328,True,True,native 400 cells
8,independent,0.6761509185438882,0.6761509185438881,0.6761509185438882,0.6277256489190106,0.6810973406112757,0.6998892607921433,0.6998892607921433,0.32915770014928797,0.22484797795041328,True,True,native 400 cells
9,shared,0.6700678806131286,0.6700678806131286,0.6700678806131286,0.8292504912855609,0.6814644158833748,0.7870261848462686,0.7870261848462686,0.3346966092317425,0.2267978583063352,True,True,native 400 cells
9,independent,0.6687578297632474,0.6687578297632474,0.6687578297632474,0.62783433988939,0.6735846376634518,0.6980438133281408,0.6980438133281408,0.3346966092317425,0.2267978583063352,True,True,native 400 cells
9,shared,0.673532265770285,0.673532265770285,0.673532265770285,0.8369260166713629,0.6871751242960699,0.7827596229986021,0.7827596229986021,0.3255979498218816,0.2279242335694222,True,True,native 400 cells
9,independent,0.6724696047740732,0.6724696047740732,0.6724696047740731,0.6365228737334149,0.6817893727602271,0.6993991439419696,0.6993991439419696,0.3255979498218816,0.2279242335694222,True,True,native 400 cells
9,shared,0.673082463946822,0.673082463946822,0.673082463946822,0.8329789464503392,0.685269202338649,0.7845801724080236,0.7845801724080236,0.3284695757655949,0.22798822626345316,True,True,native 400 cells
9,independent,0.6719290090216516,0.6719290090216518,0.6719290090216516,0.6337440366431571,0.6782914616584395,0.6997105887127338,0.6997105887127338,0.3284695757655949,0.22798822626345316,True,True,native 400 cells
9,shared,0.6729642244145267,0.6729642244145269,0.6729642244145267,0.8346570068852501,0.6859208725098167,0.7858723730464273,0.7858723730464273,0.32981262254595,0.22775820349924134,True,True,native 400 cells
9,independent,0.6716349765358147,0.6716349765358148,0.6716349765358147,0.6371792182152994,0.6790930972979431,0.7011665577108246,0.7011665577108246,0.32981262254595,0.22775820349924134,True,True,native 400 cells
9,shared,0.673677661430685,0.673677661430685,0.673677661430685,0.8269655505145983,0.6870709325975579,0.7834004116176816,0.7834004116176816,0.33031462687396607,0.22643169982821904,True,True,native 400 cells
9,independent,0.6724164694007253,0.6724164694007253,0.6724164694007254,0.6251344031910535,0.6806841071469881,0.6970097694041613,0.6970097694041613,0.33031462687396607,0.22643169982821904,True,True,native 400 cells
9,shared,0.672546015037851,0.672546015037851,0.672546015037851,0.8298548404973682,0.68546617490431,0.7825535013913292,0.7825535013913292,0.3294452850204218,0.22698096619342284,True,True,native 400 cells
9,independent,0.6713437524433034,0.6713437524433034,0.6713437524433034,0.628413405861793,0.6790653270038132,0.6964287199596958,0.6964287199596958,0.3294452850204218,0.22698096619342284,True,True,native 400 cells
9,shared,0.6727169127807401,0.6727169127807401,0.6727169127807402,0.8250180904769756,0.6808453435058127,0.782729922403437,0.782729922403437,0.3289301502949514,0.22753752788563744,True,True,native 400 cells
9,independent,0.6714509858234458,0.6714509858234458,0.6714509858234458,0.6226434630316258,0.6734682473459057,0.6961225032065499,0.6961225032065499,0.3289301502949514,0.22753752788563744,True,True,native 400 cells
9,shared,0.6721833586710158,0.6721833586710158,0.6721833586710158,0.8326746491744514,0.6853090287951376,0.7844196091350282,0.7844196091350282,0.32989785419815265,0.22681745814985632,True,True,native 400 cells
9,independent,0.6707981542157158,0.6707981542157156,0.6707981542157158,0.6268630021459893,0.6787955038973603,0.6961474885843744,0.6961474885843744,0.32989785419815265,0.22681745814985632,True,True,native 400 cells
9,shared,0.6723328320349535,0.6723328320349535,0.6723328320349535,0.8283565945482952,0.6842759389905151,0.7788545076449706,0.7788545076449706,0.32451075297365695,0.2265580693653822,True,True,native 400 cells
9,independent,0.6710479031694108,0.6710479031694108,0.6710479031694107,0.622612640633144,0.6787585402546784,0.6930537252310024,0.6930537252310024,0.32451075297365695,0.2265580693653822,True,True,native 400 cells
9,shared,0.6752249542973586,0.6752249542973586,0.6752249542973586,0.8312038142867648,0.6849502672853796,0.7797838498135529,0.7797838498135529,0.32678446222539737,0.22959277649468365,True,True,native 400 cells
9,independent,0.6740054345633912,0.6740054345633912,0.6740054345633912,0.6319900636569326,0.6795977026719989,0.6966391553166632,0.6966391553166632,0.32678446222539737,0.22959277649468365,True,True,native 400 cells
9,shared,0.6756952970459086,0.6756952970459086,0.6756952970459086,0.8324212204721063,0.6876397468246974,0.7792287933767801,0.7792287933767801,0.32174112361995266,0.2276109444438165,True,True,native 400 cells
9,independent,0.67438712430286,0.67438712430286,0.6743871243028599,0.6257572938215658,0.6822818685405866,0.6951159114597897,0.6951159114597897,0.32174112361995266,0.2276109444438165,True,True,native 400 cells
9,shared,0.6735299460911122,0.6735299460911122,0.6735299460911122,0.8337276187597493,0.6864964760605081,0.7845911678021975,0.7845911678021975,0.3286286372485588,0.22676139942170492,True,True,native 400 cells
9,independent,0.6724839887947126,0.6724839887947125,0.6724839887947126,0.6335250178466192,0.6808266123588245,0.6997329117846521,0.6997329117846521,0.3286286372485588,0.22676139942170492,True,True,native 400 cells
10,shared,0.665314157658705,0.665314157658705,0.665314157658705,0.8259165259840927,0.6687881846850608,0.7795371751238445,0.7795371751238445,0.3328601538267466,0.22435935917204777,True,True,native 400 cells
10,independent,0.6777468312107222,0.6777468312107222,0.6777468312107222,0.6014331906163138,0.676595946702072,0.6918011477322997,0.6918011477322997,0.3328601538267466,0.22435935917204777,True,True,native 400 cells
10,shared,0.6666797428993394,0.6666797428993394,0.6666797428993395,0.8297066322414989,0.6710731432674835,0.7719691771016137,0.7719691771016137,0.32184134273203174,0.2280971765653769,True,True,native 400 cells
10,independent,0.6800573584483768,0.6800573584483769,0.6800573584483769,0.6036441528503663,0.677830742574429,0.6898661926095355,0.6898661926095355,0.32184134273203174,0.2280971765653769,True,True,native 400 cells
10,shared,0.6645626678410081,0.6645626678410081,0.6645626678410081,0.8305852208938708,0.6689306018033053,0.7775698538924357,0.7775698538924357,0.3289503799520825,0.22530461888126616,True,True,native 400 cells
10,independent,0.6776507642906685,0.6776507642906685,0.6776507642906685,0.6081416541525947,0.6792384859433489,0.6935513918918467,0.6935513918918467,0.3289503799520825,0.22530461888126616,True,True,native 400 cells
10,shared,0.6658459105268226,0.6658459105268226,0.6658459105268226,0.8296205172071695,0.6700000421262959,0.7791952745773677,0.7791952745773677,0.33030668177244876,0.2257866475206168,True,True,native 400 cells
10,independent,0.6779019614436402,0.6779019614436402,0.6779019614436401,0.6086915364863352,0.6763570748785842,0.6938228015818364,0.6938228015818364,0.33030668177244876,0.2257866475206168,True,True,native 400 cells
10,shared,0.6682446630360916,0.6682446630360916,0.6682446630360916,0.8234922515978718,0.6724328548606873,0.7754262236224401,0.7754262236224401,0.3282715827838642,0.22533534115331197,True,True,native 400 cells
10,independent,0.6806450350296271,0.6806450350296271,0.6806450350296271,0.5971920872864236,0.6799428827437751,0.6889154449909574,0.6889154449909574,0.3282715827838642,0.22533534115331197,True,True,native 400 cells
10,shared,0.6691711224414417,0.6691711224414417,0.6691711224414417,0.8270764478305179,0.6727351711054979,0.7756120259492806,0.7756120259492806,0.3261568939942161,0.2262312369010471,True,True,native 400 cells
10,independent,0.6821547372084608,0.6821547372084609,0.6821547372084609,0.5956360752253331,0.6757474707484157,0.6882474772356154,0.6882474772356154,0.3261568939942161,0.2262312369010471,True,True,native 400 cells
10,shared,0.6658652088821756,0.6658652088821756,0.6658652088821756,0.8288018321530252,0.6695206325035729,0.778821322147054,0.778821322147054,0.3306247284088392,0.22546048040778394,True,True,native 400 cells
10,independent,0.6786301122246312,0.6786301122246313,0.6786301122246313,0.6187650745643515,0.6833526473630727,0.699712507815945,0.699712507815945,0.3306247284088392,0.22546048040778394,True,True,native 400 cells
10,shared,0.6678377623871706,0.6678377623871706,0.6678377623871706,0.8302624310925855,0.6701759324722376,0.7771968232578078,0.7771968232578078,0.3262703923756352,0.22732955920334316,True,True,native 400 cells
10,independent,0.6805013753671101,0.6805013753671103,0.6805013753671101,0.6076804893767905,0.6800393265030251,0.6947721323561004,0.6947721323561004,0.3262703923756352,0.22732955920334316,True,True,native 400 cells
10,shared,0.6655847113018177,0.6655847113018176,0.6655847113018176,0.8256937395001146,0.6686745370952327,0.7712314186791521,0.7712314186791521,0.3235515880140501,0.2276119783158841,True,True,native 400 cells
10,independent,0.678522325380891,0.6785223253808911,0.678522325380891,0.6044751954307636,0.6787720189551306,0.6903314183999325,0.6903314183999325,0.3235515880140501,0.2276119783158841,True,True,native 400 cells
10,shared,0.6638894522104942,0.6638894522104942,0.6638894522104943,0.8213653082507498,0.6683639850359914,0.7722336472678907,0.7722336472678907,0.33069195518317596,0.22390030822768103,True,True,native 400 cells
10,independent,0.6770919059620513,0.6770919059620513,0.6770919059620513,0.6054807734211639,0.6773339002634302,0.689151058949128,0.689151058949128,0.33069195518317596,0.22390030822768103,True,True,native 400 cells
10,shared,0.6670124868250189,0.6670124868250189,0.6670124868250189,0.828413123865566,0.671606904219293,0.7739018968869128,0.7739018968869128,0.3245121900082083,0.22684743653301914,True,True,native 400 cells
10,independent,0.6801027846091156,0.6801027846091156,0.6801027846091156,0.6040247749931356,0.6805287695617651,0.6912372923387462,0.6912372923387462,0.3245121900082083,0.22684743653301914,True,True,native 400 cells
10,shared,0.6636757240787465,0.6636757240787465,0.6636757240787465,0.8280112278327815,0.6688081330063788,0.7701664831356706,0.7701664831356706,0.322726469001972,0.2272588223989404,True,True,native 400 cells
10,independent,0.6770699428538173,0.6770699428538173,0.6770699428538173,0.6138768503506165,0.6811023803212015,0.6931664785169755,0.6931664785169755,0.322726469001972,0.2272588223989404,True,True,native 400 cells
11,shared,0.6489067954725688,0.6489067954725688,0.6489067954725688,0.8275147213053661,0.6565346367397785,0.7669605355213941,0.7669605355213941,0.33005372458720145,0.22517016077080831,True,True,native 400 cells
11,independent,0.6603351720020548,0.6603351720020548,0.6603351720020548,0.5795262819212138,0.6603627733925048,0.6696652766051779,0.6696652766051779,0.33005372458720145,0.22517016077080831,True,True,native 400 cells
11,shared,0.649339611109579,0.6493396111095792,0.6493396111095792,0.826557850280079,0.6529292702724319,0.7714981559019125,0.7714981559019125,0.33381755381134764,0.22660275966372165,True,True,native 400 cells
11,independent,0.6599101770902726,0.6599101770902724,0.6599101770902726,0.5698588124488473,0.6477331932437951,0.6660745905057065,0.6660745905057065,0.33381755381134764,0.22660275966372165,True,True,native 400 cells
11,shared,0.6459803829225692,0.6459803829225693,0.6459803829225693,0.8251141939743922,0.6527434286720273,0.7665622259473523,0.7665622259473523,0.3345570843066739,0.22282133232332438,True,True,native 400 cells
11,independent,0.6577361988653416,0.6577361988653416,0.6577361988653416,0.5899558675518964,0.6613265013503687,0.6729621411514216,0.6729621411514216,0.3345570843066739,0.22282133232332438,True,True,native 400 cells
11,shared,0.6479443718130588,0.6479443718130588,0.6479443718130588,0.826552688360052,0.6551218922964682,0.766047949437008,0.766047949437008,0.3295235304362368,0.22575918068971346,True,True,native 400 cells
11,independent,0.6592356422187211,0.6592356422187212,0.6592356422187211,0.5785746308671522,0.6569600265597777,0.6683403825751846,0.6683403825751846,0.3295235304362368,0.22575918068971346,True,True,native 400 cells
11,shared,0.6468921470211317,0.6468921470211318,0.6468921470211318,0.8242358668440545,0.6533190464897521,0.7692611329551183,0.7692611329551183,0.33357298455252016,0.22512445741425754,True,True,native 400 cells
11,independent,0.6579415991532208,0.6579415991532208,0.6579415991532208,0.5738658859712679,0.6545022455581312,0.6681978261205459,0.6681978261205459,0.33357298455252016,0.22512445741425754,True,True,native 400 cells
11,shared,0.6480767637081241,0.6480767637081241,0.6480767637081241,0.8258958361296206,0.6552622147696796,0.7673437540722741,0.7673437540722741,0.33086314148241175,0.2253908887394743,True,True,native 400 cells
11,independent,0.6599438855547407,0.6599438855547408,0.6599438855547407,0.5797449423471804,0.6597843892637932,0.6714467850356831,0.6714467850356831,0.33086314148241175,0.2253908887394743,True,True,native 400 cells
11,shared,0.6452331330133375,0.6452331330133375,0.6452331330133375,0.8219405054156241,0.6507051763637587,0.7686376703426171,0.7686376703426171,0.3350349286807207,0.22379641125287925,True,True,native 400 cells
11,independent,0.656584770984379,0.656584770984379,0.656584770984379,0.5787027269028654,0.6549053941354696,0.6703227283821378,0.6703227283821378,0.3350349286807207,0.22379641125287925,True,True,native 400 cells
11,shared,0.6442671425966404,0.6442671425966404,0.6442671425966405,0.8252462554779865,0.652164498486213,0.7660472203096124,0.7660472203096124,0.3324519181734295,0.22406333484605298,True,True,native 400 cells
11,independent,0.6553615962802112,0.6553615962802112,0.6553615962802112,0.5771187864166688,0.6553236017798634,0.6665344828049239,0.6665344828049239,0.3324519181734295,0.22406333484605298,True,True,native 400 cells
11,shared,0.6496385592622683,0.6496385592622683,0.6496385592622683,0.8270650230427552,0.6571846577511327,0.767417995152043,0.767417995152043,0.33128746804445763,0.22452637885810686,True,True,native 400 cells
11,independent,0.6605915367212832,0.6605915367212832,0.6605915367212832,0.5817843895034728,0.6629273566189621,0.6704299680707487,0.6704299680707487,0.33128746804445763,0.22452637885810686,True,True,native 400 cells
11,shared,0.6476076349922609,0.6476076349922609,0.6476076349922609,0.8244198361944051,0.6550506795798858,0.7668568313789219,0.7668568313789219,0.33252107249742485,0.22393890397992153,True,True,native 400 cells
11,independent,0.6592145129342212,0.6592145129342212,0.6592145129342212,0.5810155866636753,0.6604072075716342,0.6703839266237871,0.6703839266237871,0.33252107249742485,0.22393890397992153,True,True,native 400 cells
11,shared,0.6462984318105717,0.6462984318105717,0.6462984318105717,0.823770018422681,0.6519689948736938,0.7671364654092896,0.7671364654092896,0.3318822825525202,0.2264156977812103,True,True,native 400 cells
11,independent,0.6572309406173047,0.6572309406173047,0.6572309406173047,0.573784082399619,0.6502741984484792,0.6663425431728638,0.6663425431728638,0.3318822825525202,0.2264156977812103,True,True,native 400 cells
11,shared,0.6478654246927593,0.6478654246927593,0.6478654246927594,0.8251613465672881,0.6548382628679448,0.7655277477889655,0.7655277477889655,0.3299804930376745,0.22524159319482534,True,True,native 400 cells
11,independent,0.6591809347106982,0.6591809347106982,0.6591809347106982,0.58098647482496,0.65923893317957,0.6699300796002725,0.6699300796002725,0.3299804930376745,0.22524159319482534,True,True,native 400 cells
12,shared,0.683464154554642,0.683464154554642,0.683464154554642,0.8293824035745166,0.6861606787214983,0.7796969480216819,0.683464154554642,0.320371696899845,0.22771555896468781,True,False,native 400 cells
12,independent,0.6791825921390735,0.6791825921390735,0.6791825921390734,0.5897140744237699,0.6772379374666019,0.6813381303727246,0.6791825921390735,0.320371696899845,0.22771555896468781,True,False,native 400 cells
12,shared,0.6822473344483246,0.6822473344483245,0.6822473344483246,0.8314679131502939,0.6863240474273478,0.7798434045213352,0.7798434045213352,0.3210905799424924,0.22686146716389358,True,True,native 400 cells
12,independent,0.6783861467950765,0.6783861467950765,0.6783861467950765,0.5967674914540421,0.6787063810555445,0.683533506564632,0.683533506564632,0.3210905799424924,0.22686146716389358,True,True,native 400 cells
12,shared,0.6841390728092243,0.6841390728092244,0.6841390728092244,0.8255250218662439,0.6874554803237676,0.7807951742285739,0.7807951742285739,0.3233510270533047,0.22658063350784743,True,True,native 400 cells
12,independent,0.6788449729002648,0.6788449729002648,0.6788449729002648,0.5807627139978884,0.6774914971021716,0.6779853594996745,0.6779853594996745,0.3233510270533047,0.22658063350784743,True,True,native 400 cells
12,shared,0.6822989317454125,0.6822989317454123,0.6822989317454123,0.8302941112205368,0.6861214709311645,0.7800103170254674,0.6822989317454123,0.32157411706306455,0.22710749106142766,True,False,native 400 cells
12,independent,0.6776726090792342,0.6776726090792342,0.6776726090792342,0.5900934991227506,0.6768514809440914,0.6803112195247044,0.6776726090792342,0.32157411706306455,0.22710749106142766,True,False,native 400 cells
12,shared,0.6797035186399017,0.6797035186399017,0.6797035186399019,0.8324032406413455,0.6836168118275612,0.7800617892658191,0.7800617892658191,0.3227489607741826,0.22675162610031077,True,True,native 400 cells
12,independent,0.6751126560573371,0.6751126560573368,0.675112656057337,0.5930196880356791,0.6732806973941493,0.6792042130685304,0.6792042130685304,0.3227489607741826,0.22675162610031077,True,True,native 400 cells
12,shared,0.6817165645736513,0.6817165645736512,0.6817165645736513,0.8316697165900564,0.685538811245033,0.7808915671105726,0.7808915671105726,0.3227336368762037,0.22652751942219426,True,True,native 400 cells
12,independent,0.6775155258888337,0.6775155258888337,0.6775155258888337,0.5935872892766048,0.6769491254520169,0.6816216405892824,0.6816216405892824,0.3227336368762037,0.22652751942219426,True,True,native 400 cells
12,shared,0.6829390330134689,0.6829390330134689,0.682939033013469,0.8308795180801617,0.6866554863328107,0.7798177544832201,0.7798177544832201,0.32194564038116896,0.2266277203060665,True,True,native 400 cells
12,independent,0.6785924042541831,0.6785924042541832,0.6785924042541831,0.5961709199343367,0.6785608766037488,0.6824054959886465,0.6824054959886465,0.32194564038116896,0.2266277203060665,True,True,native 400 cells
12,shared,0.6821691291673737,0.6821691291673737,0.6821691291673736,0.8323804386698747,0.6860101609521172,0.7814538535749778,0.7814538535749778,0.32356436452346554,0.2259408838583218,True,True,native 400 cells
12,independent,0.6778487142107751,0.6778487142107751,0.6778487142107751,0.5996661028092969,0.6785476478010793,0.68409341933834,0.68409341933834,0.32356436452346554,0.2259408838583218,True,True,native 400 cells
12,shared,0.6786015225930591,0.6786015225930591,0.6786015225930591,0.8251934440058633,0.6824342686169627,0.7792233034025612,0.7792233034025612,0.3265244957168815,0.22583590828262506,True,True,native 400 cells
12,independent,0.6745317882927906,0.6745317882927906,0.6745317882927906,0.5891764328891613,0.6715243963579743,0.6779649278173048,0.6779649278173048,0.3265244957168815,0.22583590828262506,True,True,native 400 cells
12,shared,0.6813708762851904,0.6813708762851906,0.6813708762851906,0.8253435115535266,0.6834476239728849,0.7802782666943523,0.7802782666943523,0.3243010835594921,0.22645134720315369,True,True,native 400 cells
12,independent,0.6772068558168529,0.6772068558168529,0.6772068558168529,0.586794303643853,0.6752965372607357,0.6802483974920421,0.6802483974920421,0.3243010835594921,0.22645134720315369,True,True,native 400 cells
12,shared,0.6802864719141095,0.6802864719141094,0.6802864719141095,0.8311217554910074,0.6842249572423299,0.7805541373730733,0.7805541373730733,0.32464085586574953,0.22656952773874475,True,True,native 400 cells
12,independent,0.6759573370224273,0.6759573370224273,0.6759573370224273,0.5963939475926823,0.6731398852720819,0.6807426495385565,0.6807426495385565,0.32464085586574953,0.22656952773874475,True,True,native 400 cells
12,shared,0.6823709221017464,0.6823709221017465,0.6823709221017464,0.8239472925362028,0.6858543555598292,0.7799870558125531,0.6823709221017464,0.3240727336372498,0.22572928778694182,True,False,native 400 cells
12,independent,0.6782104594601942,0.6782104594601942,0.6782104594601942,0.583036473951622,0.6787205133926909,0.679681908122354,0.6782104594601942,0.3240727336372498,0.22572928778694182,True,False,native 400 cells
13,shared,0.6719236736024856,0.6719236736024856,0.6719236736024856,0.8301109578731567,0.6882124411780043,0.7814394051577557,0.7814394051577557,0.32574596710202586,0.23091500294520875,True,True,native 400 cells
13,independent,0.6742924933330449,0.6742924933330449,0.6742924933330449,0.6416781424616055,0.676362039399476,0.702866731790781,0.702866731790781,0.32574596710202586,0.23091500294520875,True,True,native 400 cells
13,shared,0.6722536531327814,0.6722536531327814,0.6722536531327814,0.8280564505784563,0.6881371971718705,0.778674369721519,0.778674369721519,0.32265566585591676,0.23108296500052244,True,True,native 400 cells
13,independent,0.6750936744942784,0.6750936744942784,0.6750936744942783,0.624057562581045,0.6722695060422371,0.6948621822924957,0.6948621822924957,0.32265566585591676,0.23108296500052244,True,True,native 400 cells
13,shared,0.6734264067770808,0.6734264067770808,0.6734264067770808,0.815296088435527,0.6874524110217882,0.7771350654495185,0.7771350654495185,0.32445207475134746,0.23131201961917136,True,True,native 400 cells
13,independent,0.6770235676855777,0.6770235676855777,0.6770235676855777,0.6179571368587607,0.6753512826277277,0.6974187929303283,0.6974187929303283,0.32445207475134746,0.23131201961917136,True,True,native 400 cells
13,shared,0.6689781203440803,0.6689781203440803,0.6689781203440803,0.8255432747852057,0.6829847848033666,0.7718362817526754,0.7718362817526754,0.31916806956054095,0.2304462173110756,True,True,native 400 cells
13,independent,0.6723672888772293,0.6723672888772294,0.6723672888772293,0.6345448413949756,0.6809479606624249,0.6980424226739586,0.6980424226739586,0.31916806956054095,0.2304462173110756,True,True,native 400 cells
13,shared,0.6731741578901911,0.6731741578901911,0.6731741578901911,0.8306980737101307,0.6885110667727135,0.7850808233390164,0.7850808233390164,0.3264034309126525,0.23123350291222816,True,True,native 400 cells
13,independent,0.675708533416175,0.675708533416175,0.675708533416175,0.6330198218004212,0.6773925039485573,0.7038601570320019,0.7038601570320019,0.3264034309126525,0.23123350291222816,True,True,native 400 cells
13,shared,0.6709064389520882,0.6709064389520882,0.6709064389520881,0.8271508159124517,0.6872764118361921,0.7818454434728356,0.7818454434728356,0.32630357620035194,0.23017240492570207,True,True,native 400 cells
13,independent,0.6735678614905038,0.6735678614905038,0.6735678614905038,0.63729400060563,0.6725875891962714,0.7021632945863322,0.7021632945863322,0.32630357620035194,0.23017240492570207,True,True,native 400 cells
13,shared,0.6737388143850189,0.6737388143850189,0.6737388143850189,0.8302520966306082,0.6907023269293715,0.7764416764829933,0.7764416764829933,0.3182453655430594,0.23125789002112132,True,True,native 400 cells
13,independent,0.676556507340508,0.6765565073405079,0.6765565073405079,0.6328596699154475,0.6782334106948454,0.6983214486189934,0.6983214486189934,0.3182453655430594,0.23125789002112132,True,True,native 400 cells
13,shared,0.6699400601458451,0.6699400601458451,0.6699400601458451,0.8244642678616224,0.6848727874103565,0.7837343106639995,0.7837343106639995,0.3300468224353721,0.23029255320283634,True,True,native 400 cells
13,independent,0.672159325835771,0.672159325835771,0.6721593258357709,0.6278020783087956,0.6672860565850424,0.6989083669218108,0.6989083669218108,0.3300468224353721,0.23029255320283634,True,True,native 400 cells
13,shared,0.6718886929230166,0.6718886929230166,0.6718886929230166,0.8257197486975912,0.6891863339528084,0.7734632588177776,0.7734632588177776,0.3188675045225718,0.2304020817406225,True,True,native 400 cells
13,independent,0.6753983555198699,0.67539835551987,0.67539835551987,0.625825061052098,0.6788286425569209,0.6946938148693109,0.6946938148693109,0.3188675045225718,0.2304020817406225,True,True,native 400 cells
13,shared,0.6718966407243154,0.6718966407243154,0.6718966407243154,0.8261336960856138,0.6873898120664564,0.7735914010710488,0.7735914010710488,0.31964610025948687,0.23001670640451202,True,True,native 400 cells
13,independent,0.6750150650733437,0.6750150650733436,0.6750150650733437,0.6317987423477635,0.6781511084299817,0.6963959265626172,0.6963959265626172,0.31964610025948687,0.23001670640451202,True,True,native 400 cells
13,shared,0.6736622518273552,0.6736622518273551,0.6736622518273551,0.8177509672092643,0.6852364094660522,0.7846989969388652,0.7846989969388652,0.33085648652169436,0.23088950418901266,True,True,native 400 cells
13,independent,0.6763491175203118,0.6763491175203119,0.6763491175203118,0.6177408485768142,0.6685768485062993,0.6996249855198259,0.6996249855198259,0.33085648652169436,0.23088950418901266,True,True,native 400 cells
13,shared,0.6721952458854443,0.6721952458854443,0.6721952458854443,0.8261136189768293,0.6871516741246845,0.7785755332626796,0.7785755332626796,0.3218684156745815,0.23174434001612215,True,True,native 400 cells
13,independent,0.675567000754199,0.675567000754199,0.675567000754199,0.6260137749343996,0.6719472834673312,0.6975858771365944,0.6975858771365944,0.3218684156745815,0.23174434001612215,True,True,native 400 cells
14,shared,0.6532573256536948,0.6532573256536947,0.6532573256536948,0.8209394918064773,0.6614410515255831,0.7691682319140749,0.7691682319140749,0.335369324189471,0.22294945451352002,True,True,native 400 cells
14,independent,0.6447087798409281,0.6447087798409281,0.6447087798409281,0.5889503376106456,0.6506082963730592,0.6635962383802438,0.6635962383802438,0.335369324189471,0.22294945451352002,True,True,native 400 cells
14,shared,0.6533849538162887,0.6533849538162887,0.6533849538162887,0.8244469910322089,0.6613653571469229,0.7680674348783161,0.7680674348783161,0.33208843001619154,0.22414609842725036,True,True,native 400 cells
14,independent,0.6448647951445723,0.6448647951445723,0.6448647951445724,0.5898248528530662,0.6503683728326658,0.6629012618355835,0.6629012618355835,0.33208843001619154,0.22414609842725036,True,True,native 400 cells
14,shared,0.6510654635397649,0.6510654635397649,0.6510654635397648,0.8167914443490071,0.6578258093751039,0.7676525671196943,0.7676525671196943,0.33588432145518443,0.22237036442947,True,True,native 400 cells
14,independent,0.642975208348839,0.642975208348839,0.642975208348839,0.5871494596336915,0.6476171887857546,0.6632663912545774,0.6632663912545774,0.33588432145518443,0.22237036442947,True,True,native 400 cells
14,shared,0.6523271294887372,0.6523271294887372,0.6523271294887372,0.8170082673610276,0.6598237275368938,0.7714927987466759,0.7714927987466759,0.3399067962062079,0.22153571357301888,True,True,native 400 cells
14,independent,0.6439482617895105,0.6439482617895105,0.6439482617895105,0.5894090054106457,0.648577193342615,0.6656953327310489,0.6656953327310489,0.3399067962062079,0.22153571357301888,True,True,native 400 cells
14,shared,0.6512878396695598,0.6512878396695598,0.6512878396695598,0.8161704534978053,0.6596495042496856,0.7711975986787236,0.7711975986787236,0.34185324689921054,0.22163095876552444,True,True,native 400 cells
14,independent,0.642607064927161,0.642607064927161,0.6426070649271611,0.5902551353587664,0.6477316143809924,0.6647599772593837,0.6647599772593837,0.34185324689921054,0.22163095876552444,True,True,native 400 cells
14,shared,0.6527228198739404,0.6527228198739404,0.6527228198739404,0.8219235036221754,0.661264551267899,0.7671433941505083,0.7671433941505083,0.3333101931042108,0.2245619602531401,True,True,native 400 cells
14,independent,0.6440102588924169,0.6440102588924169,0.6440102588924169,0.5848304680796239,0.6489520788242857,0.6598603387255294,0.6598603387255294,0.3333101931042108,0.2245619602531401,True,True,native 400 cells
14,shared,0.6517263625292107,0.6517263625292106,0.6517263625292107,0.8222692132240105,0.6592419957650123,0.7723497651108011,0.7723497651108011,0.34063007802525214,0.22207238804178334,True,True,native 400 cells
14,independent,0.6431366643006458,0.6431366643006459,0.6431366643006458,0.5913445047362088,0.6480632391055381,0.6641081949030264,0.6641081949030264,0.34063007802525214,0.22207238804178334,True,True,native 400 cells
14,shared,0.6543886790389082,0.6543886790389082,0.6543886790389082,0.8226616181895288,0.661163960386929,0.7671802787848023,0.7671802787848023,0.3319106206686783,0.22399966058024862,True,True,native 400 cells
14,independent,0.6460903492496023,0.6460903492496023,0.6460903492496023,0.5908974997139316,0.6499282964508606,0.6633254962873729,0.6633254962873729,0.3319106206686783,0.22399966058024862,True,True,native 400 cells
14,shared,0.6530310318985885,0.6530310318985884,0.6530310318985884,0.8212938714844017,0.6610903046699445,0.767699898277409,0.767699898277409,0.33404024675433774,0.22360218236344367,True,True,native 400 cells
14,independent,0.6445738928273395,0.6445738928273392,0.6445738928273395,0.5921359038426169,0.6495048466557212,0.6635028605596299,0.6635028605596299,0.33404024675433774,0.22360218236344367,True,True,native 400 cells
14,shared,0.6544751937050818,0.6544751937050818,0.6544751937050818,0.8223891077870408,0.661449840201371,0.7685323120399261,0.7685323120399261,0.3337142368538245,0.2239985678718187,True,True,native 400 cells
14,independent,0.6460375648799528,0.6460375648799528,0.6460375648799528,0.5934163770216209,0.6493278999913559,0.6647666900311547,0.6647666900311547,0.3337142368538245,0.2239985678718187,True,True,native 400 cells
14,shared,0.6531963406231343,0.653196340623134,0.653196340623134,0.8171445321529213,0.6605569743698773,0.7702314890816899,0.7702314890816899,0.3386301900381956,0.22223799749208628,True,True,native 400 cells
14,independent,0.6448670627918341,0.6448670627918343,0.6448670627918343,0.5929370941543739,0.649604514312394,0.6663875288055265,0.6663875288055265,0.3386301900381956,0.22223799749208628,True,True,native 400 cells
14,shared,0.6536162309139928,0.6536162309139928,0.6536162309139927,0.8217269188341374,0.6612103307831823,0.7656060900239032,0.7656060900239032,0.3312932510228404,0.22461778753639441,True,True,native 400 cells
14,independent,0.6451154451971791,0.6451154451971793,0.6451154451971791,0.58983308676074,0.6502596789102985,0.6616423612351344,0.6616423612351344,0.3312932510228404,0.22461778753639441,True,True,native 400 cells
0,shared,0.13839383217023057,0.13839383217023052,0.13839383217023052,0.7725975560136444,0.1733524086326675,0.7676035473168255,0.13839383217023055,0.8310379612784005,0.06367358163121596,True,False,downsampled 20 cells
0,independent,0.1297677961224918,0.1297677961224918,0.1297677961224918,0.07395571645750951,0.14965386718867035,0.08280719122899298,0.1297677961224918,0.8310379612784005,0.06367358163121596,True,False,downsampled 20 cells
0,shared,0.13874951830774637,0.13874951830774634,0.13874951830774634,0.7732517246817201,0.17865208756579234,0.767936323207978,0.13874951830774637,0.8331483521335042,0.06935874450695913,True,False,downsampled 20 cells
0,independent,0.12981589178313221,0.12981589178313221,0.12981589178313221,0.08341977062304294,0.155817156255887,0.09226058767730569,0.12981589178313221,0.8331483521335042,0.06935874450695913,True,False,downsampled 20 cells
0,shared,0.13808091417967305,0.13808091417967303,0.13808091417967303,0.7729550678153803,0.16518304293861671,0.7678034125040387,0.13808091417967305,0.8290587868675323,0.06157771465908099,True,False,downsampled 20 cells
0,independent,0.12895185004385165,0.12895185004385165,0.12895185004385165,0.0693975604387553,0.14360672245712275,0.07811437307032135,0.12895185004385165,0.8290587868675323,0.06157771465908099,True,False,downsampled 20 cells
0,shared,0.13228504604000021,0.1322850460400002,0.13228504604000016,0.7757794263234978,0.17053616630722573,0.7703113202175992,0.13228504604000021,0.8339957978018553,0.06702544086323788,True,False,downsampled 20 cells
0,independent,0.12344245232018526,0.12344245232018526,0.12344245232018528,0.06996382699801809,0.146525344184761,0.07825290992073643,0.12344245232018528,0.8339957978018553,0.06702544086323788,True,False,downsampled 20 cells
0,shared,0.13958855130460399,0.13958855130460396,0.13958855130460396,0.7756040347764365,0.1738204117502009,0.770403386404773,0.13958855130460399,0.8305641816650506,0.06323218238855187,True,False,downsampled 20 cells
0,independent,0.13059356320414023,0.13059356320414023,0.13059356320414023,0.07407350295908063,0.14896253029651496,0.08290390474783436,0.13059356320414023,0.8305641816650506,0.06323218238855187,True,False,downsampled 20 cells
0,shared,0.1408160907589706,0.14081609075897059,0.14081609075897059,0.7709377545513411,0.17286167385705667,0.765359497345625,0.1408160907589706,0.8319549687109788,0.06417178698681393,True,False,downsampled 20 cells
0,independent,0.13153808754728677,0.13153808754728677,0.13153808754728677,0.06723185095593506,0.14296258218326272,0.07593738416113471,0.1315380875472868,0.8319549687109788,0.06417178698681393,True,False,downsampled 20 cells
0,shared,0.1383916944412053,0.1383916944412053,0.1383916944412053,0.7741415517329532,0.1792273389876619,0.7686747131246194,0.1383916944412053,0.8347854856116546,0.06864093478131657,True,False,downsampled 20 cells
0,independent,0.12828908525210533,0.12828908525210533,0.12828908525210533,0.07299972966173959,0.15560363212851516,0.08191808472338587,0.12828908525210533,0.8347854856116546,0.06864093478131657,True,False,downsampled 20 cells
0,shared,0.13978233022750622,0.1397823302275062,0.1397823302275062,0.772296013588223,0.16820625281756277,0.7678010363700971,0.13978233022750622,0.8302613182508172,0.062327939136716845,True,False,downsampled 20 cells
0,independent,0.13084709657836277,0.13084709657836277,0.13084709657836277,0.07111625089020361,0.14478005492914522,0.07994532047390994,0.1308470965783628,0.8302613182508172,0.062327939136716845,True,False,downsampled 20 cells
0,shared,0.13972800948444827,0.13972800948444822,0.13972800948444822,0.7736551664629007,0.1728078439207177,0.7684289837151012,0.13972800948444825,0.8300858043238466,0.06398655946191942,True,False,downsampled 20 cells
0,independent,0.1309878647615274,0.1309878647615274,0.1309878647615274,0.07414579988796424,0.15041054432552384,0.08308000929535007,0.1309878647615274,0.8300858043238466,0.06398655946191942,True,False,downsampled 20 cells
0,shared,0.13869762006284939,0.13869762006284936,0.13869762006284936,0.7742034790317117,0.1728793544575141,0.7695202560413028,0.13869762006284939,0.8338308171800788,0.06353469788050177,True,False,downsampled 20 cells
0,independent,0.1293542171261345,0.1293542171261345,0.1293542171261345,0.06873378576268728,0.14979440872453686,0.077453063551472,0.1293542171261345,0.8338308171800788,0.06353469788050177,True,False,downsampled 20 cells
0,shared,0.14008916722296377,0.14008916722296375,0.14008916722296375,0.7742214547365257,0.1714606839806566,0.769133249865894,0.1400891672229638,0.8298596611504148,0.06507354138792142,True,False,downsampled 20 cells
0,independent,0.13113992626284357,0.13113992626284357,0.13113992626284357,0.0757826297161303,0.15254225396095097,0.08484385449506092,0.13113992626284357,0.8298596611504148,0.06507354138792142,True,False,downsampled 20 cells
0,shared,0.13916025978595975,0.13916025978595972,0.13916025978595972,0.7735853934444578,0.17846470207388368,0.7677472212471889,0.13916025978595975,0.8305945437157563,0.06901059676129975,True,False,downsampled 20 cells
0,independent,0.1303420261480244,0.1303420261480244,0.1303420261480244,0.08018679772609946,0.15470375031222947,0.08919662577634388,0.1303420261480244,0.8305945437157563,0.06901059676129975,True,False,downsampled 20 cells
1,shared,0.10095849587789153,0.10095849587789153,0.10095849587789153,0.7736365041711776,0.11679032448190083,0.7674088621054184,0.10095849587789153,0.8269736217785011,0.05879023884499066,True,False,downsampled 20 cells
1,independent,0.09464653477766184,0.09464653477766183,0.09464653477766183,0.04903374561269972,0.09966109591746881,0.055612886527561634,0.09464653477766183,0.8269736217785011,0.05879023884499066,True,False,downsampled 20 cells
1,shared,0.10460995471547944,0.10460995471547944,0.10460995471547944,0.7757981933650172,0.11605244198450981,0.7696430904126537,0.10460995471547944,0.8264450817035396,0.058650013713480664,True,False,downsampled 20 cells
1,independent,0.09688521788805486,0.09688521788805486,0.09688521788805486,0.04854275994993411,0.10139498742529196,0.05534767603061496,0.09688521788805486,0.8264450817035396,0.058650013713480664,True,False,downsampled 20 cells
1,shared,0.10264385768969335,0.10264385768969335,0.10264385768969335,0.7713683782353414,0.1225893469879422,0.7634850649912854,0.10264385768969335,0.8237637477313566,0.06138377252137443,True,False,downsampled 20 cells
1,independent,0.09565830235246155,0.09565830235246155,0.09565830235246156,0.06056644563925829,0.10220253934293784,0.06716709464061787,0.09565830235246155,0.8237637477313566,0.06138377252137443,True,False,downsampled 20 cells
1,shared,0.10181231623728124,0.10181231623728126,0.10181231623728124,0.7724460823762345,0.11419511535093878,0.7664193730933897,0.10181231623728124,0.8282590024785308,0.05847733911329814,True,False,downsampled 20 cells
1,independent,0.09514721104015851,0.09514721104015851,0.0951472110401585,0.05082014290438605,0.10159326902884645,0.05735635383538516,0.09514721104015851,0.8282590024785308,0.05847733911329814,True,False,downsampled 20 cells
1,shared,0.10442567859602324,0.10442567859602324,0.10442567859602324,0.7754098129360687,0.12079428687834282,0.7692461107142992,0.10442567859602324,0.8262896416947901,0.060399808315360695,True,False,downsampled 20 cells
1,independent,0.09779295671201804,0.09779295671201803,0.09779295671201803,0.0529871430330473,0.1014294681845656,0.05980435605362674,0.09779295671201803,0.8262896416947901,0.060399808315360695,True,False,downsampled 20 cells
1,shared,0.10329107035263697,0.103291070352637,0.10329107035263697,0.7741953845300978,0.12047792916529403,0.7676750827855493,0.10329107035263697,0.8273490359505509,0.0595614515849069,True,False,downsampled 20 cells
1,independent,0.0961552048060023,0.0961552048060023,0.0961552048060023,0.04940413489551797,0.1013397889389539,0.05606166524633438,0.0961552048060023,0.8273490359505509,0.0595614515849069,True,False,downsampled 20 cells
1,shared,0.10040148886727944,0.10040148886727944,0.10040148886727944,0.7749576459472476,0.1182431349137831,0.7680876060665303,0.10040148886727944,0.8257928866595672,0.060394312959606164,True,False,downsampled 20 cells
1,independent,0.09429166651214448,0.09429166651214448,0.09429166651214448,0.06044177347109017,0.10236866885215114,0.06692560154516745,0.09429166651214448,0.8257928866595672,0.060394312959606164,True,False,downsampled 20 cells
1,shared,0.1042632537003642,0.1042632537003642,0.1042632537003642,0.7753966157280414,0.11352247480954389,0.7696182042791354,0.1042632537003642,0.8275090815293444,0.05977235288326173,True,False,downsampled 20 cells
1,independent,0.0974963922624632,0.0974963922624632,0.0974963922624632,0.05362886933063926,0.10574242961894392,0.06043035863208094,0.0974963922624632,0.8275090815293444,0.05977235288326173,True,False,downsampled 20 cells
1,shared,0.10508594239851941,0.10508594239851944,0.10508594239851941,0.7740472283737788,0.11502391134925674,0.7685496825328314,0.10508594239851941,0.8292982591852542,0.05781785031262875,True,False,downsampled 20 cells
1,independent,0.09771099835181617,0.09771099835181617,0.09771099835181617,0.05208383315560828,0.10219657429665135,0.05872138321763103,0.09771099835181617,0.8292982591852542,0.05781785031262875,True,False,downsampled 20 cells
1,shared,0.10251905480740611,0.1025190548074061,0.1025190548074061,0.7718700555810668,0.11737794146826108,0.7651151702699809,0.1025190548074061,0.8242619617829812,0.06033376001318479,True,False,downsampled 20 cells
1,independent,0.09580918068587006,0.09580918068587006,0.09580918068587006,0.05995841046755916,0.10337302574723638,0.06666783304693559,0.09580918068587006,0.8242619617829812,0.06033376001318479,True,False,downsampled 20 cells
1,shared,0.10346013064469498,0.10346013064469498,0.10346013064469498,0.7738297897536732,0.12174434053508196,0.7669080147241624,0.10346013064469498,0.8266742235700786,0.060915884727672544,True,False,downsampled 20 cells
1,independent,0.09629565995114209,0.09629565995114209,0.09629565995114209,0.055904755103057195,0.1010959073517466,0.06247047320862361,0.09629565995114209,0.8266742235700786,0.060915884727672544,True,False,downsampled 20 cells
1,shared,0.10451388739448358,0.10451388739448358,0.10451388739448358,0.7749083710687455,0.11612887226673009,0.7695363418821293,0.10451388739448358,0.8282339248146011,0.05777423173518843,True,False,downsampled 20 cells
1,independent,0.09757405648393214,0.09757405648393214,0.09757405648393214,0.046390806608988956,0.1007275811809878,0.05321359158120808,0.09757405648393214,0.8282339248146011,0.05777423173518843,True,False,downsampled 20 cells
2,shared,0.16005524700468376,0.16005524700468376,0.16005524700468376,0.793175420351101,0.23526005877534212,0.7890841433910545,0.16005524700468376,0.8330228612948649,0.07395061396114297,True,False,downsampled 20 cells
2,independent,0.10013890239194473,0.10013890239194473,0.10013890239194473,0.05856658318459469,0.11991710042861144,0.06552292367530882,0.10013890239194473,0.8330228612948649,0.07395061396114297,True,False,downsampled 20 cells
2,shared,0.1591305297138673,0.1591305297138673,0.1591305297138673,0.79486404776675,0.24398013430303597,0.7895653939174649,0.1591305297138673,0.83281792942133,0.08427762488499989,True,False,downsampled 20 cells
2,independent,0.09926734027340313,0.0992673402734031,0.0992673402734031,0.07889707515316129,0.13672612153407185,0.08634596391369122,0.0992673402734031,0.83281792942133,0.08427762488499989,True,False,downsampled 20 cells
2,shared,0.16288385763383262,0.16288385763383265,0.16288385763383265,0.795562974314231,0.24876376618523105,0.7898568480622661,0.16288385763383265,0.8336157622283576,0.08967465490099352,True,False,downsampled 20 cells
2,independent,0.10250059162069902,0.10250059162069904,0.10250059162069904,0.07629122827740874,0.128383870522854,0.08366836116317584,0.10250059162069902,0.8336157622283576,0.08967465490099352,True,False,downsampled 20 cells
2,shared,0.16004336451007814,0.16004336451007814,0.16004336451007814,0.7935981013847249,0.2373134627234661,0.7892594905242434,0.7892594905242434,0.8320700386825818,0.08066986182693486,True,True,downsampled 20 cells
2,independent,0.10255143493184052,0.10255143493184052,0.10255143493184049,0.07743618275089484,0.14679717193315708,0.08537423692426001,0.08537423692426001,0.8320700386825818,0.08066986182693486,True,True,downsampled 20 cells
2,shared,0.15914351732258677,0.1591435173225868,0.1591435173225868,0.793948678591676,0.237786547573633,0.7898295257647504,0.15914351732258677,0.832204953520409,0.07875399482720054,True,False,downsampled 20 cells
2,independent,0.10052475763013709,0.10052475763013706,0.10052475763013706,0.07420797933998385,0.13059140070639408,0.08134156045079777,0.10052475763013709,0.832204953520409,0.07875399482720054,True,False,downsampled 20 cells
2,shared,0.15918163637097052,0.15918163637097052,0.15918163637097052,0.7952489650406774,0.23982450804957323,0.7900707611596981,0.15918163637097052,0.8325124539801699,0.08473915561459602,True,False,downsampled 20 cells
2,independent,0.0996085374494481,0.0996085374494481,0.09960853744944811,0.06360233816230901,0.11860465241370764,0.07060852001604963,0.0996085374494481,0.8325124539801699,0.08473915561459602,True,False,downsampled 20 cells
2,shared,0.1619296066417138,0.16192960664171385,0.16192960664171385,0.7952405619297831,0.24268161440947195,0.7906980252800855,0.16192960664171382,0.8306423977975319,0.08185949342778492,True,False,downsampled 20 cells
2,independent,0.101659087725731,0.101659087725731,0.101659087725731,0.07329509342153269,0.13560737482715293,0.0810016035701099,0.101659087725731,0.8306423977975319,0.08185949342778492,True,False,downsampled 20 cells
2,shared,0.15950193189057482,0.15950193189057482,0.15950193189057485,0.7944695418306515,0.2372282095055617,0.7901244563637949,0.15950193189057482,0.8306964588630865,0.07682784465969261,True,False,downsampled 20 cells
2,independent,0.10074609784316564,0.10074609784316564,0.10074609784316566,0.06834374049282463,0.13554860421726628,0.07591890588120716,0.10074609784316566,0.8306964588630865,0.07682784465969261,True,False,downsampled 20 cells
2,shared,0.15870945396269293,0.15870945396269293,0.15870945396269293,0.7959305351971773,0.2448494437129814,0.7902725243810356,0.7902725243810356,0.8345565816447937,0.08779205300693325,True,True,downsampled 20 cells
2,independent,0.10086397885196792,0.10086397885196792,0.1008639788519679,0.08345270976823468,0.13766096852618406,0.09089041208968453,0.09089041208968453,0.8345565816447937,0.08779205300693325,True,True,downsampled 20 cells
2,shared,0.16119450318716305,0.16119450318716305,0.16119450318716305,0.7904001303653156,0.23219698725235952,0.7860284607431398,0.16119450318716305,0.8262480774197433,0.07420019527324953,True,False,downsampled 20 cells
2,independent,0.1002442638270415,0.1002442638270415,0.1002442638270415,0.06078976301982425,0.12656145690345205,0.0682691821044184,0.1002442638270415,0.8262480774197433,0.07420019527324953,True,False,downsampled 20 cells
2,shared,0.16039550849301012,0.16039550849301015,0.16039550849301015,0.791647138661507,0.23108630451114054,0.7879655447235268,0.16039550849301015,0.8306917626868819,0.07135226134641792,True,False,downsampled 20 cells
2,independent,0.10233117247962957,0.10233117247962957,0.10233117247962957,0.06768016144658633,0.13684632392135468,0.0751701639323729,0.10233117247962957,0.8306917626868819,0.07135226134641792,True,False,downsampled 20 cells
2,shared,0.1607689195264149,0.1607689195264149,0.1607689195264149,0.7935058912467229,0.24011746155144822,0.7884501800626764,0.1607689195264149,0.8305431575057547,0.08340875222891328,True,False,downsampled 20 cells
2,independent,0.1020455900772043,0.10204559007720432,0.1020455900772043,0.06410856558078168,0.12080891594797767,0.07133561509296811,0.1020455900772043,0.8305431575057547,0.08340875222891328,True,False,downsampled 20 cells
3,shared,0.11712190951655672,0.11712190951655672,0.11712190951655672,0.7764667675471888,0.12740489018595413,0.769912643709911,0.11712190951655672,0.8227345808041678,0.06064626348945479,True,False,downsampled 20 cells
3,independent,0.11716338319392498,0.11716338319392498,0.11716338319392498,0.0429922765148094,0.10757895019860902,0.05124781827467278,0.11716338319392498,0.8227345808041678,0.06064626348945479,True,False,downsampled 20 cells
3,shared,0.11889753120980287,0.1188975312098029,0.11889753120980287,0.7736647163306489,0.12944618740310865,0.7678155983972608,0.11889753120980287,0.8239486586722262,0.06105287416236149,True,False,downsampled 20 cells
3,independent,0.11855323414143008,0.11855323414143008,0.11855323414143008,0.05134569740611246,0.10571740981461852,0.05943610130291395,0.11855323414143008,0.8239486586722262,0.06105287416236149,True,False,downsampled 20 cells
3,shared,0.11758052666132354,0.11758052666132354,0.11758052666132354,0.7748118625201408,0.12028218895452092,0.7691149034739402,0.11758052666132354,0.8248640095621467,0.059868503825031436,True,False,downsampled 20 cells
3,independent,0.1173513095292931,0.1173513095292931,0.1173513095292931,0.045792984310822175,0.10832021274470667,0.05383142767895881,0.1173513095292931,0.8248640095621467,0.059868503825031436,True,False,downsampled 20 cells
3,shared,0.12011397527983508,0.12011397527983511,0.12011397527983511,0.7752800539114854,0.129141436831315,0.7693817634927484,0.12011397527983511,0.8237294998431413,0.06005098745513757,True,False,downsampled 20 cells
3,independent,0.11973622574126663,0.11973622574126663,0.11973622574126663,0.041522573184941736,0.10806326001973254,0.04991149562407478,0.1197362257412666,0.8237294998431413,0.06005098745513757,True,False,downsampled 20 cells
3,shared,0.11678914923446955,0.11678914923446958,0.11678914923446955,0.7747237703769924,0.12754830835299974,0.7680914985623624,0.11678914923446955,0.8233086022725052,0.06018460547650742,True,False,downsampled 20 cells
3,independent,0.1167118088941541,0.11671180889415413,0.11671180889415413,0.04622146297462305,0.10861523248623091,0.05432261573324186,0.11671180889415413,0.8233086022725052,0.06018460547650742,True,False,downsampled 20 cells
3,shared,0.11724755120005201,0.11724755120005201,0.11724755120005201,0.7746614033141551,0.12775783557939716,0.7686727066522465,0.11724755120005201,0.8250356115516818,0.06102543900779034,True,False,downsampled 20 cells
3,independent,0.11754752827118271,0.11754752827118269,0.11754752827118269,0.04367887396357216,0.10317222949777076,0.05167278077863,0.11754752827118269,0.8250356115516818,0.06102543900779034,True,False,downsampled 20 cells
3,shared,0.11748878251750668,0.11748878251750668,0.11748878251750668,0.7766319339902916,0.1321184796302849,0.7698575435041675,0.11748878251750668,0.8246449206137932,0.061681139251312966,True,False,downsampled 20 cells
3,independent,0.11833946135142391,0.11833946135142391,0.11833946135142391,0.05217104024506962,0.10545726480285286,0.06010155137725594,0.11833946135142391,0.8246449206137932,0.061681139251312966,True,False,downsampled 20 cells
3,shared,0.11546821117373045,0.11546821117373045,0.11546821117373045,0.7774363249465093,0.12450804393326725,0.7709680035659975,0.11546821117373045,0.8241972450831982,0.059589955800473535,True,False,downsampled 20 cells
3,independent,0.11590912433688325,0.11590912433688325,0.11590912433688325,0.05092153560697816,0.10459819480623536,0.058675093416621894,0.11590912433688325,0.8241972450831982,0.059589955800473535,True,False,downsampled 20 cells
3,shared,0.11757089192424888,0.11757089192424885,0.11757089192424888,0.7742208341908028,0.12008532792454837,0.7690910269069309,0.11757089192424885,0.824762814468135,0.058981301952963416,True,False,downsampled 20 cells
3,independent,0.11857084819393997,0.11857084819393997,0.11857084819393997,0.04315506853329396,0.11047053952839478,0.051439209759483635,0.11857084819393997,0.824762814468135,0.058981301952963416,True,False,downsampled 20 cells
3,shared,0.11736743786327107,0.11736743786327106,0.11736743786327107,0.7759034412637169,0.1309405835200641,0.7694190219249993,0.11736743786327107,0.8229151788028897,0.062194413329991025,True,False,downsampled 20 cells
3,independent,0.11692599936241131,0.11692599936241131,0.11692599936241134,0.047317760352519715,0.10460798735440789,0.05540240672952111,0.1169259993624113,0.8229151788028897,0.062194413329991025,True,False,downsampled 20 cells
3,shared,0.11768321881194813,0.11768321881194813,0.11768321881194813,0.7739227417045748,0.13072848974483034,0.7681096270354165,0.11768321881194813,0.826756633448041,0.05967591085568835,True,False,downsampled 20 cells
3,independent,0.11808182560240445,0.11808182560240445,0.11808182560240445,0.054546905855750435,0.10737279201710719,0.06236432920902152,0.11808182560240445,0.826756633448041,0.05967591085568835,True,False,downsampled 20 cells
3,shared,0.11489830060926216,0.11489830060926216,0.11489830060926216,0.7765296074013698,0.12346688711005255,0.7699684650116138,0.11489830060926216,0.8233337512951412,0.059496508647131435,True,False,downsampled 20 cells
3,independent,0.11477665898032541,0.11477665898032541,0.11477665898032541,0.044599248832132427,0.10654266729366985,0.05257851547993081,0.11477665898032541,0.8233337512951412,0.059496508647131435,True,False,downsampled 20 cells
4,shared,0.1113676731227951,0.1113676731227951,0.1113676731227951,0.7707197690635457,0.11474545393452458,0.765253055663195,0.1113676731227951,0.8290707073037071,0.06108089859932253,True,False,downsampled 20 cells
4,independent,0.11075501545363915,0.11075501545363915,0.11075501545363915,0.07718074667343251,0.11732112729773413,0.08441762434502233,0.11075501545363915,0.8290707073037071,0.06108089859932253,True,False,downsampled 20 cells
4,shared,0.10962407619864831,0.10962407619864831,0.10962407619864831,0.7742632292011683,0.114734659876985,0.7682837545947878,0.10962407619864831,0.8301106070859778,0.05646992743533445,True,False,downsampled 20 cells
4,independent,0.11168502208236393,0.11168502208236389,0.1116850220823639,0.06905684946251213,0.11354661154179241,0.07623197698584516,0.11168502208236393,0.8301106070859778,0.05646992743533445,True,False,downsampled 20 cells
4,shared,0.11362583026769148,0.11362583026769148,0.11362583026769148,0.7720766448741253,0.11802630301830826,0.7668928592775892,0.7668928592775892,0.8320015588137024,0.05902205668358465,True,True,downsampled 20 cells
4,independent,0.11623375827348378,0.11623375827348381,0.11623375827348378,0.07245395185824273,0.1275459371119261,0.08011312627465851,0.08011312627465851,0.8320015588137024,0.05902205668358465,True,True,downsampled 20 cells
4,shared,0.11161419144349047,0.11161419144349047,0.11161419144349047,0.7747294265410074,0.11521416374886329,0.7690377112420738,0.11161419144349047,0.8305199606180882,0.06001645194502478,True,False,downsampled 20 cells
4,independent,0.11325983315708107,0.11325983315708107,0.11325983315708107,0.07124671914814665,0.12145274155432514,0.07868042826720789,0.11325983315708106,0.8305199606180882,0.06001645194502478,True,False,downsampled 20 cells
4,shared,0.11338896120859161,0.11338896120859161,0.11338896120859161,0.7750386561618191,0.11485037951322265,0.7705663950169747,0.7705663950169747,0.8320949777135989,0.058481219544164194,True,True,downsampled 20 cells
4,independent,0.11631311879043037,0.11631311879043034,0.11631311879043037,0.07879843452133492,0.12984481520795435,0.08643036145192125,0.08643036145192125,0.8320949777135989,0.058481219544164194,True,True,downsampled 20 cells
4,shared,0.11233409653182491,0.11233409653182491,0.11233409653182491,0.775300338332226,0.11910758027591237,0.7690653377499772,0.11233409653182491,0.8308377387094197,0.05821393900644606,True,False,downsampled 20 cells
4,independent,0.11546494505518333,0.11546494505518333,0.11546494505518333,0.07640750965717927,0.12210287728570475,0.08376194828350421,0.11546494505518333,0.8308377387094197,0.05821393900644606,True,False,downsampled 20 cells
4,shared,0.10970126656771116,0.10970126656771116,0.10970126656771116,0.7730589644633514,0.11117897809971224,0.7677146174224401,0.10970126656771116,0.8317693439759793,0.05811703833643092,True,False,downsampled 20 cells
4,independent,0.11214998775128485,0.11214998775128485,0.11214998775128485,0.061900626948222695,0.1047638854618814,0.06893570163252959,0.11214998775128485,0.8317693439759793,0.05811703833643092,True,False,downsampled 20 cells
4,shared,0.11339505716988493,0.11339505716988493,0.11339505716988492,0.7698902321375082,0.10797353068164581,0.765067721349051,0.765067721349051,0.8317260860654916,0.06440874311613484,True,True,downsampled 20 cells
4,independent,0.11493628168216562,0.11493628168216562,0.11493628168216559,0.08081144455795905,0.1312004959528036,0.08847218206657623,0.08847218206657623,0.8317260860654916,0.06440874311613484,True,True,downsampled 20 cells
4,shared,0.11079821094943318,0.11079821094943315,0.11079821094943315,0.7741151241039985,0.11052531923112664,0.7691533033473719,0.11079821094943315,0.8305755799016643,0.060074346364744735,True,False,downsampled 20 cells
4,independent,0.11234813369366836,0.11234813369366836,0.11234813369366836,0.06613446652023355,0.11078014359819766,0.07337254212572912,0.11234813369366836,0.8305755799016643,0.060074346364744735,True,False,downsampled 20 cells
4,shared,0.11158948056278782,0.11158948056278782,0.11158948056278782,0.7712745550360268,0.1142967203280633,0.7659077823337836,0.11158948056278782,0.8281075789813704,0.059321384897259744,True,False,downsampled 20 cells
4,independent,0.11450966666357713,0.11450966666357713,0.11450966666357713,0.05483467740607637,0.10758945409962534,0.062486464653898365,0.11450966666357713,0.8281075789813704,0.059321384897259744,True,False,downsampled 20 cells
4,shared,0.10955286332049102,0.10955286332049102,0.10955286332049102,0.776081380865126,0.11245259602142871,0.7704283978551493,0.10955286332049102,0.8298802874304378,0.05789100293942158,True,False,downsampled 20 cells
4,independent,0.11140931251265146,0.11140931251265146,0.11140931251265146,0.07126462547239706,0.11720089369387914,0.07853249953737895,0.11140931251265146,0.8298802874304378,0.05789100293942158,True,False,downsampled 20 cells
4,shared,0.11159019300166347,0.11159019300166347,0.11159019300166347,0.7729282985071864,0.11475520028362002,0.7677086175076598,0.11159019300166348,0.8328375346097953,0.058753740619713335,True,False,downsampled 20 cells
4,independent,0.11218872154832707,0.11218872154832707,0.11218872154832707,0.06838036262442534,0.11157670122239646,0.07537945146600997,0.11218872154832707,0.8328375346097953,0.058753740619713335,True,False,downsampled 20 cells
5,shared,0.09798383599909313,0.09798383599909313,0.09798383599909313,0.7717723376851875,0.15681742692266454,0.7646567399834343,0.09798383599909313,0.8196840321126443,0.07252713934242157,True,False,downsampled 20 cells
5,independent,0.13684320469120986,0.13684320469120984,0.13684320469120986,0.04426141502010101,0.10247892271778995,0.05376690182244979,0.13684320469120986,0.8196840321126443,0.07252713934242157,True,False,downsampled 20 cells
5,shared,0.09849445168524129,0.09849445168524129,0.09849445168524129,0.7697057096344726,0.15372206876669572,0.7629616049260922,0.09849445168524129,0.8181688286943462,0.07100934514693817,True,False,downsampled 20 cells
5,independent,0.1389654484879681,0.1389654484879681,0.1389654484879681,0.04624239443055024,0.10941699099338933,0.056200275476120644,0.13896544848796813,0.8181688286943462,0.07100934514693817,True,False,downsampled 20 cells
5,shared,0.09809559782589242,0.09809559782589244,0.09809559782589242,0.7685744380790569,0.1490788643820604,0.7615131009304217,0.09809559782589244,0.8170729631818527,0.06943979609710732,True,False,downsampled 20 cells
5,independent,0.13848639562172055,0.13848639562172055,0.13848639562172055,0.051203780091413326,0.11268588621753371,0.06121583172354161,0.13848639562172055,0.8170729631818527,0.06943979609710732,True,False,downsampled 20 cells
5,shared,0.09844246148007474,0.09844246148007471,0.09844246148007474,0.772663920228435,0.15848754070714532,0.7662523528069388,0.09844246148007471,0.8202631806273046,0.07760569593726763,True,False,downsampled 20 cells
5,independent,0.13763606224826103,0.13763606224826103,0.13763606224826103,0.037901963194021594,0.08789910558773413,0.047000455347526435,0.13763606224826103,0.8202631806273046,0.07760569593726763,True,False,downsampled 20 cells
5,shared,0.09749369976409122,0.09749369976409122,0.09749369976409122,0.7718947228356496,0.15259879610200944,0.764366801164114,0.09749369976409122,0.8172038911928674,0.0691584324451138,True,False,downsampled 20 cells
5,independent,0.13601135177936902,0.13601135177936902,0.13601135177936902,0.048862480369486934,0.11356154869721971,0.05884248404620727,0.13601135177936902,0.8172038911928674,0.0691584324451138,True,False,downsampled 20 cells
5,shared,0.09865444064279301,0.09865444064279301,0.09865444064279301,0.7712091658534351,0.15707144377227802,0.7650102930239295,0.09865444064279301,0.8182669548462923,0.07743014349734033,True,False,downsampled 20 cells
5,independent,0.13878529153861552,0.13878529153861552,0.13878529153861552,0.04168982975169634,0.09114415629057676,0.05107309266215935,0.13878529153861552,0.8182669548462923,0.07743014349734033,True,False,downsampled 20 cells
5,shared,0.09727949868447369,0.09727949868447369,0.09727949868447369,0.7713761083832613,0.15428003595834813,0.7641742297908161,0.09727949868447369,0.8186970397869218,0.07107637196569795,True,False,downsampled 20 cells
5,independent,0.13692788409485807,0.13692788409485807,0.13692788409485807,0.05091956440272778,0.10852653718629703,0.060581739227000914,0.13692788409485807,0.8186970397869218,0.07107637196569795,True,False,downsampled 20 cells
5,shared,0.0977130175935554,0.0977130175935554,0.09771301759355538,0.7709534915582016,0.1515456820057414,0.7639013867988584,0.09771301759355538,0.8164437905731987,0.07189162905215336,True,False,downsampled 20 cells
5,independent,0.13764547976174024,0.13764547976174024,0.13764547976174024,0.046305740179197204,0.10917792616113609,0.05631996184508119,0.13764547976174024,0.8164437905731987,0.07189162905215336,True,False,downsampled 20 cells
5,shared,0.09707693360310049,0.09707693360310049,0.09707693360310049,0.7702092078867429,0.1530681988741051,0.7637981938035538,0.09707693360310049,0.8176451773343352,0.07726088073721202,True,False,downsampled 20 cells
5,independent,0.13557336966506453,0.13557336966506456,0.13557336966506456,0.04693165603753221,0.0905782055988465,0.05599665346265918,0.13557336966506456,0.8176451773343352,0.07726088073721202,True,False,downsampled 20 cells
5,shared,0.09703587509934077,0.09703587509934077,0.09703587509934077,0.7710393078153462,0.1520483952422011,0.7639089413826927,0.09703587509934077,0.8150815990586029,0.07316464908038625,True,False,downsampled 20 cells
5,independent,0.13656877805339432,0.13656877805339432,0.13656877805339432,0.042289459300838855,0.10343110032706603,0.0522692796089661,0.13656877805339432,0.8150815990586029,0.07316464908038625,True,False,downsampled 20 cells
5,shared,0.09938751953723689,0.09938751953723689,0.0993875195372369,0.7708831629627431,0.15569701754681453,0.7643968750821305,0.09938751953723689,0.8164559086361064,0.07186940967519341,True,False,downsampled 20 cells
5,independent,0.13791740414301454,0.13791740414301454,0.13791740414301454,0.044992074036010805,0.10967487158864424,0.0551484572123734,0.13791740414301454,0.8164559086361064,0.07186940967519341,True,False,downsampled 20 cells
5,shared,0.09637258380721583,0.09637258380721583,0.09637258380721583,0.7733606100174566,0.15045032032651934,0.7669529375814836,0.09637258380721583,0.8182014399184014,0.07067816472332805,True,False,downsampled 20 cells
5,independent,0.13442372431507338,0.13442372431507335,0.13442372431507338,0.04078431596418035,0.10642660873421535,0.050506657689958184,0.13442372431507338,0.8182014399184014,0.07067816472332805,True,False,downsampled 20 cells
6,shared,0.09593667897164887,0.09593667897164887,0.09593667897164887,0.7706092438821676,0.11448166876219569,0.7629098843349612,0.09593667897164887,0.8262734070304618,0.06303298197174563,True,False,downsampled 20 cells
6,independent,0.06043328693689525,0.06043328693689525,0.06043328693689525,0.05980027620520208,0.0634284396586212,0.063471434076672,0.06043328693689525,0.8262734070304618,0.06303298197174563,True,False,downsampled 20 cells
6,shared,0.0958970939512454,0.0958970939512454,0.0958970939512454,0.7684976592754442,0.10837229988610397,0.7620741295189731,0.7620741295189731,0.8284602793687084,0.05910227008899775,True,True,downsampled 20 cells
6,independent,0.061261757204937,0.061261757204937,0.061261757204937005,0.050643037038147515,0.063882823952607,0.054527913165657735,0.054527913165657735,0.8284602793687084,0.05910227008899775,True,True,downsampled 20 cells
6,shared,0.095174262441877,0.095174262441877,0.095174262441877,0.769064907268719,0.11404698250953783,0.761480939905204,0.09517426244187699,0.8268762684684328,0.06333513185830265,True,False,downsampled 20 cells
6,independent,0.06005608027780948,0.06005608027780948,0.06005608027780948,0.05019862042775558,0.06382521919743467,0.054058658730330916,0.06005608027780948,0.8268762684684328,0.06333513185830265,True,False,downsampled 20 cells
6,shared,0.09444366512277291,0.09444366512277291,0.09444366512277291,0.7714552743647413,0.10511723342358523,0.7649269562082033,0.0944436651227729,0.8270409145317167,0.059677494036822314,True,False,downsampled 20 cells
6,independent,0.05961331322282446,0.05961331322282446,0.059613313222824475,0.05850147949428701,0.06428710108465543,0.06221789181241406,0.059613313222824475,0.8270409145317167,0.059677494036822314,True,False,downsampled 20 cells
6,shared,0.09553184053662066,0.09553184053662066,0.09553184053662066,0.7721778566544796,0.11250625844371853,0.7647284517863285,0.7647284517863285,0.829147243347312,0.06137421921020843,True,True,downsampled 20 cells
6,independent,0.06029493063014679,0.06029493063014679,0.06029493063014679,0.06508298886398214,0.06554624908435853,0.06857075796426089,0.06857075796426089,0.829147243347312,0.06137421921020843,True,True,downsampled 20 cells
6,shared,0.0930482165908483,0.0930482165908483,0.0930482165908483,0.770615516903702,0.11387866031991527,0.762593365661677,0.09304821659084829,0.8268159632864125,0.06455319440755049,True,False,downsampled 20 cells
6,independent,0.057043025094879046,0.057043025094879046,0.057043025094879046,0.05428599318104978,0.060831829612555906,0.05778625858076328,0.057043025094879046,0.8268159632864125,0.06455319440755049,True,False,downsampled 20 cells
6,shared,0.09538171926477865,0.09538171926477865,0.09538171926477865,0.7680797952111214,0.1053381605517326,0.7609914551032572,0.7609914551032572,0.8270997687023817,0.05964197406920166,True,True,downsampled 20 cells
6,independent,0.06118734922111375,0.06118734922111376,0.06118734922111375,0.0524224378307826,0.0627257284400654,0.056236930122736714,0.056236930122736714,0.8270997687023817,0.05964197406920166,True,True,downsampled 20 cells
6,shared,0.09740042317431942,0.09740042317431942,0.09740042317431942,0.7681416650880432,0.1193225202117371,0.7600094643418465,0.7600094643418465,0.8267395589236537,0.06689487226798368,True,True,downsampled 20 cells
6,independent,0.06139946544325823,0.06139946544325823,0.06139946544325823,0.0672199112625363,0.06699347551173117,0.07086709898010826,0.07086709898010826,0.8267395589236537,0.06689487226798368,True,True,downsampled 20 cells
6,shared,0.09631806438192927,0.09631806438192926,0.09631806438192927,0.7690431852411512,0.10591400146450512,0.7626986366982117,0.7626986366982117,0.8293086234845364,0.05852491501836459,True,True,downsampled 20 cells
6,independent,0.06152349020208041,0.06152349020208041,0.06152349020208041,0.051591716136556366,0.06636290774731755,0.05547761705423157,0.05547761705423157,0.8293086234845364,0.05852491501836459,True,True,downsampled 20 cells
6,shared,0.09660359725941876,0.09660359725941876,0.09660359725941876,0.770434758456706,0.11262776708317081,0.763289159867989,0.763289159867989,0.827281802066357,0.06372039069804136,True,True,downsampled 20 cells
6,independent,0.061357671218886405,0.06135767121888641,0.061357671218886405,0.06280798404910258,0.06564752528079648,0.06651721060208782,0.06651721060208782,0.827281802066357,0.06372039069804136,True,True,downsampled 20 cells
6,shared,0.09574783154376079,0.09574783154376079,0.09574783154376079,0.7691629005851321,0.11575314836609286,0.7617608106785383,0.09574783154376079,0.8298207115007125,0.06293826349638214,True,False,downsampled 20 cells
6,independent,0.059515619353766876,0.05951561935376688,0.05951561935376686,0.06315921746575756,0.06341057284637414,0.0665611727443375,0.059515619353766876,0.8298207115007125,0.06293826349638214,True,False,downsampled 20 cells
6,shared,0.09489523646563224,0.09489523646563224,0.09489523646563224,0.7704630223387247,0.1105020904630091,0.7634703360196846,0.7634703360196846,0.8284661700125854,0.06134159102832877,True,True,downsampled 20 cells
6,independent,0.06026506352031236,0.06026506352031236,0.06026506352031236,0.05529821024901263,0.06552066087261293,0.059071609908122234,0.059071609908122234,0.8284661700125854,0.06134159102832877,True,True,downsampled 20 cells
7,shared,0.13553606565055054,0.13553606565055054,0.1355360656505505,0.7826724839144864,0.17786434433925535,0.7783866092364712,0.13553606565055054,0.8297630723848151,0.06506643618164343,True,False,downsampled 20 cells
7,independent,0.13876696038421268,0.13876696038421268,0.13876696038421268,0.058160003661581625,0.12921690205779923,0.06746550056321796,0.13876696038421268,0.8297630723848151,0.06506643618164343,True,False,downsampled 20 cells
7,shared,0.13349542404048542,0.13349542404048542,0.13349542404048542,0.7826482326382347,0.17019443448827057,0.7776323341034369,0.13349542404048542,0.8286364492827556,0.0658718207495082,True,False,downsampled 20 cells
7,independent,0.13581342422953227,0.13581342422953227,0.13581342422953224,0.05802685218466744,0.12576139968172398,0.06711676092218094,0.13581342422953227,0.8286364492827556,0.0658718207495082,True,False,downsampled 20 cells
7,shared,0.1346040937823791,0.1346040937823791,0.1346040937823791,0.7828706330940236,0.18061045863082642,0.7778003561991678,0.1346040937823791,0.8299372728400527,0.0672348951588802,True,False,downsampled 20 cells
7,independent,0.13792983078897383,0.13792983078897386,0.13792983078897386,0.05854708858971589,0.12738216099900582,0.06771351070782294,0.13792983078897386,0.8299372728400527,0.0672348951588802,True,False,downsampled 20 cells
7,shared,0.13636625310041656,0.13636625310041656,0.13636625310041656,0.7791300364457976,0.1766232978876275,0.7749390098599226,0.13636625310041656,0.83094527829075,0.06323628767378496,True,False,downsampled 20 cells
7,independent,0.14009929061493573,0.14009929061493573,0.14009929061493573,0.06460667797464478,0.14029198317323388,0.07403418625365692,0.14009929061493573,0.83094527829075,0.06323628767378496,True,False,downsampled 20 cells
7,shared,0.1359112151225907,0.1359112151225907,0.1359112151225907,0.7803103484528239,0.17088296885942847,0.7764007781751481,0.1359112151225907,0.8288629937685867,0.06137957950664187,True,False,downsampled 20 cells
7,independent,0.13939593521454754,0.13939593521454754,0.13939593521454754,0.056809001418305784,0.13228588687690312,0.06627092549012531,0.13939593521454754,0.8288629937685867,0.06137957950664187,True,False,downsampled 20 cells
7,shared,0.1357556341355564,0.1357556341355564,0.13575563413555639,0.7835671194054651,0.1737500224745668,0.778719628896239,0.1357556341355564,0.8283677112189275,0.06676097207207551,True,False,downsampled 20 cells
7,independent,0.13841558784311805,0.13841558784311805,0.13841558784311805,0.06236034432051303,0.13312267270648462,0.07180633880752921,0.13841558784311805,0.8283677112189275,0.06676097207207551,True,False,downsampled 20 cells
7,shared,0.13556526218538217,0.1355652621853822,0.1355652621853822,0.7820312189027232,0.17579538138137707,0.777547884775686,0.13556526218538217,0.8282409391720269,0.06506425341503143,True,False,downsampled 20 cells
7,independent,0.1386547621808203,0.1386547621808203,0.1386547621808203,0.04823648584445844,0.12226399563003369,0.0576180678951041,0.1386547621808203,0.8282409391720269,0.06506425341503143,True,False,downsampled 20 cells
7,shared,0.13704786124380972,0.13704786124380972,0.13704786124380972,0.7800418495484497,0.16965582715312236,0.7760865490297209,0.13704786124380972,0.8297503308552259,0.061272017991870015,True,False,downsampled 20 cells
7,independent,0.14033681684286908,0.14033681684286908,0.14033681684286908,0.06068714808753398,0.13635969691520353,0.07017305241548664,0.14033681684286908,0.8297503308552259,0.061272017991870015,True,False,downsampled 20 cells
7,shared,0.1330265182964244,0.1330265182964244,0.1330265182964244,0.7804284225465313,0.17147683294396374,0.7758188468713756,0.1330265182964244,0.8270963692525598,0.06424212018279084,True,False,downsampled 20 cells
7,independent,0.1359593373865611,0.13595933738656107,0.1359593373865611,0.054413926562417524,0.12331796473133436,0.06356685414721162,0.1359593373865611,0.8270963692525598,0.06424212018279084,True,False,downsampled 20 cells
7,shared,0.1328482988577421,0.1328482988577421,0.1328482988577421,0.7802104261484093,0.16845669820487097,0.7754519407918062,0.1328482988577421,0.8271501709430658,0.06373389718516162,True,False,downsampled 20 cells
7,independent,0.13542410619781756,0.13542410619781753,0.13542410619781756,0.05699131307017831,0.1298387584799403,0.06631189804359026,0.13542410619781756,0.8271501709430658,0.06373389718516162,True,False,downsampled 20 cells
7,shared,0.13658063350776448,0.13658063350776448,0.13658063350776448,0.7823443344099796,0.1763468400532841,0.7775539209589118,0.13658063350776448,0.8266622373325037,0.0658614000492337,True,False,downsampled 20 cells
7,independent,0.13978168719966497,0.13978168719966497,0.13978168719966497,0.05331863451408783,0.12114823758071147,0.06274004068419824,0.13978168719966497,0.8266622373325037,0.0658614000492337,True,False,downsampled 20 cells
7,shared,0.13399383705210263,0.1339938370521026,0.13399383705210263,0.7836381767013744,0.17693687796762872,0.778259658938728,0.13399383705210263,0.8281113603662538,0.06718277358292356,True,False,downsampled 20 cells
7,independent,0.13735476471908883,0.13735476471908883,0.13735476471908883,0.05983432987447331,0.12415365389422886,0.06893535628451018,0.13735476471908883,0.8281113603662538,0.06718277358292356,True,False,downsampled 20 cells
8,shared,0.09685726284507395,0.09685726284507395,0.09685726284507395,0.7678414674755698,0.1290750699394514,0.7609403646611826,0.09685726284507395,0.8173340996832994,0.07866207148114165,True,False,downsampled 20 cells
8,independent,0.07262268174886227,0.07262268174886227,0.07262268174886227,0.04637630559866469,0.09926337954005243,0.05287620411871071,0.07262268174886227,0.8173340996832994,0.07866207148114165,True,False,downsampled 20 cells
8,shared,0.09644986076289254,0.09644986076289254,0.09644986076289254,0.7727118099441279,0.12641244211826475,0.7658359887846045,0.09644986076289254,0.8179323935906389,0.07524443398539524,True,False,downsampled 20 cells
8,independent,0.07152005674421652,0.07152005674421652,0.07152005674421652,0.04157157446861335,0.09935659123504716,0.04801676015047469,0.07152005674421652,0.8179323935906389,0.07524443398539524,True,False,downsampled 20 cells
8,shared,0.09551522304742842,0.09551522304742842,0.09551522304742842,0.771047390542155,0.13343219078045726,0.7635847556861909,0.09551522304742842,0.8204609783748321,0.07298548548144586,True,False,downsampled 20 cells
8,independent,0.0707535530923294,0.07075355309232939,0.07075355309232939,0.04192832168563071,0.08610514553286577,0.047619197289168136,0.07075355309232939,0.8204609783748321,0.07298548548144586,True,False,downsampled 20 cells
8,shared,0.09741585282971625,0.09741585282971625,0.09741585282971625,0.7696668238664356,0.13021156627875102,0.7625234490509829,0.09741585282971625,0.817889714511101,0.07414550640704196,True,False,downsampled 20 cells
8,independent,0.07254198122944357,0.07254198122944355,0.07254198122944355,0.0482009967494151,0.09751783803427343,0.054583655014075326,0.07254198122944355,0.817889714511101,0.07414550640704196,True,False,downsampled 20 cells
8,shared,0.09879257086413186,0.09879257086413186,0.09879257086413186,0.7717591462993204,0.13697936031815017,0.764021547834743,0.09879257086413186,0.816518577975554,0.07503417184276445,True,False,downsampled 20 cells
8,independent,0.07458458970406613,0.07458458970406613,0.07458458970406613,0.03763648825758631,0.09052218678687682,0.044082254535272786,0.07458458970406613,0.816518577975554,0.07503417184276445,True,False,downsampled 20 cells
8,shared,0.09814895692298684,0.09814895692298684,0.09814895692298684,0.7718435863189611,0.13258763264408702,0.7646059749957465,0.09814895692298684,0.8181688924304571,0.07573498077162434,True,False,downsampled 20 cells
8,independent,0.07375459151889523,0.07375459151889523,0.07375459151889523,0.04256354453015673,0.09726161934068077,0.049000103971625006,0.07375459151889523,0.8181688924304571,0.07573498077162434,True,False,downsampled 20 cells
8,shared,0.09664253777538899,0.096642537775389,0.09664253777538899,0.760157525018325,0.11558657218892517,0.752727907560917,0.09664253777538899,0.8136139240874751,0.07967477726371587,True,False,downsampled 20 cells
8,independent,0.07255403251931843,0.07255403251931843,0.07255403251931841,0.048340339096729065,0.10936814182894349,0.055524729491773665,0.07255403251931841,0.8136139240874751,0.07967477726371587,True,False,downsampled 20 cells
8,shared,0.09702601299103676,0.09702601299103676,0.09702601299103676,0.7690205489794074,0.13093233249728584,0.7618606400200131,0.09702601299103676,0.821874469518419,0.07353382112082502,True,False,downsampled 20 cells
8,independent,0.07094661812339229,0.07094661812339229,0.07094661812339229,0.02914440068738056,0.09097738666549099,0.03530564663474061,0.07094661812339229,0.821874469518419,0.07353382112082502,True,False,downsampled 20 cells
8,shared,0.09761476739131798,0.09761476739131796,0.09761476739131796,0.7681114721316376,0.13167933809811105,0.7613747153994915,0.09761476739131798,0.81884231911595,0.08236985841476578,True,False,downsampled 20 cells
8,independent,0.0734116250915921,0.0734116250915921,0.0734116250915921,0.039194778656529185,0.0997544881709556,0.04591943567159778,0.0734116250915921,0.81884231911595,0.08236985841476578,True,False,downsampled 20 cells
8,shared,0.09669660848123758,0.09669660848123761,0.09669660848123761,0.7681849400250831,0.12960957861768027,0.7606159581722097,0.09669660848123761,0.8163804022191601,0.07338887929305858,True,False,downsampled 20 cells
8,independent,0.07142837007857686,0.07142837007857686,0.07142837007857686,0.05274391790101479,0.09433732130169066,0.05881863787732426,0.07142837007857686,0.8163804022191601,0.07338887929305858,True,False,downsampled 20 cells
8,shared,0.09797874510851186,0.09797874510851186,0.09797874510851186,0.7683210911840932,0.12352199216490922,0.7612102086276874,0.09797874510851186,0.8155034583698215,0.07629658938739078,True,False,downsampled 20 cells
8,independent,0.07374582573198665,0.07374582573198665,0.07374582573198664,0.039960175395897225,0.10201677958453559,0.04677683676947183,0.07374582573198665,0.8155034583698215,0.07629658938739078,True,False,downsampled 20 cells
8,shared,0.09632698559730112,0.09632698559730112,0.09632698559730112,0.7679375844549234,0.12726669425561574,0.7607943452388481,0.09632698559730112,0.8153512442390374,0.08204233219184873,True,False,downsampled 20 cells
8,independent,0.07076987662725427,0.07076987662725427,0.07076987662725427,0.04625111931977368,0.10169091576059182,0.0529183808001585,0.07076987662725427,0.8153512442390374,0.08204233219184873,True,False,downsampled 20 cells
9,shared,0.1307940380928665,0.13079403809286652,0.13079403809286652,0.7887552841833085,0.14802859803083113,0.7836279654926009,0.1307940380928665,0.82988081929818,0.059491455529943435,True,False,downsampled 20 cells
9,independent,0.12187084361866879,0.12187084361866879,0.12187084361866879,0.06718214706390252,0.1272785315395418,0.07513783088681951,0.1218708436186688,0.82988081929818,0.059491455529943435,True,False,downsampled 20 cells
9,shared,0.1332311694249263,0.1332311694249263,0.1332311694249263,0.7878233859231515,0.1498293530275149,0.7827365824319441,0.1332311694249263,0.8282138970796236,0.05866234421886157,True,False,downsampled 20 cells
9,independent,0.12379237848148282,0.12379237848148282,0.12379237848148285,0.06272249625094313,0.1293934733539018,0.07105486830318211,0.12379237848148282,0.8282138970796236,0.05866234421886157,True,False,downsampled 20 cells
9,shared,0.13290949134981744,0.13290949134981747,0.13290949134981744,0.787238409191389,0.14626937697700032,0.781971375380968,0.13290949134981747,0.827633192908054,0.059486904721499714,True,False,downsampled 20 cells
9,independent,0.1226478569269564,0.1226478569269564,0.12264785692695637,0.06436877972193948,0.12681302539934938,0.07257540751301597,0.12264785692695637,0.827633192908054,0.059486904721499714,True,False,downsampled 20 cells
9,shared,0.13173827819505793,0.13173827819505793,0.1317382781950579,0.7882471847129514,0.15316170135303794,0.7823245645624477,0.13173827819505793,0.8275968347456826,0.06274138238114607,True,False,downsampled 20 cells
9,independent,0.12223102383272907,0.12223102383272907,0.12223102383272907,0.07195448488226348,0.12978321971573892,0.08013419941288152,0.12223102383272907,0.8275968347456826,0.06274138238114607,True,False,downsampled 20 cells
9,shared,0.13224765985452666,0.13224765985452666,0.13224765985452666,0.7891706041979525,0.15560423240786087,0.7832459494643887,0.13224765985452666,0.8288988749989759,0.06380355058532462,True,False,downsampled 20 cells
9,independent,0.12226549855395723,0.1222654985539572,0.1222654985539572,0.05925937015387374,0.12727055569252108,0.06755395117415106,0.1222654985539572,0.8288988749989759,0.06380355058532462,True,False,downsampled 20 cells
9,shared,0.13271839850466838,0.13271839850466838,0.13271839850466838,0.7826040923841111,0.13875428059247064,0.7780312992041499,0.13271839850466838,0.8272682550410667,0.05821014628485305,True,False,downsampled 20 cells
9,independent,0.12333448592575096,0.12333448592575096,0.12333448592575096,0.05939147939834268,0.12213682898514616,0.06762508119993144,0.12333448592575096,0.8272682550410667,0.05821014628485305,True,False,downsampled 20 cells
9,shared,0.13250176435951608,0.13250176435951608,0.13250176435951608,0.7852373073649317,0.14147781982493227,0.7806544874931748,0.13250176435951608,0.8268708912853195,0.05919032926337557,True,False,downsampled 20 cells
9,independent,0.12222252413104855,0.12222252413104855,0.12222252413104857,0.05484407961122603,0.1240684510577581,0.06322037524657258,0.12222252413104855,0.8268708912853195,0.05919032926337557,True,False,downsampled 20 cells
9,shared,0.13197230218988695,0.13197230218988695,0.13197230218988695,0.7877739285092344,0.15292720532271667,0.7819973947589094,0.13197230218988695,0.8282365471074744,0.06152890208987219,True,False,downsampled 20 cells
9,independent,0.12217560426201994,0.12217560426201994,0.12217560426201994,0.06446089438231238,0.12864589178321395,0.07265829172993199,0.12217560426201994,0.8282365471074744,0.06152890208987219,True,False,downsampled 20 cells
9,shared,0.13157717179399622,0.13157717179399625,0.13157717179399622,0.788697621467334,0.14833229191524075,0.7833223641191811,0.13157717179399622,0.8275392205406603,0.06004314707472477,True,False,downsampled 20 cells
9,independent,0.12224724025354085,0.12224724025354085,0.12224724025354085,0.06815197111502502,0.1298291455484649,0.07637060847606687,0.12224724025354088,0.8275392205406603,0.06004314707472477,True,False,downsampled 20 cells
9,shared,0.13356358729447246,0.13356358729447246,0.13356358729447246,0.7863986877498274,0.1563517629997864,0.7806598639386317,0.13356358729447249,0.8283576135654522,0.06359332793687833,True,False,downsampled 20 cells
9,independent,0.1245772612325041,0.1245772612325041,0.12457726123250411,0.0720360298826488,0.13251865789496825,0.08040791990946121,0.12457726123250407,0.8283576135654522,0.06359332793687833,True,False,downsampled 20 cells
9,shared,0.133172895859537,0.133172895859537,0.133172895859537,0.7869886980862298,0.14765772175372424,0.7820563124885436,0.133172895859537,0.8268406918978493,0.05964688056579767,True,False,downsampled 20 cells
9,independent,0.12434324184649376,0.12434324184649376,0.12434324184649376,0.059424024601419115,0.13006805675130836,0.06801159629963764,0.12434324184649376,0.8268406918978493,0.05964688056579767,True,False,downsampled 20 cells
9,shared,0.13235500137087813,0.13235500137087816,0.13235500137087816,0.7880389746022183,0.14809989650207428,0.7827500620860077,0.13235500137087813,0.8267919626230825,0.059978473882780145,True,False,downsampled 20 cells
9,independent,0.12347274454023136,0.12347274454023136,0.12347274454023136,0.067633612551793,0.1296525485567317,0.07596313274382711,0.12347274454023136,0.8267919626230825,0.059978473882780145,True,False,downsampled 20 cells
10,shared,0.12283232993137085,0.12283232993137085,0.12283232993137087,0.7701580071183837,0.13543838721918305,0.7638336327894459,0.12283232993137087,0.8233957368331073,0.06362962182909543,True,False,downsampled 20 cells
10,independent,0.11435886526980871,0.11435886526980871,0.11435886526980871,0.08534823964445823,0.10062580351253377,0.09217251552360275,0.11435886526980871,0.8233957368331073,0.06362962182909543,True,False,downsampled 20 cells
10,shared,0.12686194430921308,0.12686194430921308,0.12686194430921308,0.7657981997958687,0.13271041491201227,0.7595923692757568,0.1268619443092131,0.8177921826001906,0.06346803428445393,True,False,downsampled 20 cells
10,independent,0.11841781749554421,0.11841781749554421,0.11841781749554423,0.07494295727822281,0.10491268352493184,0.08279112234379511,0.11841781749554421,0.8177921826001906,0.06346803428445393,True,False,downsampled 20 cells
10,shared,0.12474820330378522,0.12474820330378525,0.12474820330378525,0.7689761914526098,0.13742625565130337,0.7631585102182946,0.12474820330378522,0.8224016239974711,0.06085137752394043,True,False,downsampled 20 cells
10,independent,0.11609697405301812,0.11609697405301812,0.11609697405301812,0.07989124163850954,0.11118696659949592,0.08740058015501234,0.11609697405301812,0.8224016239974711,0.06085137752394043,True,False,downsampled 20 cells
10,shared,0.12631209107161454,0.12631209107161454,0.12631209107161454,0.7647013026340453,0.12126723186831585,0.7595646689445268,0.12631209107161454,0.8200837805968707,0.06145276816177968,True,False,downsampled 20 cells
10,independent,0.11781053410809805,0.11781053410809807,0.11781053410809805,0.08051377967656187,0.11000671697568343,0.08832150232762825,0.11781053410809805,0.8200837805968707,0.06145276816177968,True,False,downsampled 20 cells
10,shared,0.12567580674654139,0.12567580674654139,0.12567580674654139,0.7670206400653147,0.13139772821505952,0.7607089635818032,0.12567580674654139,0.8199323026829997,0.059939549276454895,True,False,downsampled 20 cells
10,independent,0.11745021879557847,0.1174502187955785,0.1174502187955785,0.0918787739357703,0.11880755032176805,0.09955551590367151,0.1174502187955785,0.8199323026829997,0.059939549276454895,True,False,downsampled 20 cells
10,shared,0.12759994920261525,0.12759994920261525,0.12759994920261525,0.767739467283609,0.1339710502265501,0.7618927025411354,0.12759994920261525,0.8193705254417869,0.06161541179222607,True,False,downsampled 20 cells
10,independent,0.1197700894172191,0.1197700894172191,0.1197700894172191,0.09161087203380229,0.1171088373497338,0.0994325549158743,0.1197700894172191,0.8193705254417869,0.06161541179222607,True,False,downsampled 20 cells
10,shared,0.12513996746155884,0.12513996746155884,0.1251399674615588,0.7667343980793122,0.12221697908815814,0.7619572656451872,0.12513996746155884,0.8235788064431232,0.06221552520816692,True,False,downsampled 20 cells
10,independent,0.11700437660403414,0.11700437660403414,0.11700437660403414,0.08006170512968513,0.107454336139205,0.08750315192408814,0.11700437660403414,0.8235788064431232,0.06221552520816692,True,False,downsampled 20 cells
10,shared,0.12478355576981308,0.12478355576981308,0.12478355576981308,0.7702608274639923,0.14360545096164923,0.7634202817355666,0.12478355576981308,0.8229315713088072,0.06339230101233037,True,False,downsampled 20 cells
10,independent,0.11700956494819326,0.11700956494819327,0.11700956494819327,0.09599416164440192,0.11513456075628827,0.10317812725965403,0.11700956494819326,0.8229315713088072,0.06339230101233037,True,False,downsampled 20 cells
10,shared,0.12680245995836123,0.12680245995836123,0.1268024599583612,0.7649928631389659,0.12430226832206431,0.7597157366098098,0.12680245995836123,0.8188696308212899,0.06639148364481305,True,False,downsampled 20 cells
10,independent,0.11878671746325922,0.11878671746325922,0.11878671746325922,0.0858273951207364,0.09991350563177975,0.09333112655563959,0.11878671746325922,0.8188696308212899,0.06639148364481305,True,False,downsampled 20 cells
10,shared,0.12179822551534918,0.12179822551534918,0.12179822551534918,0.7665481522101605,0.13551411558051524,0.7591478086999502,0.12179822551534916,0.8189863462671951,0.06281907744608708,True,False,downsampled 20 cells
10,independent,0.11320139251592586,0.11320139251592588,0.11320139251592586,0.08302511113238073,0.10552831487037045,0.09029721452981025,0.11320139251592586,0.8189863462671951,0.06281907744608708,True,False,downsampled 20 cells
10,shared,0.12714716445927327,0.12714716445927327,0.12714716445927327,0.7665706271891763,0.13423247392565768,0.7607505118679824,0.12714716445927327,0.8200719508773817,0.0632785225827366,True,False,downsampled 20 cells
10,independent,0.11881613764566762,0.11881613764566762,0.11881613764566762,0.08915188699687954,0.11096841400555217,0.09671746170870668,0.11881613764566762,0.8200719508773817,0.0632785225827366,True,False,downsampled 20 cells
10,shared,0.12493042652497195,0.12493042652497195,0.12493042652497195,0.7688130358070334,0.13551908547321243,0.7625513359740271,0.12493042652497195,0.8198639534985525,0.06270913496984437,True,False,downsampled 20 cells
10,independent,0.11694974174376631,0.11694974174376631,0.11694974174376631,0.08733226512716555,0.11629026386252661,0.09498983940383875,0.11694974174376634,0.8198639534985525,0.06270913496984437,True,False,downsampled 20 cells
11,shared,0.11791785915007719,0.11791785915007719,0.11791785915007719,0.7728995988221922,0.12123318420390441,0.7676766588491484,0.11791785915007719,0.8295888753564082,0.057462904357980384,True,False,downsampled 20 cells
11,independent,0.11054437238537859,0.11054437238537859,0.11054437238537859,0.043574189938949764,0.11490904917797949,0.05117672177372023,0.11054437238537859,0.8295888753564082,0.057462904357980384,True,False,downsampled 20 cells
11,shared,0.11675233887492464,0.11675233887492464,0.11675233887492464,0.774389575424033,0.1251794295179894,0.7683992785489431,0.11675233887492464,0.8270814933921309,0.05934144283503845,True,False,downsampled 20 cells
11,independent,0.11032271980218983,0.11032271980218983,0.11032271980218983,0.03649841024886801,0.0913554522952724,0.043790865418836956,0.11032271980218983,0.8270814933921309,0.05934144283503845,True,False,downsampled 20 cells
11,shared,0.11629674272463326,0.11629674272463326,0.11629674272463326,0.7757140072558694,0.13693851438983295,0.7697307986144087,0.11629674272463325,0.8322026712611259,0.06086447652408514,True,False,downsampled 20 cells
11,independent,0.10847347221583852,0.10847347221583852,0.10847347221583852,0.032366302660209505,0.08522061345210467,0.03917020524355633,0.10847347221583852,0.8322026712611259,0.06086447652408514,True,False,downsampled 20 cells
11,shared,0.11604987557193204,0.11604987557193205,0.11604987557193204,0.7764968117516584,0.13049500126468927,0.7708756702825561,0.11604987557193204,0.8304487277754536,0.058268944632623915,True,False,downsampled 20 cells
11,independent,0.10924977949240057,0.10924977949240057,0.10924977949240057,0.04158494511094013,0.10272387127218113,0.0488290929606282,0.10924977949240057,0.8304487277754536,0.058268944632623915,True,False,downsampled 20 cells
11,shared,0.11552765695385352,0.11552765695385352,0.11552765695385352,0.7730030361486762,0.13082957795074981,0.7675888697821691,0.11552765695385349,0.8302297027567418,0.05912596425618653,True,False,downsampled 20 cells
11,independent,0.10963935136807296,0.10963935136807296,0.10963935136807293,0.027305705127639097,0.08821366156078153,0.034466477660119246,0.10963935136807296,0.8302297027567418,0.05912596425618653,True,False,downsampled 20 cells
11,shared,0.1174839496371203,0.1174839496371203,0.1174839496371203,0.7740171106955908,0.12904334397778228,0.7686438877198348,0.1174839496371203,0.8283023922826913,0.05915927333319149,True,False,downsampled 20 cells
11,independent,0.11002523044682065,0.11002523044682065,0.11002523044682064,0.04675049870589788,0.09940762021942467,0.05400827823285764,0.11002523044682065,0.8283023922826913,0.05915927333319149,True,False,downsampled 20 cells
11,shared,0.11348031936516426,0.11348031936516426,0.11348031936516426,0.778090236624613,0.13381126525002196,0.7722100748539313,0.11348031936516426,0.8308247946945673,0.06207377045121845,True,False,downsampled 20 cells
11,independent,0.10662225894961581,0.10662225894961579,0.10662225894961581,0.03773414405936771,0.103276137222497,0.04491495818461198,0.10662225894961581,0.8308247946945673,0.06207377045121845,True,False,downsampled 20 cells
11,shared,0.11446674834467364,0.11446674834467364,0.11446674834467364,0.7768559829445625,0.12693872189971783,0.77170667916408,0.11446674834467364,0.8323203148447933,0.05700964049036916,True,False,downsampled 20 cells
11,independent,0.10757651092786157,0.10757651092786157,0.10757651092786157,0.03751295887100303,0.10224738583639983,0.04458384839580242,0.10757651092786157,0.8323203148447933,0.05700964049036916,True,False,downsampled 20 cells
11,shared,0.11728556673835237,0.11728556673835237,0.11728556673835237,0.7753074269640958,0.1349222311877317,0.7694741849515593,0.11728556673835237,0.8298502894294308,0.0598686959480442,True,False,downsampled 20 cells
11,independent,0.11023003495126514,0.11023003495126509,0.11023003495126514,0.049241653101947135,0.10650265150101616,0.056513420203071464,0.11023003495126514,0.8298502894294308,0.0598686959480442,True,False,downsampled 20 cells
11,shared,0.1176768616863874,0.1176768616863874,0.1176768616863874,0.7773519722652092,0.13235548975793734,0.7718080108037526,0.1176768616863874,0.8304483082705938,0.05816437437010774,True,False,downsampled 20 cells
11,independent,0.109361828119483,0.109361828119483,0.109361828119483,0.043199967907311905,0.09968375350725267,0.05031938819412404,0.109361828119483,0.8304483082705938,0.05816437437010774,True,False,downsampled 20 cells
11,shared,0.11421228151254242,0.11421228151254242,0.11421228151254242,0.7756247539710206,0.1272293985375524,0.7695723593346028,0.11421228151254242,0.8305418244098787,0.05893863460593335,True,False,downsampled 20 cells
11,independent,0.10783086697822561,0.10783086697822561,0.10783086697822561,0.05126103094338779,0.11380436273724348,0.0584655047001938,0.10783086697822561,0.8305418244098787,0.05893863460593335,True,False,downsampled 20 cells
11,shared,0.11661422602139551,0.11661422602139553,0.11661422602139553,0.7758362941004613,0.13318184695414725,0.7701963444336236,0.11661422602139553,0.8300925383838557,0.06019357280570885,True,False,downsampled 20 cells
11,independent,0.10907505628625475,0.10907505628625475,0.10907505628625477,0.04692574865004732,0.09262336624859172,0.053843883567973386,0.10907505628625475,0.8300925383838557,0.06019357280570885,True,False,downsampled 20 cells
12,shared,0.07631852639202824,0.07631852639202824,0.07631852639202824,0.7704879702610965,0.12594779350129695,0.7642508111429482,0.07631852639202824,0.8260738672068764,0.07556447855300001,True,False,downsampled 20 cells
12,independent,0.11365925986064128,0.1136592598606413,0.1136592598606413,0.034775416308274874,0.11189554103515337,0.0433593164427879,0.1136592598606413,0.8260738672068764,0.07556447855300001,True,False,downsampled 20 cells
12,shared,0.07809864124535,0.07809864124535001,0.07809864124535,0.7709849534088744,0.13063025522415012,0.76581204115094,0.07809864124535001,0.8283928830937964,0.08024194425841674,True,False,downsampled 20 cells
12,independent,0.11452487219421172,0.11452487219421173,0.11452487219421173,0.029685639810810405,0.10230748373957384,0.03799138003013597,0.11452487219421173,0.8283928830937964,0.08024194425841674,True,False,downsampled 20 cells
12,shared,0.07660205538286881,0.07660205538286882,0.07660205538286882,0.76996004411098,0.12444344648066676,0.7649757739689709,0.07660205538286881,0.8304544569096084,0.07534002973004614,True,False,downsampled 20 cells
12,independent,0.11460631689268033,0.11460631689268033,0.11460631689268033,0.034068668609703215,0.1068260435831655,0.04223573756023782,0.11460631689268033,0.8304544569096084,0.07534002973004614,True,False,downsampled 20 cells
12,shared,0.07657534648224455,0.07657534648224457,0.07657534648224457,0.7707266017491884,0.12887096249599475,0.7651815059858887,0.07657534648224455,0.8307425438290136,0.07415125532219496,True,False,downsampled 20 cells
12,independent,0.1134559274882359,0.1134559274882359,0.1134559274882359,0.03849165475860851,0.10440124089234798,0.04642097543722247,0.1134559274882359,0.8307425438290136,0.07415125532219496,True,False,downsampled 20 cells
12,shared,0.07554296790618369,0.07554296790618369,0.07554296790618369,0.7707116516429047,0.12940156009811962,0.7646845806710507,0.07554296790618369,0.8290148848385697,0.07468256435343866,True,False,downsampled 20 cells
12,independent,0.11255236571266813,0.11255236571266813,0.11255236571266816,0.043386040921159136,0.1079658251897539,0.05138945393231701,0.11255236571266813,0.8290148848385697,0.07468256435343866,True,False,downsampled 20 cells
12,shared,0.07712325323179994,0.07712325323179994,0.07712325323179994,0.7696444465512221,0.1282318560212528,0.7643327929946778,0.07712325323179994,0.8297792574734986,0.0769368583964749,True,False,downsampled 20 cells
12,independent,0.11331910367353192,0.11331910367353192,0.11331910367353192,0.026170731887002554,0.09827010074100552,0.03413909227494818,0.11331910367353192,0.8297792574734986,0.0769368583964749,True,False,downsampled 20 cells
12,shared,0.07758411590395368,0.07758411590395368,0.07758411590395368,0.7710120234759285,0.12698226305370297,0.7652629039081393,0.07758411590395368,0.8296943179395546,0.0728376847792108,True,False,downsampled 20 cells
12,independent,0.11381345576485234,0.11381345576485234,0.11381345576485233,0.04374615792143413,0.11542509493167785,0.05201548755746479,0.11381345576485234,0.8296943179395546,0.0728376847792108,True,False,downsampled 20 cells
12,shared,0.07616122778802512,0.07616122778802512,0.07616122778802512,0.7707374949374884,0.12764724265612207,0.7643621099931797,0.07616122778802512,0.829473054068602,0.07054388100505957,True,False,downsampled 20 cells
12,independent,0.11238186921608807,0.1123818692160881,0.1123818692160881,0.0373441391147881,0.1104274443673665,0.04550578882989407,0.11238186921608807,0.829473054068602,0.07054388100505957,True,False,downsampled 20 cells
12,shared,0.07579825422687614,0.07579825422687614,0.07579825422687614,0.7705293720008507,0.12495309480752302,0.7645195619354548,0.07579825422687614,0.8278759623205134,0.0721279789697294,True,False,downsampled 20 cells
12,independent,0.11061683809762331,0.11061683809762331,0.11061683809762331,0.035789929481723305,0.11127438981685607,0.04399848370034559,0.11061683809762331,0.8278759623205134,0.0721279789697294,True,False,downsampled 20 cells
12,shared,0.07762912496481793,0.07762912496481793,0.07762912496481793,0.7690229128664073,0.12393248010008856,0.7631918816173863,0.07762912496481791,0.828443991915429,0.07226133249518395,True,False,downsampled 20 cells
12,independent,0.1129738081319933,0.1129738081319933,0.1129738081319933,0.035662387364615925,0.11846790360547077,0.04419832700026175,0.1129738081319933,0.828443991915429,0.07226133249518395,True,False,downsampled 20 cells
12,shared,0.07770338441928822,0.07770338441928822,0.07770338441928823,0.7726944518556222,0.13257492086391723,0.767203730371016,0.07770338441928822,0.8293884146972055,0.07673553450557458,True,False,downsampled 20 cells
12,independent,0.11364338812067624,0.11364338812067626,0.11364338812067622,0.03541723071921493,0.10526837914848279,0.043552981325634434,0.11364338812067622,0.8293884146972055,0.07673553450557458,True,False,downsampled 20 cells
12,shared,0.07725006715253209,0.0772500671525321,0.07725006715253209,0.7700956413062005,0.12826953646638695,0.7645900934216704,0.07725006715253209,0.8308738878344593,0.07260879894628507,True,False,downsampled 20 cells
12,independent,0.1128791193209835,0.1128791193209835,0.1128791193209835,0.031248794025387473,0.10512627794029514,0.0392451013711439,0.1128791193209835,0.8308738878344593,0.07260879894628507,True,False,downsampled 20 cells
13,shared,0.10689179167025466,0.10689179167025466,0.10689179167025466,0.7603641008918156,0.13680752816169353,0.7521238117298256,0.7521238117298256,0.804749420044361,0.08072100024074842,True,True,downsampled 20 cells
13,independent,0.05634222596942366,0.05634222596942366,0.05634222596942367,0.0780873823320693,0.13921812196911715,0.08523762901743055,0.08523762901743055,0.804749420044361,0.08072100024074842,True,True,downsampled 20 cells
13,shared,0.1072714979702808,0.1072714979702808,0.10727149797028078,0.7596710139427209,0.13705887236267456,0.7513599986012758,0.10727149797028078,0.8024102974822771,0.07623522988514292,True,False,downsampled 20 cells
13,independent,0.05593279334088857,0.05593279334088857,0.05593279334088856,0.07060516314253502,0.12489511212905273,0.07713354265268178,0.05593279334088856,0.8024102974822771,0.07623522988514292,True,False,downsampled 20 cells
13,shared,0.10787241408511601,0.10787241408511601,0.107872414085116,0.7596059817581515,0.13581716977701458,0.7515759376804586,0.7515759376804586,0.8026887006315054,0.07486683401064059,True,True,downsampled 20 cells
13,independent,0.055610101812840346,0.055610101812840346,0.055610101812840346,0.07066050308076559,0.12359887162307248,0.07707030596667798,0.07707030596667798,0.8026887006315054,0.07486683401064059,True,True,downsampled 20 cells
13,shared,0.10511668459986132,0.10511668459986132,0.10511668459986132,0.7601561177346138,0.13000681545918563,0.7513689807972682,0.10511668459986132,0.8006040186407485,0.07443645326293548,True,False,downsampled 20 cells
13,independent,0.055311567256801676,0.05531156725680167,0.05531156725680169,0.06463093564678411,0.11869051321407369,0.07100121132509415,0.05531156725680169,0.8006040186407485,0.07443645326293548,True,False,downsampled 20 cells
13,shared,0.1079336789725384,0.1079336789725384,0.1079336789725384,0.762308393609793,0.14123883338526091,0.7538250362164621,0.7538250362164621,0.8015085040483387,0.07843436978453527,True,True,downsampled 20 cells
13,independent,0.059093353588098925,0.059093353588098925,0.059093353588098925,0.07126763488362146,0.12402297177933584,0.0781331453614438,0.0781331453614438,0.8015085040483387,0.07843436978453527,True,True,downsampled 20 cells
13,shared,0.10755976582137447,0.10755976582137446,0.10755976582137446,0.7595174069519367,0.13051631729165347,0.7524476119625445,0.7524476119625445,0.8080191543822499,0.08266246411269029,True,True,downsampled 20 cells
13,independent,0.05838618153441605,0.05838618153441605,0.05838618153441605,0.09071427232385117,0.16593970219538595,0.09886596078123909,0.09886596078123909,0.8080191543822499,0.08266246411269029,True,True,downsampled 20 cells
13,shared,0.10828971336306716,0.10828971336306713,0.10828971336306716,0.7603297894204711,0.13820358112186096,0.7515638441493918,0.7515638441493918,0.7995774817090827,0.0767101145563005,True,True,downsampled 20 cells
13,independent,0.05913537821228123,0.05913537821228123,0.05913537821228124,0.064339774571278,0.11995540896797617,0.07116089060031679,0.07116089060031679,0.7995774817090827,0.0767101145563005,True,True,downsampled 20 cells
13,shared,0.10493071313341196,0.10493071313341196,0.10493071313341196,0.7582792066636436,0.12745836574110037,0.7503920265987971,0.7503920265987971,0.8039275553892344,0.07779025161075433,True,True,downsampled 20 cells
13,independent,0.05433736294070081,0.05433736294070081,0.05433736294070081,0.08084020038525151,0.1376860130906574,0.08746713789500186,0.08746713789500186,0.8039275553892344,0.07779025161075433,True,True,downsampled 20 cells
13,shared,0.10744283430123898,0.10744283430123898,0.10744283430123898,0.7606853407718323,0.13932368824617172,0.7526341336150835,0.7526341336150835,0.8034929922728294,0.07879434056171164,True,True,downsampled 20 cells
13,independent,0.05595406353967987,0.05595406353967987,0.05595406353967987,0.07215003421177729,0.12711838470152798,0.07890234603095728,0.07890234603095728,0.8034929922728294,0.07879434056171164,True,True,downsampled 20 cells
13,shared,0.10761891141088552,0.10761891141088552,0.10761891141088552,0.7616910057161936,0.13900014383993514,0.7535449035536765,0.7535449035536765,0.8055375331169458,0.07467862882087307,True,True,downsampled 20 cells
13,independent,0.05677738327735348,0.05677738327735347,0.05677738327735346,0.06576732285472553,0.12128812499917536,0.07217702591542373,0.07217702591542373,0.8055375331169458,0.07467862882087307,True,True,downsampled 20 cells
13,shared,0.10677298750433632,0.10677298750433634,0.10677298750433634,0.7591345702846297,0.13543592421064896,0.7504838174321633,0.7504838174321633,0.8002665592555579,0.08301368167646658,True,True,downsampled 20 cells
13,independent,0.05618095341700289,0.05618095341700289,0.056180953417002896,0.08848426250640368,0.14997332985921974,0.0960794285603596,0.0960794285603596,0.8002665592555579,0.08301368167646658,True,True,downsampled 20 cells
13,shared,0.10705896165111997,0.10705896165111994,0.10705896165111994,0.7591290086928697,0.13213690158007815,0.7510249286922981,0.7510249286922981,0.8042383567670006,0.0712911720417298,True,True,downsampled 20 cells
13,independent,0.05696594757635728,0.05696594757635728,0.05696594757635728,0.056212429336499274,0.11048666172412352,0.062365178090011464,0.062365178090011464,0.8042383567670006,0.0712911720417298,True,True,downsampled 20 cells
14,shared,0.09253953610420466,0.09253953610420466,0.09253953610420466,0.7705248267064837,0.10076337645783731,0.7658061728066367,0.09253953610420466,0.8414633878466009,0.06031408601614398,True,False,downsampled 20 cells
14,independent,0.11462175677563298,0.11462175677563297,0.11462175677563298,0.041363233417472146,0.08362896056121341,0.0475887931338496,0.11462175677563298,0.8414633878466009,0.06031408601614398,True,False,downsampled 20 cells
14,shared,0.09355318906020141,0.0935531890602014,0.0935531890602014,0.7713613733836916,0.10167781281967124,0.7663216557596421,0.0935531890602014,0.8388141386558757,0.05963145525728614,True,False,downsampled 20 cells
14,independent,0.11539164885685539,0.11539164885685539,0.11539164885685536,0.044020717886972406,0.09101127431476366,0.05061892360010296,0.11539164885685539,0.8388141386558757,0.05963145525728614,True,False,downsampled 20 cells
14,shared,0.09230789034485354,0.09230789034485352,0.09230789034485352,0.7704612789037928,0.10030575974291835,0.7658560704719626,0.09230789034485354,0.8406640644664884,0.056269749446290054,True,False,downsampled 20 cells
14,independent,0.11370911164579137,0.11370911164579137,0.11370911164579137,0.04658786922703192,0.0956850188098496,0.0530704850256419,0.11370911164579137,0.8406640644664884,0.056269749446290054,True,False,downsampled 20 cells
14,shared,0.09158220839151919,0.09158220839151919,0.09158220839151919,0.7713543053790617,0.09973595048097855,0.7664179457092645,0.09158220839151919,0.8388970447045128,0.05777310067156492,True,False,downsampled 20 cells
14,independent,0.11331343730697231,0.11331343730697231,0.11331343730697231,0.04109383870059096,0.09253993060008045,0.047688169891610475,0.11331343730697231,0.8388970447045128,0.05777310067156492,True,False,downsampled 20 cells
14,shared,0.09285955909674408,0.09285955909674408,0.09285955909674407,0.7718928901924156,0.10140719027087922,0.7675603167365241,0.09285955909674408,0.8416905411513638,0.056414239230175314,True,False,downsampled 20 cells
14,independent,0.1135280681840252,0.1135280681840252,0.11352806818402518,0.04400462250270492,0.09547609781621098,0.05049170304220419,0.1135280681840252,0.8416905411513638,0.056414239230175314,True,False,downsampled 20 cells
14,shared,0.09334594902089721,0.09334594902089721,0.09334594902089721,0.7703461144244594,0.10087961759878358,0.7659429831019146,0.09334594902089721,0.8411642506148598,0.05572806017663273,True,False,downsampled 20 cells
14,independent,0.11410768169598341,0.11410768169598341,0.11410768169598341,0.04490399535130892,0.09888327164821138,0.051550241951278386,0.11410768169598341,0.8411642506148598,0.05572806017663273,True,False,downsampled 20 cells
14,shared,0.09361529513246082,0.09361529513246082,0.09361529513246082,0.7705481921748254,0.10298918537802797,0.7658323201173011,0.09361529513246082,0.8406067526539474,0.0599092659357994,True,False,downsampled 20 cells
14,independent,0.11462601091482992,0.11462601091482989,0.11462601091482989,0.046474062167282955,0.08861784538721446,0.052838522739017006,0.11462601091482992,0.8406067526539474,0.0599092659357994,True,False,downsampled 20 cells
14,shared,0.0945015115526135,0.0945015115526135,0.0945015115526135,0.7704440672910561,0.1023946601883671,0.7652415418245923,0.0945015115526135,0.8387954021783481,0.059809750823811944,True,False,downsampled 20 cells
14,independent,0.11605444374405875,0.11605444374405875,0.11605444374405875,0.04840769545414191,0.09030533700809355,0.05489754927492891,0.11605444374405875,0.8387954021783481,0.059809750823811944,True,False,downsampled 20 cells
14,shared,0.09198888680713205,0.09198888680713205,0.09198888680713205,0.7713286212839087,0.10027218144633353,0.766312653149755,0.09198888680713205,0.8380797944592497,0.05686559975534236,True,False,downsampled 20 cells
14,independent,0.11363454480867993,0.11363454480867993,0.11363454480867993,0.040625720130131174,0.09461156330080689,0.047364602005352856,0.11363454480867993,0.8380797944592497,0.05686559975534236,True,False,downsampled 20 cells
14,shared,0.09409618693006483,0.09409618693006483,0.09409618693006483,0.7692785825060472,0.0980153170797267,0.764506874303859,0.09409618693006482,0.8395637965205744,0.05791070109158175,True,False,downsampled 20 cells
14,independent,0.11590277522102192,0.11590277522102192,0.11590277522102192,0.039836747619508686,0.09685476128375474,0.046633134720060074,0.11590277522102192,0.8395637965205744,0.05791070109158175,True,False,downsampled 20 cells
14,shared,0.09325662662943449,0.09325662662943449,0.09325662662943449,0.7693909739345568,0.09867117969096435,0.7650104656221348,0.09325662662943449,0.8399741515823173,0.05685410486638452,True,False,downsampled 20 cells
14,independent,0.11437076113359174,0.11437076113359174,0.11437076113359174,0.046138749797861645,0.096594697931382,0.052768415906820736,0.11437076113359172,0.8399741515823173,0.05685410486638452,True,False,downsampled 20 cells
14,shared,0.09389009897348027,0.09389009897348027,0.09389009897348027,0.7712833150434774,0.10159271032206046,0.7662344909913903,0.09389009897348029,0.8390782822924809,0.058358374494601684,True,False,downsampled 20 cells
14,independent,0.11535540875700265,0.11535540875700265,0.11535540875700265,0.03973715351409871,0.09232672117890194,0.046401822172325094,0.11535540875700265,0.8390782822924809,0.058358374494601684,True,False,downsampled 20 cells
